split_id,C,inner_fold,validation_roc_auc,gate,run_mode,selected
0,0.01,0,0.5,gated_alive,full,True
0,0.01,1,0.33333333333333337,gated_alive,full,True
0,0.01,2,0.75,gated_alive,full,True
0,0.1,0,0.5,gated_alive,full,False
0,0.1,1,0.33333333333333337,gated_alive,full,False
0,0.1,2,0.75,gated_alive,full,False
0,1.0,0,0.5,gated_alive,full,False
0,1.0,1,0.33333333333333337,gated_alive,full,False
0,1.0,2,0.75,gated_alive,full,False
1,0.01,0,0.5,gated_alive,full,True
1,0.01,1,0.16666666666666669,gated_alive,full,True
1,0.01,2,1.0,gated_alive,full,True
1,0.1,0,0.5,gated_alive,full,False
1,0.1,1,0.16666666666666669,gated_alive,full,False
1,0.1,2,1.0,gated_alive,full,False
1,1.0,0,0.5,gated_alive,full,False
1,1.0,1,0.16666666666666669,gated_alive,full,False
1,1.0,2,1.0,gated_alive,full,False
2,0.01,0,0.6666666666666666,gated_alive,full,True
2,0.01,1,0.8333333333333334,gated_alive,full,True
2,0.01,2,0.75,gated_alive,full,True
2,0.1,0,0.6666666666666666,gated_alive,full,False
2,0.1,1,0.8333333333333334,gated_alive,full,False
2,0.1,2,0.75,gated_alive,full,False
2,1.0,0,0.6666666666666666,gated_alive,full,False
2,1.0,1,0.8333333333333334,gated_alive,full,False
2,1.0,2,0.75,gated_alive,full,False
3,0.01,0,0.5,gated_alive,full,True
3,0.01,1,0.33333333333333337,gated_alive,full,True
3,0.01,2,0.75,gated_alive,full,True
3,0.1,0,0.5,gated_alive,full,False
3,0.1,1,0.33333333333333337,gated_alive,full,False
3,0.1,2,0.75,gated_alive,full,False
3,1.0,0,0.5,gated_alive,full,False
3,1.0,1,0.33333333333333337,gated_alive,full,False
3,1.0,2,0.75,gated_alive,full,False
4,0.01,0,1.0,gated_alive,full,True
4,0.01,1,1.0,gated_alive,full,True
4,0.01,2,0.75,gated_alive,full,True
4,0.1,0,1.0,gated_alive,full,False
4,0.1,1,1.0,gated_alive,full,False
4,0.1,2,0.75,gated_alive,full,False
4,1.0,0,1.0,gated_alive,full,False
4,1.0,1,1.0,gated_alive,full,False
4,1.0,2,0.75,gated_alive,full,False
5,0.01,0,1.0,gated_alive,full,True
5,0.01,1,0.6666666666666667,gated_alive,full,True
5,0.01,2,0.5,gated_alive,full,True
5,0.1,0,1.0,gated_alive,full,False
5,0.1,1,0.6666666666666667,gated_alive,full,False
5,0.1,2,0.5,gated_alive,full,False
5,1.0,0,1.0,gated_alive,full,False
5,1.0,1,0.6666666666666667,gated_alive,full,False
5,1.0,2,0.5,gated_alive,full,False
6,0.01,0,0.5,gated_alive,full,True
6,0.01,1,0.5,gated_alive,full,True
6,0.01,2,1.0,gated_alive,full,True
6,0.1,0,0.5,gated_alive,full,False
6,0.1,1,0.5,gated_alive,full,False
6,0.1,2,1.0,gated_alive,full,False
6,1.0,0,0.5,gated_alive,full,False
6,1.0,1,0.5,gated_alive,full,False
6,1.0,2,1.0,gated_alive,full,False
7,0.01,0,1.0,gated_alive,full,True
7,0.01,1,0.6666666666666667,gated_alive,full,True
7,0.01,2,0.0,gated_alive,full,True
7,0.1,0,1.0,gated_alive,full,False
7,0.1,1,0.6666666666666667,gated_alive,full,False
7,0.1,2,0.0,gated_alive,full,False
7,1.0,0,1.0,gated_alive,full,False
7,1.0,1,0.6666666666666667,gated_alive,full,False
7,1.0,2,0.0,gated_alive,full,False
8,0.01,0,0.0,gated_alive,full,True
8,0.01,1,1.0,gated_alive,full,True
8,0.01,2,1.0,gated_alive,full,True
8,0.1,0,0.0,gated_alive,full,False
8,0.1,1,1.0,gated_alive,full,False
8,0.1,2,1.0,gated_alive,full,False
8,1.0,0,0.0,gated_alive,full,False
8,1.0,1,1.0,gated_alive,full,False
8,1.0,2,1.0,gated_alive,full,False
9,0.01,0,0.8333333333333333,gated_alive,full,True
9,0.01,1,0.6666666666666667,gated_alive,full,True
9,0.01,2,1.0,gated_alive,full,True
9,0.1,0,0.8333333333333333,gated_alive,full,False
9,0.1,1,0.6666666666666667,gated_alive,full,False
9,0.1,2,1.0,gated_alive,full,False
9,1.0,0,0.8333333333333333,gated_alive,full,False
9,1.0,1,0.6666666666666667,gated_alive,full,False
9,1.0,2,1.0,gated_alive,full,False
10,0.01,0,0.8333333333333333,gated_alive,full,True
10,0.01,1,0.6666666666666667,gated_alive,full,True
10,0.01,2,1.0,gated_alive,full,True
10,0.1,0,0.8333333333333333,gated_alive,full,False
10,0.1,1,0.6666666666666667,gated_alive,full,False
10,0.1,2,1.0,gated_alive,full,False
10,1.0,0,0.8333333333333333,gated_alive,full,False
10,1.0,1,0.6666666666666667,gated_alive,full,False
10,1.0,2,1.0,gated_alive,full,False
11,0.01,0,0.8333333333333333,gated_alive,full,True
11,0.01,1,0.5,gated_alive,full,True
11,0.01,2,1.0,gated_alive,full,True
11,0.1,0,0.8333333333333333,gated_alive,full,False
11,0.1,1,0.5,gated_alive,full,False
11,0.1,2,1.0,gated_alive,full,False
11,1.0,0,0.8333333333333333,gated_alive,full,False
11,1.0,1,0.5,gated_alive,full,False
11,1.0,2,1.0,gated_alive,full,False
12,0.01,0,0.5,gated_alive,full,True
12,0.01,1,0.6666666666666667,gated_alive,full,True
12,0.01,2,1.0,gated_alive,full,True
12,0.1,0,0.5,gated_alive,full,False
12,0.1,1,0.6666666666666667,gated_alive,full,False
12,0.1,2,1.0,gated_alive,full,False
12,1.0,0,0.5,gated_alive,full,False
12,1.0,1,0.6666666666666667,gated_alive,full,False
12,1.0,2,1.0,gated_alive,full,False
13,0.01,0,0.6666666666666666,gated_alive,full,True
13,0.01,1,0.8333333333333334,gated_alive,full,True
13,0.01,2,1.0,gated_alive,full,True
13,0.1,0,0.6666666666666666,gated_alive,full,False
13,0.1,1,0.8333333333333334,gated_alive,full,False
13,0.1,2,1.0,gated_alive,full,False
13,1.0,0,0.6666666666666666,gated_alive,full,False
13,1.0,1,0.8333333333333334,gated_alive,full,False
13,1.0,2,1.0,gated_alive,full,False
14,0.01,0,0.3333333333333333,gated_alive,full,True
14,0.01,1,0.5,gated_alive,full,True
14,0.01,2,1.0,gated_alive,full,True
14,0.1,0,0.3333333333333333,gated_alive,full,False
14,0.1,1,0.5,gated_alive,full,False
14,0.1,2,1.0,gated_alive,full,False
14,1.0,0,0.3333333333333333,gated_alive,full,False
14,1.0,1,0.5,gated_alive,full,False
14,1.0,2,1.0,gated_alive,full,False
15,0.01,0,0.6666666666666666,gated_alive,full,True
15,0.01,1,0.6666666666666667,gated_alive,full,True
15,0.01,2,1.0,gated_alive,full,True
15,0.1,0,0.6666666666666666,gated_alive,full,False
15,0.1,1,0.6666666666666667,gated_alive,full,False
15,0.1,2,1.0,gated_alive,full,False
15,1.0,0,0.6666666666666666,gated_alive,full,False
15,1.0,1,0.6666666666666667,gated_alive,full,False
15,1.0,2,1.0,gated_alive,full,False
16,0.01,0,1.0,gated_alive,full,True
16,0.01,1,1.0,gated_alive,full,True
16,0.01,2,1.0,gated_alive,full,True
16,0.1,0,1.0,gated_alive,full,False
16,0.1,1,1.0,gated_alive,full,False
16,0.1,2,1.0,gated_alive,full,False
16,1.0,0,1.0,gated_alive,full,False
16,1.0,1,1.0,gated_alive,full,False
16,1.0,2,1.0,gated_alive,full,False
17,0.01,0,1.0,gated_alive,full,True
17,0.01,1,0.6666666666666667,gated_alive,full,True
17,0.01,2,0.75,gated_alive,full,True
17,0.1,0,1.0,gated_alive,full,False
17,0.1,1,0.6666666666666667,gated_alive,full,False
17,0.1,2,0.75,gated_alive,full,False
17,1.0,0,1.0,gated_alive,full,False
17,1.0,1,0.6666666666666667,gated_alive,full,False
17,1.0,2,0.75,gated_alive,full,False
18,0.01,0,0.5,gated_alive,full,True
18,0.01,1,0.6666666666666667,gated_alive,full,True
18,0.01,2,0.25,gated_alive,full,True
18,0.1,0,0.5,gated_alive,full,False
18,0.1,1,0.6666666666666667,gated_alive,full,False
18,0.1,2,0.25,gated_alive,full,False
18,1.0,0,0.5,gated_alive,full,False
18,1.0,1,0.6666666666666667,gated_alive,full,False
18,1.0,2,0.25,gated_alive,full,False
19,0.01,0,0.16666666666666666,gated_alive,full,True
19,0.01,1,1.0,gated_alive,full,True
19,0.01,2,0.75,gated_alive,full,True
19,0.1,0,0.16666666666666666,gated_alive,full,False
19,0.1,1,1.0,gated_alive,full,False
19,0.1,2,0.75,gated_alive,full,False
19,1.0,0,0.16666666666666666,gated_alive,full,False
19,1.0,1,1.0,gated_alive,full,False
19,1.0,2,0.75,gated_alive,full,False
20,0.01,0,0.6666666666666666,gated_alive,full,True
20,0.01,1,0.6666666666666667,gated_alive,full,True
20,0.01,2,1.0,gated_alive,full,True
20,0.1,0,0.6666666666666666,gated_alive,full,False
20,0.1,1,0.6666666666666667,gated_alive,full,False
20,0.1,2,1.0,gated_alive,full,False
20,1.0,0,0.6666666666666666,gated_alive,full,False
20,1.0,1,0.6666666666666667,gated_alive,full,False
20,1.0,2,1.0,gated_alive,full,False
21,0.01,0,1.0,gated_alive,full,True
21,0.01,1,0.6666666666666667,gated_alive,full,True
21,0.01,2,1.0,gated_alive,full,True
21,0.1,0,1.0,gated_alive,full,False
21,0.1,1,0.6666666666666667,gated_alive,full,False
21,0.1,2,1.0,gated_alive,full,False
21,1.0,0,1.0,gated_alive,full,False
21,1.0,1,0.6666666666666667,gated_alive,full,False
21,1.0,2,1.0,gated_alive,full,False
22,0.01,0,0.6666666666666666,gated_alive,full,True
22,0.01,1,0.0,gated_alive,full,True
22,0.01,2,1.0,gated_alive,full,True
22,0.1,0,0.6666666666666666,gated_alive,full,False
22,0.1,1,0.0,gated_alive,full,False
22,0.1,2,1.0,gated_alive,full,False
22,1.0,0,0.6666666666666666,gated_alive,full,False
22,1.0,1,0.0,gated_alive,full,False
22,1.0,2,1.0,gated_alive,full,False
23,0.01,0,1.0,gated_alive,full,True
23,0.01,1,0.16666666666666669,gated_alive,full,True
23,0.01,2,0.5,gated_alive,full,True
23,0.1,0,1.0,gated_alive,full,False
23,0.1,1,0.16666666666666669,gated_alive,full,False
23,0.1,2,0.5,gated_alive,full,False
23,1.0,0,1.0,gated_alive,full,False
23,1.0,1,0.16666666666666669,gated_alive,full,False
23,1.0,2,0.5,gated_alive,full,False
24,0.01,0,1.0,gated_alive,full,True
24,0.01,1,0.16666666666666669,gated_alive,full,True
24,0.01,2,0.5,gated_alive,full,True
24,0.1,0,1.0,gated_alive,full,False
24,0.1,1,0.16666666666666669,gated_alive,full,False
24,0.1,2,0.5,gated_alive,full,False
24,1.0,0,1.0,gated_alive,full,False
24,1.0,1,0.16666666666666669,gated_alive,full,False
24,1.0,2,0.5,gated_alive,full,False
25,0.01,0,1.0,gated_alive,full,True
25,0.01,1,0.5,gated_alive,full,True
25,0.01,2,1.0,gated_alive,full,True
25,0.1,0,1.0,gated_alive,full,False
25,0.1,1,0.5,gated_alive,full,False
25,0.1,2,1.0,gated_alive,full,False
25,1.0,0,1.0,gated_alive,full,False
25,1.0,1,0.5,gated_alive,full,False
25,1.0,2,1.0,gated_alive,full,False
26,0.01,0,1.0,gated_alive,full,True
26,0.01,1,0.5,gated_alive,full,True
26,0.01,2,0.75,gated_alive,full,True
26,0.1,0,1.0,gated_alive,full,False
26,0.1,1,0.5,gated_alive,full,False
26,0.1,2,0.75,gated_alive,full,False
26,1.0,0,1.0,gated_alive,full,False
26,1.0,1,0.5,gated_alive,full,False
26,1.0,2,0.75,gated_alive,full,False
27,0.01,0,0.16666666666666666,gated_alive,full,True
27,0.01,1,0.6666666666666667,gated_alive,full,True
27,0.01,2,0.25,gated_alive,full,True
27,0.1,0,0.16666666666666666,gated_alive,full,False
27,0.1,1,0.6666666666666667,gated_alive,full,False
27,0.1,2,0.25,gated_alive,full,False
27,1.0,0,0.16666666666666666,gated_alive,full,False
27,1.0,1,0.6666666666666667,gated_alive,full,False
27,1.0,2,0.25,gated_alive,full,False
28,0.01,0,1.0,gated_alive,full,True
28,0.01,1,0.5,gated_alive,full,True
28,0.01,2,0.5,gated_alive,full,True
28,0.1,0,1.0,gated_alive,full,False
28,0.1,1,0.5,gated_alive,full,False
28,0.1,2,0.5,gated_alive,full,False
28,1.0,0,1.0,gated_alive,full,False
28,1.0,1,0.5,gated_alive,full,False
28,1.0,2,0.5,gated_alive,full,False
29,0.01,0,0.5,gated_alive,full,True
29,0.01,1,1.0,gated_alive,full,True
29,0.01,2,1.0,gated_alive,full,True
29,0.1,0,0.5,gated_alive,full,False
29,0.1,1,1.0,gated_alive,full,False
29,0.1,2,1.0,gated_alive,full,False
29,1.0,0,0.5,gated_alive,full,False
29,1.0,1,1.0,gated_alive,full,False
29,1.0,2,1.0,gated_alive,full,False
30,0.01,0,0.3333333333333333,gated_alive,full,True
30,0.01,1,0.5,gated_alive,full,True
30,0.01,2,0.5,gated_alive,full,True
30,0.1,0,0.3333333333333333,gated_alive,full,False
30,0.1,1,0.5,gated_alive,full,False
30,0.1,2,0.5,gated_alive,full,False
30,1.0,0,0.3333333333333333,gated_alive,full,False
30,1.0,1,0.5,gated_alive,full,False
30,1.0,2,0.5,gated_alive,full,False
31,0.01,0,1.0,gated_alive,full,True
31,0.01,1,0.8333333333333334,gated_alive,full,True
31,0.01,2,1.0,gated_alive,full,True
31,0.1,0,1.0,gated_alive,full,False
31,0.1,1,0.8333333333333334,gated_alive,full,False
31,0.1,2,1.0,gated_alive,full,False
31,1.0,0,1.0,gated_alive,full,False
31,1.0,1,0.8333333333333334,gated_alive,full,False
31,1.0,2,1.0,gated_alive,full,False
32,0.01,0,0.6666666666666666,gated_alive,full,True
32,0.01,1,0.8333333333333334,gated_alive,full,True
32,0.01,2,0.75,gated_alive,full,True
32,0.1,0,0.6666666666666666,gated_alive,full,False
32,0.1,1,0.8333333333333334,gated_alive,full,False
32,0.1,2,0.75,gated_alive,full,False
32,1.0,0,0.6666666666666666,gated_alive,full,False
32,1.0,1,0.8333333333333334,gated_alive,full,False
32,1.0,2,0.75,gated_alive,full,False
33,0.01,0,0.6666666666666666,gated_alive,full,True
33,0.01,1,0.6666666666666667,gated_alive,full,True
33,0.01,2,0.75,gated_alive,full,True
33,0.1,0,0.6666666666666666,gated_alive,full,False
33,0.1,1,0.6666666666666667,gated_alive,full,False
33,0.1,2,0.75,gated_alive,full,False
33,1.0,0,0.6666666666666666,gated_alive,full,False
33,1.0,1,0.6666666666666667,gated_alive,full,False
33,1.0,2,0.75,gated_alive,full,False
34,0.01,0,0.0,gated_alive,full,True
34,0.01,1,0.8333333333333334,gated_alive,full,True
34,0.01,2,0.5,gated_alive,full,True
34,0.1,0,0.0,gated_alive,full,False
34,0.1,1,0.8333333333333334,gated_alive,full,False
34,0.1,2,0.5,gated_alive,full,False
34,1.0,0,0.0,gated_alive,full,False
34,1.0,1,0.8333333333333334,gated_alive,full,False
34,1.0,2,0.5,gated_alive,full,False
35,0.01,0,0.6666666666666666,gated_alive,full,True
35,0.01,1,1.0,gated_alive,full,True
35,0.01,2,0.0,gated_alive,full,True
35,0.1,0,0.6666666666666666,gated_alive,full,False
35,0.1,1,1.0,gated_alive,full,False
35,0.1,2,0.0,gated_alive,full,False
35,1.0,0,0.6666666666666666,gated_alive,full,False
35,1.0,1,1.0,gated_alive,full,False
35,1.0,2,0.0,gated_alive,full,False
36,0.01,0,1.0,gated_alive,full,True
36,0.01,1,0.6666666666666667,gated_alive,full,True
36,0.01,2,0.75,gated_alive,full,True
36,0.1,0,1.0,gated_alive,full,False
36,0.1,1,0.6666666666666667,gated_alive,full,False
36,0.1,2,0.75,gated_alive,full,False
36,1.0,0,1.0,gated_alive,full,False
36,1.0,1,0.6666666666666667,gated_alive,full,False
36,1.0,2,0.75,gated_alive,full,False
37,0.01,0,1.0,gated_alive,full,True
37,0.01,1,0.5,gated_alive,full,True
37,0.01,2,0.0,gated_alive,full,True
37,0.1,0,1.0,gated_alive,full,False
37,0.1,1,0.5,gated_alive,full,False
37,0.1,2,0.0,gated_alive,full,False
37,1.0,0,1.0,gated_alive,full,False
37,1.0,1,0.5,gated_alive,full,False
37,1.0,2,0.0,gated_alive,full,False
38,0.01,0,0.5,gated_alive,full,True
38,0.01,1,0.8333333333333334,gated_alive,full,True
38,0.01,2,0.0,gated_alive,full,True
38,0.1,0,0.5,gated_alive,full,False
38,0.1,1,0.8333333333333334,gated_alive,full,False
38,0.1,2,0.0,gated_alive,full,False
38,1.0,0,0.5,gated_alive,full,False
38,1.0,1,0.8333333333333334,gated_alive,full,False
38,1.0,2,0.0,gated_alive,full,False
39,0.01,0,1.0,gated_alive,full,True
39,0.01,1,0.6666666666666667,gated_alive,full,True
39,0.01,2,0.5,gated_alive,full,True
39,0.1,0,1.0,gated_alive,full,False
39,0.1,1,0.6666666666666667,gated_alive,full,False
39,0.1,2,0.5,gated_alive,full,False
39,1.0,0,1.0,gated_alive,full,False
39,1.0,1,0.6666666666666667,gated_alive,full,False
39,1.0,2,0.5,gated_alive,full,False
40,0.01,0,0.5,gated_alive,full,True
40,0.01,1,0.5,gated_alive,full,True
40,0.01,2,0.75,gated_alive,full,True
40,0.1,0,0.5,gated_alive,full,False
40,0.1,1,0.5,gated_alive,full,False
40,0.1,2,0.75,gated_alive,full,False
40,1.0,0,0.5,gated_alive,full,False
40,1.0,1,0.5,gated_alive,full,False
40,1.0,2,0.75,gated_alive,full,False
41,0.01,0,0.8333333333333333,gated_alive,full,True
41,0.01,1,0.8333333333333334,gated_alive,full,True
41,0.01,2,0.75,gated_alive,full,True
41,0.1,0,0.8333333333333333,gated_alive,full,False
41,0.1,1,0.8333333333333334,gated_alive,full,False
41,0.1,2,0.75,gated_alive,full,False
41,1.0,0,0.8333333333333333,gated_alive,full,False
41,1.0,1,0.8333333333333334,gated_alive,full,False
41,1.0,2,0.75,gated_alive,full,False
42,0.01,0,0.6666666666666666,gated_alive,full,True
42,0.01,1,0.8333333333333334,gated_alive,full,True
42,0.01,2,1.0,gated_alive,full,True
42,0.1,0,0.6666666666666666,gated_alive,full,False
42,0.1,1,0.8333333333333334,gated_alive,full,False
42,0.1,2,1.0,gated_alive,full,False
42,1.0,0,0.6666666666666666,gated_alive,full,False
42,1.0,1,0.8333333333333334,gated_alive,full,False
42,1.0,2,1.0,gated_alive,full,False
43,0.01,0,0.8333333333333333,gated_alive,full,True
43,0.01,1,0.8333333333333334,gated_alive,full,True
43,0.01,2,0.5,gated_alive,full,True
43,0.1,0,0.8333333333333333,gated_alive,full,False
43,0.1,1,0.8333333333333334,gated_alive,full,False
43,0.1,2,0.5,gated_alive,full,False
43,1.0,0,0.8333333333333333,gated_alive,full,False
43,1.0,1,0.8333333333333334,gated_alive,full,False
43,1.0,2,0.5,gated_alive,full,False
44,0.01,0,0.6666666666666666,gated_alive,full,True
44,0.01,1,0.6666666666666667,gated_alive,full,True
44,0.01,2,0.75,gated_alive,full,True
44,0.1,0,0.6666666666666666,gated_alive,full,False
44,0.1,1,0.6666666666666667,gated_alive,full,False
44,0.1,2,0.75,gated_alive,full,False
44,1.0,0,0.6666666666666666,gated_alive,full,False
44,1.0,1,0.6666666666666667,gated_alive,full,False
44,1.0,2,0.75,gated_alive,full,False
45,0.01,0,0.5,gated_alive,full,True
45,0.01,1,0.33333333333333337,gated_alive,full,True
45,0.01,2,0.25,gated_alive,full,True
45,0.1,0,0.5,gated_alive,full,False
45,0.1,1,0.33333333333333337,gated_alive,full,False
45,0.1,2,0.25,gated_alive,full,False
45,1.0,0,0.5,gated_alive,full,False
45,1.0,1,0.33333333333333337,gated_alive,full,False
45,1.0,2,0.25,gated_alive,full,False
46,0.01,0,1.0,gated_alive,full,True
46,0.01,1,1.0,gated_alive,full,True
46,0.01,2,0.5,gated_alive,full,True
46,0.1,0,1.0,gated_alive,full,False
46,0.1,1,1.0,gated_alive,full,False
46,0.1,2,0.5,gated_alive,full,False
46,1.0,0,1.0,gated_alive,full,False
46,1.0,1,1.0,gated_alive,full,False
46,1.0,2,0.5,gated_alive,full,False
47,0.01,0,0.8333333333333333,gated_alive,full,True
47,0.01,1,0.8333333333333334,gated_alive,full,True
47,0.01,2,1.0,gated_alive,full,True
47,0.1,0,0.8333333333333333,gated_alive,full,False
47,0.1,1,0.8333333333333334,gated_alive,full,False
47,0.1,2,1.0,gated_alive,full,False
47,1.0,0,0.8333333333333333,gated_alive,full,False
47,1.0,1,0.8333333333333334,gated_alive,full,False
47,1.0,2,1.0,gated_alive,full,False
48,0.01,0,0.16666666666666669,gated_alive,full,True
48,0.01,1,0.0,gated_alive,full,True
48,0.01,2,0.5,gated_alive,full,True
48,0.1,0,0.16666666666666669,gated_alive,full,False
48,0.1,1,0.0,gated_alive,full,False
48,0.1,2,0.5,gated_alive,full,False
48,1.0,0,0.16666666666666669,gated_alive,full,False
48,1.0,1,0.0,gated_alive,full,False
48,1.0,2,0.5,gated_alive,full,False
49,0.01,0,0.3333333333333333,gated_alive,full,True
49,0.01,1,1.0,gated_alive,full,True
49,0.01,2,0.5,gated_alive,full,True
49,0.1,0,0.3333333333333333,gated_alive,full,False
49,0.1,1,1.0,gated_alive,full,False
49,0.1,2,0.5,gated_alive,full,False
49,1.0,0,0.3333333333333333,gated_alive,full,False
49,1.0,1,1.0,gated_alive,full,False
49,1.0,2,0.5,gated_alive,full,False
50,0.01,0,0.6666666666666666,gated_alive,full,True
50,0.01,1,0.5,gated_alive,full,True
50,0.01,2,0.25,gated_alive,full,True
50,0.1,0,0.6666666666666666,gated_alive,full,False
50,0.1,1,0.5,gated_alive,full,False
50,0.1,2,0.25,gated_alive,full,False
50,1.0,0,0.6666666666666666,gated_alive,full,False
50,1.0,1,0.5,gated_alive,full,False
50,1.0,2,0.25,gated_alive,full,False
51,0.01,0,0.6666666666666666,gated_alive,full,True
51,0.01,1,1.0,gated_alive,full,True
51,0.01,2,0.5,gated_alive,full,True
51,0.1,0,0.6666666666666666,gated_alive,full,False
51,0.1,1,1.0,gated_alive,full,False
51,0.1,2,0.5,gated_alive,full,False
51,1.0,0,0.6666666666666666,gated_alive,full,False
51,1.0,1,1.0,gated_alive,full,False
51,1.0,2,0.5,gated_alive,full,False
52,0.01,0,0.6666666666666666,gated_alive,full,True
52,0.01,1,0.6666666666666667,gated_alive,full,True
52,0.01,2,0.75,gated_alive,full,True
52,0.1,0,0.6666666666666666,gated_alive,full,False
52,0.1,1,0.6666666666666667,gated_alive,full,False
52,0.1,2,0.75,gated_alive,full,False
52,1.0,0,0.6666666666666666,gated_alive,full,False
52,1.0,1,0.6666666666666667,gated_alive,full,False
52,1.0,2,0.75,gated_alive,full,False
53,0.01,0,0.6666666666666666,gated_alive,full,True
53,0.01,1,0.8333333333333334,gated_alive,full,True
53,0.01,2,1.0,gated_alive,full,True
53,0.1,0,0.6666666666666666,gated_alive,full,False
53,0.1,1,0.8333333333333334,gated_alive,full,False
53,0.1,2,1.0,gated_alive,full,False
53,1.0,0,0.6666666666666666,gated_alive,full,False
53,1.0,1,0.8333333333333334,gated_alive,full,False
53,1.0,2,1.0,gated_alive,full,False
54,0.01,0,0.3333333333333333,gated_alive,full,True
54,0.01,1,0.33333333333333337,gated_alive,full,True
54,0.01,2,0.75,gated_alive,full,True
54,0.1,0,0.3333333333333333,gated_alive,full,False
54,0.1,1,0.33333333333333337,gated_alive,full,False
54,0.1,2,0.75,gated_alive,full,False
54,1.0,0,0.3333333333333333,gated_alive,full,False
54,1.0,1,0.33333333333333337,gated_alive,full,False
54,1.0,2,0.75,gated_alive,full,False
55,0.01,0,0.6666666666666666,gated_alive,full,True
55,0.01,1,0.6666666666666667,gated_alive,full,True
55,0.01,2,1.0,gated_alive,full,True
55,0.1,0,0.6666666666666666,gated_alive,full,False
55,0.1,1,0.6666666666666667,gated_alive,full,False
55,0.1,2,1.0,gated_alive,full,False
55,1.0,0,0.6666666666666666,gated_alive,full,False
55,1.0,1,0.6666666666666667,gated_alive,full,False
55,1.0,2,1.0,gated_alive,full,False
56,0.01,0,1.0,gated_alive,full,True
56,0.01,1,0.33333333333333337,gated_alive,full,True
56,0.01,2,0.5,gated_alive,full,True
56,0.1,0,1.0,gated_alive,full,False
56,0.1,1,0.33333333333333337,gated_alive,full,False
56,0.1,2,0.5,gated_alive,full,False
56,1.0,0,1.0,gated_alive,full,False
56,1.0,1,0.33333333333333337,gated_alive,full,False
56,1.0,2,0.5,gated_alive,full,False
57,0.01,0,0.16666666666666666,gated_alive,full,True
57,0.01,1,1.0,gated_alive,full,True
57,0.01,2,1.0,gated_alive,full,True
57,0.1,0,0.16666666666666666,gated_alive,full,False
57,0.1,1,1.0,gated_alive,full,False
57,0.1,2,1.0,gated_alive,full,False
57,1.0,0,0.16666666666666666,gated_alive,full,False
57,1.0,1,1.0,gated_alive,full,False
57,1.0,2,1.0,gated_alive,full,False
58,0.01,0,0.3333333333333333,gated_alive,full,True
58,0.01,1,0.16666666666666669,gated_alive,full,True
58,0.01,2,0.75,gated_alive,full,True
58,0.1,0,0.3333333333333333,gated_alive,full,False
58,0.1,1,0.16666666666666669,gated_alive,full,False
58,0.1,2,0.75,gated_alive,full,False
58,1.0,0,0.3333333333333333,gated_alive,full,False
58,1.0,1,0.16666666666666669,gated_alive,full,False
58,1.0,2,0.75,gated_alive,full,False
59,0.01,0,0.6666666666666666,gated_alive,full,True
59,0.01,1,1.0,gated_alive,full,True
59,0.01,2,1.0,gated_alive,full,True
59,0.1,0,0.6666666666666666,gated_alive,full,False
59,0.1,1,1.0,gated_alive,full,False
59,0.1,2,1.0,gated_alive,full,False
59,1.0,0,0.6666666666666666,gated_alive,full,False
59,1.0,1,1.0,gated_alive,full,False
59,1.0,2,1.0,gated_alive,full,False
60,0.01,0,0.5,gated_alive,full,True
60,0.01,1,0.5,gated_alive,full,True
60,0.01,2,0.5,gated_alive,full,True
60,0.1,0,0.5,gated_alive,full,False
60,0.1,1,0.5,gated_alive,full,False
60,0.1,2,0.5,gated_alive,full,False
60,1.0,0,0.5,gated_alive,full,False
60,1.0,1,0.5,gated_alive,full,False
60,1.0,2,0.5,gated_alive,full,False
61,0.01,0,1.0,gated_alive,full,True
61,0.01,1,1.0,gated_alive,full,True
61,0.01,2,0.75,gated_alive,full,True
61,0.1,0,1.0,gated_alive,full,False
61,0.1,1,1.0,gated_alive,full,False
61,0.1,2,0.75,gated_alive,full,False
61,1.0,0,1.0,gated_alive,full,False
61,1.0,1,1.0,gated_alive,full,False
61,1.0,2,0.75,gated_alive,full,False
62,0.01,0,0.6666666666666666,gated_alive,full,True
62,0.01,1,0.6666666666666667,gated_alive,full,True
62,0.01,2,0.75,gated_alive,full,True
62,0.1,0,0.6666666666666666,gated_alive,full,False
62,0.1,1,0.6666666666666667,gated_alive,full,False
62,0.1,2,0.75,gated_alive,full,False
62,1.0,0,0.6666666666666666,gated_alive,full,False
62,1.0,1,0.6666666666666667,gated_alive,full,False
62,1.0,2,0.75,gated_alive,full,False
63,0.01,0,0.6666666666666666,gated_alive,full,True
63,0.01,1,1.0,gated_alive,full,True
63,0.01,2,1.0,gated_alive,full,True
63,0.1,0,0.6666666666666666,gated_alive,full,False
63,0.1,1,1.0,gated_alive,full,False
63,0.1,2,1.0,gated_alive,full,False
63,1.0,0,0.6666666666666666,gated_alive,full,False
63,1.0,1,1.0,gated_alive,full,False
63,1.0,2,1.0,gated_alive,full,False
64,0.01,0,0.8333333333333333,gated_alive,full,True
64,0.01,1,0.33333333333333337,gated_alive,full,True
64,0.01,2,0.75,gated_alive,full,True
64,0.1,0,0.8333333333333333,gated_alive,full,False
64,0.1,1,0.33333333333333337,gated_alive,full,False
64,0.1,2,0.75,gated_alive,full,False
64,1.0,0,0.8333333333333333,gated_alive,full,False
64,1.0,1,0.33333333333333337,gated_alive,full,False
64,1.0,2,0.75,gated_alive,full,False
65,0.01,0,0.5,gated_alive,full,True
65,0.01,1,0.33333333333333337,gated_alive,full,True
65,0.01,2,1.0,gated_alive,full,True
65,0.1,0,0.5,gated_alive,full,False
65,0.1,1,0.33333333333333337,gated_alive,full,False
65,0.1,2,1.0,gated_alive,full,False
65,1.0,0,0.5,gated_alive,full,False
65,1.0,1,0.33333333333333337,gated_alive,full,False
65,1.0,2,1.0,gated_alive,full,False
66,0.01,0,0.8333333333333333,gated_alive,full,True
66,0.01,1,0.6666666666666667,gated_alive,full,True
66,0.01,2,0.75,gated_alive,full,True
66,0.1,0,0.8333333333333333,gated_alive,full,False
66,0.1,1,0.6666666666666667,gated_alive,full,False
66,0.1,2,0.75,gated_alive,full,False
66,1.0,0,0.8333333333333333,gated_alive,full,False
66,1.0,1,0.6666666666666667,gated_alive,full,False
66,1.0,2,0.75,gated_alive,full,False
67,0.01,0,0.16666666666666666,gated_alive,full,True
67,0.01,1,0.5,gated_alive,full,True
67,0.01,2,1.0,gated_alive,full,True
67,0.1,0,0.16666666666666666,gated_alive,full,False
67,0.1,1,0.5,gated_alive,full,False
67,0.1,2,1.0,gated_alive,full,False
67,1.0,0,0.16666666666666666,gated_alive,full,False
67,1.0,1,0.5,gated_alive,full,False
67,1.0,2,1.0,gated_alive,full,False
68,0.01,0,0.6666666666666666,gated_alive,full,True
68,0.01,1,0.6666666666666667,gated_alive,full,True
68,0.01,2,1.0,gated_alive,full,True
68,0.1,0,0.6666666666666666,gated_alive,full,False
68,0.1,1,0.6666666666666667,gated_alive,full,False
68,0.1,2,1.0,gated_alive,full,False
68,1.0,0,0.6666666666666666,gated_alive,full,False
68,1.0,1,0.6666666666666667,gated_alive,full,False
68,1.0,2,1.0,gated_alive,full,False
69,0.01,0,0.6666666666666667,gated_alive,full,True
69,0.01,1,0.8333333333333333,gated_alive,full,True
69,0.01,2,1.0,gated_alive,full,True
69,0.1,0,0.6666666666666667,gated_alive,full,False
69,0.1,1,0.8333333333333333,gated_alive,full,False
69,0.1,2,1.0,gated_alive,full,False
69,1.0,0,0.6666666666666667,gated_alive,full,False
69,1.0,1,0.8333333333333333,gated_alive,full,False
69,1.0,2,1.0,gated_alive,full,False
70,0.01,0,0.8333333333333333,gated_alive,full,True
70,0.01,1,0.0,gated_alive,full,True
70,0.01,2,0.75,gated_alive,full,True
70,0.1,0,0.8333333333333333,gated_alive,full,False
70,0.1,1,0.0,gated_alive,full,False
70,0.1,2,0.75,gated_alive,full,False
70,1.0,0,0.8333333333333333,gated_alive,full,False
70,1.0,1,0.0,gated_alive,full,False
70,1.0,2,0.75,gated_alive,full,False
71,0.01,0,0.8333333333333333,gated_alive,full,True
71,0.01,1,0.6666666666666667,gated_alive,full,True
71,0.01,2,1.0,gated_alive,full,True
71,0.1,0,0.8333333333333333,gated_alive,full,False
71,0.1,1,0.6666666666666667,gated_alive,full,False
71,0.1,2,1.0,gated_alive,full,False
71,1.0,0,0.8333333333333333,gated_alive,full,False
71,1.0,1,0.6666666666666667,gated_alive,full,False
71,1.0,2,1.0,gated_alive,full,False
72,0.01,0,0.3333333333333333,gated_alive,full,True
72,0.01,1,0.8333333333333334,gated_alive,full,True
72,0.01,2,0.75,gated_alive,full,True
72,0.1,0,0.3333333333333333,gated_alive,full,False
72,0.1,1,0.8333333333333334,gated_alive,full,False
72,0.1,2,0.75,gated_alive,full,False
72,1.0,0,0.3333333333333333,gated_alive,full,False
72,1.0,1,0.8333333333333334,gated_alive,full,False
72,1.0,2,0.75,gated_alive,full,False
73,0.01,0,0.8333333333333333,gated_alive,full,True
73,0.01,1,1.0,gated_alive,full,True
73,0.01,2,0.75,gated_alive,full,True
73,0.1,0,0.8333333333333333,gated_alive,full,False
73,0.1,1,1.0,gated_alive,full,False
73,0.1,2,0.75,gated_alive,full,False
73,1.0,0,0.8333333333333333,gated_alive,full,False
73,1.0,1,1.0,gated_alive,full,False
73,1.0,2,0.75,gated_alive,full,False
74,0.01,0,1.0,gated_alive,full,True
74,0.01,1,0.6666666666666667,gated_alive,full,True
74,0.01,2,1.0,gated_alive,full,True
74,0.1,0,1.0,gated_alive,full,False
74,0.1,1,0.6666666666666667,gated_alive,full,False
74,0.1,2,1.0,gated_alive,full,False
74,1.0,0,1.0,gated_alive,full,False
74,1.0,1,0.6666666666666667,gated_alive,full,False
74,1.0,2,1.0,gated_alive,full,False
75,0.01,0,0.6666666666666666,gated_alive,full,True
75,0.01,1,1.0,gated_alive,full,True
75,0.01,2,0.5,gated_alive,full,True
75,0.1,0,0.6666666666666666,gated_alive,full,False
75,0.1,1,1.0,gated_alive,full,False
75,0.1,2,0.5,gated_alive,full,False
75,1.0,0,0.6666666666666666,gated_alive,full,False
75,1.0,1,1.0,gated_alive,full,False
75,1.0,2,0.5,gated_alive,full,False
76,0.01,0,0.8333333333333333,gated_alive,full,True
76,0.01,1,0.8333333333333334,gated_alive,full,True
76,0.01,2,1.0,gated_alive,full,True
76,0.1,0,0.8333333333333333,gated_alive,full,False
76,0.1,1,0.8333333333333334,gated_alive,full,False
76,0.1,2,1.0,gated_alive,full,False
76,1.0,0,0.8333333333333333,gated_alive,full,False
76,1.0,1,0.8333333333333334,gated_alive,full,False
76,1.0,2,1.0,gated_alive,full,False
77,0.01,0,0.3333333333333333,gated_alive,full,True
77,0.01,1,0.33333333333333337,gated_alive,full,True
77,0.01,2,1.0,gated_alive,full,True
77,0.1,0,0.3333333333333333,gated_alive,full,False
77,0.1,1,0.33333333333333337,gated_alive,full,False
77,0.1,2,1.0,gated_alive,full,False
77,1.0,0,0.3333333333333333,gated_alive,full,False
77,1.0,1,0.33333333333333337,gated_alive,full,False
77,1.0,2,1.0,gated_alive,full,False
78,0.01,0,0.8333333333333333,gated_alive,full,True
78,0.01,1,1.0,gated_alive,full,True
78,0.01,2,0.0,gated_alive,full,True
78,0.1,0,0.8333333333333333,gated_alive,full,False
78,0.1,1,1.0,gated_alive,full,False
78,0.1,2,0.0,gated_alive,full,False
78,1.0,0,0.8333333333333333,gated_alive,full,False
78,1.0,1,1.0,gated_alive,full,False
78,1.0,2,0.0,gated_alive,full,False
79,0.01,0,0.8333333333333333,gated_alive,full,True
79,0.01,1,0.33333333333333337,gated_alive,full,True
79,0.01,2,0.75,gated_alive,full,True
79,0.1,0,0.8333333333333333,gated_alive,full,False
79,0.1,1,0.33333333333333337,gated_alive,full,False
79,0.1,2,0.75,gated_alive,full,False
79,1.0,0,0.8333333333333333,gated_alive,full,False
79,1.0,1,0.33333333333333337,gated_alive,full,False
79,1.0,2,0.75,gated_alive,full,False
80,0.01,0,0.6666666666666666,gated_alive,full,True
80,0.01,1,0.6666666666666667,gated_alive,full,True
80,0.01,2,0.5,gated_alive,full,True
80,0.1,0,0.6666666666666666,gated_alive,full,False
80,0.1,1,0.6666666666666667,gated_alive,full,False
80,0.1,2,0.5,gated_alive,full,False
80,1.0,0,0.6666666666666666,gated_alive,full,False
80,1.0,1,0.6666666666666667,gated_alive,full,False
80,1.0,2,0.5,gated_alive,full,False
81,0.01,0,0.8333333333333333,gated_alive,full,True
81,0.01,1,0.8333333333333334,gated_alive,full,True
81,0.01,2,1.0,gated_alive,full,True
81,0.1,0,0.8333333333333333,gated_alive,full,False
81,0.1,1,0.8333333333333334,gated_alive,full,False
81,0.1,2,1.0,gated_alive,full,False
81,1.0,0,0.8333333333333333,gated_alive,full,False
81,1.0,1,0.8333333333333334,gated_alive,full,False
81,1.0,2,1.0,gated_alive,full,False
82,0.01,0,1.0,gated_alive,full,True
82,0.01,1,0.0,gated_alive,full,True
82,0.01,2,0.5,gated_alive,full,True
82,0.1,0,1.0,gated_alive,full,False
82,0.1,1,0.0,gated_alive,full,False
82,0.1,2,0.5,gated_alive,full,False
82,1.0,0,1.0,gated_alive,full,False
82,1.0,1,0.0,gated_alive,full,False
82,1.0,2,0.5,gated_alive,full,False
83,0.01,0,0.3333333333333333,gated_alive,full,True
83,0.01,1,0.8333333333333334,gated_alive,full,True
83,0.01,2,0.75,gated_alive,full,True
83,0.1,0,0.3333333333333333,gated_alive,full,False
83,0.1,1,0.8333333333333334,gated_alive,full,False
83,0.1,2,0.75,gated_alive,full,False
83,1.0,0,0.3333333333333333,gated_alive,full,False
83,1.0,1,0.8333333333333334,gated_alive,full,False
83,1.0,2,0.75,gated_alive,full,False
84,0.01,0,0.5,gated_alive,full,True
84,0.01,1,0.6666666666666667,gated_alive,full,True
84,0.01,2,1.0,gated_alive,full,True
84,0.1,0,0.5,gated_alive,full,False
84,0.1,1,0.6666666666666667,gated_alive,full,False
84,0.1,2,1.0,gated_alive,full,False
84,1.0,0,0.5,gated_alive,full,False
84,1.0,1,0.6666666666666667,gated_alive,full,False
84,1.0,2,1.0,gated_alive,full,False
85,0.01,0,0.8333333333333333,gated_alive,full,True
85,0.01,1,0.8333333333333334,gated_alive,full,True
85,0.01,2,0.0,gated_alive,full,True
85,0.1,0,0.8333333333333333,gated_alive,full,False
85,0.1,1,0.8333333333333334,gated_alive,full,False
85,0.1,2,0.0,gated_alive,full,False
85,1.0,0,0.8333333333333333,gated_alive,full,False
85,1.0,1,0.8333333333333334,gated_alive,full,False
85,1.0,2,0.0,gated_alive,full,False
86,0.01,0,1.0,gated_alive,full,True
86,0.01,1,0.5,gated_alive,full,True
86,0.01,2,0.5,gated_alive,full,True
86,0.1,0,1.0,gated_alive,full,False
86,0.1,1,0.5,gated_alive,full,False
86,0.1,2,0.5,gated_alive,full,False
86,1.0,0,1.0,gated_alive,full,False
86,1.0,1,0.5,gated_alive,full,False
86,1.0,2,0.5,gated_alive,full,False
87,0.01,0,1.0,gated_alive,full,True
87,0.01,1,1.0,gated_alive,full,True
87,0.01,2,1.0,gated_alive,full,True
87,0.1,0,1.0,gated_alive,full,False
87,0.1,1,1.0,gated_alive,full,False
87,0.1,2,1.0,gated_alive,full,False
87,1.0,0,1.0,gated_alive,full,False
87,1.0,1,1.0,gated_alive,full,False
87,1.0,2,1.0,gated_alive,full,False
88,0.01,0,0.0,gated_alive,full,True
88,0.01,1,0.6666666666666667,gated_alive,full,True
88,0.01,2,0.75,gated_alive,full,True
88,0.1,0,0.0,gated_alive,full,False
88,0.1,1,0.6666666666666667,gated_alive,full,False
88,0.1,2,0.75,gated_alive,full,False
88,1.0,0,0.0,gated_alive,full,False
88,1.0,1,0.6666666666666667,gated_alive,full,False
88,1.0,2,0.75,gated_alive,full,False
89,0.01,0,1.0,gated_alive,full,True
89,0.01,1,0.8333333333333334,gated_alive,full,True
89,0.01,2,0.5,gated_alive,full,True
89,0.1,0,1.0,gated_alive,full,False
89,0.1,1,0.8333333333333334,gated_alive,full,False
89,0.1,2,0.5,gated_alive,full,False
89,1.0,0,1.0,gated_alive,full,False
89,1.0,1,0.8333333333333334,gated_alive,full,False
89,1.0,2,0.5,gated_alive,full,False
90,0.01,0,1.0,gated_alive,full,True
90,0.01,1,0.6666666666666667,gated_alive,full,True
90,0.01,2,1.0,gated_alive,full,True
90,0.1,0,1.0,gated_alive,full,False
90,0.1,1,0.6666666666666667,gated_alive,full,False
90,0.1,2,1.0,gated_alive,full,False
90,1.0,0,1.0,gated_alive,full,False
90,1.0,1,0.6666666666666667,gated_alive,full,False
90,1.0,2,1.0,gated_alive,full,False
91,0.01,0,0.6666666666666666,gated_alive,full,True
91,0.01,1,0.16666666666666669,gated_alive,full,True
91,0.01,2,0.5,gated_alive,full,True
91,0.1,0,0.6666666666666666,gated_alive,full,False
91,0.1,1,0.16666666666666669,gated_alive,full,False
91,0.1,2,0.5,gated_alive,full,False
91,1.0,0,0.6666666666666666,gated_alive,full,False
91,1.0,1,0.16666666666666669,gated_alive,full,False
91,1.0,2,0.5,gated_alive,full,False
92,0.01,0,1.0,gated_alive,full,True
92,0.01,1,0.6666666666666667,gated_alive,full,True
92,0.01,2,1.0,gated_alive,full,True
92,0.1,0,1.0,gated_alive,full,False
92,0.1,1,0.6666666666666667,gated_alive,full,False
92,0.1,2,1.0,gated_alive,full,False
92,1.0,0,1.0,gated_alive,full,False
92,1.0,1,0.6666666666666667,gated_alive,full,False
92,1.0,2,1.0,gated_alive,full,False
93,0.01,0,0.8333333333333333,gated_alive,full,True
93,0.01,1,0.5,gated_alive,full,True
93,0.01,2,1.0,gated_alive,full,True
93,0.1,0,0.8333333333333333,gated_alive,full,False
93,0.1,1,0.5,gated_alive,full,False
93,0.1,2,1.0,gated_alive,full,False
93,1.0,0,0.8333333333333333,gated_alive,full,False
93,1.0,1,0.5,gated_alive,full,False
93,1.0,2,1.0,gated_alive,full,False
94,0.01,0,0.16666666666666666,gated_alive,full,True
94,0.01,1,0.5,gated_alive,full,True
94,0.01,2,0.0,gated_alive,full,True
94,0.1,0,0.16666666666666666,gated_alive,full,False
94,0.1,1,0.5,gated_alive,full,False
94,0.1,2,0.0,gated_alive,full,False
94,1.0,0,0.16666666666666666,gated_alive,full,False
94,1.0,1,0.5,gated_alive,full,False
94,1.0,2,0.0,gated_alive,full,False
95,0.01,0,0.8333333333333333,gated_alive,full,True
95,0.01,1,0.6666666666666667,gated_alive,full,True
95,0.01,2,0.5,gated_alive,full,True
95,0.1,0,0.8333333333333333,gated_alive,full,False
95,0.1,1,0.6666666666666667,gated_alive,full,False
95,0.1,2,0.5,gated_alive,full,False
95,1.0,0,0.8333333333333333,gated_alive,full,False
95,1.0,1,0.6666666666666667,gated_alive,full,False
95,1.0,2,0.5,gated_alive,full,False
96,0.01,0,0.5,gated_alive,full,True
96,0.01,1,1.0,gated_alive,full,True
96,0.01,2,0.5,gated_alive,full,True
96,0.1,0,0.5,gated_alive,full,False
96,0.1,1,1.0,gated_alive,full,False
96,0.1,2,0.5,gated_alive,full,False
96,1.0,0,0.5,gated_alive,full,False
96,1.0,1,1.0,gated_alive,full,False
96,1.0,2,0.5,gated_alive,full,False
97,0.01,0,0.5,gated_alive,full,True
97,0.01,1,0.33333333333333337,gated_alive,full,True
97,0.01,2,0.75,gated_alive,full,True
97,0.1,0,0.5,gated_alive,full,False
97,0.1,1,0.33333333333333337,gated_alive,full,False
97,0.1,2,0.75,gated_alive,full,False
97,1.0,0,0.5,gated_alive,full,False
97,1.0,1,0.33333333333333337,gated_alive,full,False
97,1.0,2,0.75,gated_alive,full,False
98,0.01,0,0.3333333333333333,gated_alive,full,True
98,0.01,1,0.6666666666666667,gated_alive,full,True
98,0.01,2,0.75,gated_alive,full,True
98,0.1,0,0.3333333333333333,gated_alive,full,False
98,0.1,1,0.6666666666666667,gated_alive,full,False
98,0.1,2,0.75,gated_alive,full,False
98,1.0,0,0.3333333333333333,gated_alive,full,False
98,1.0,1,0.6666666666666667,gated_alive,full,False
98,1.0,2,0.75,gated_alive,full,False
99,0.01,0,0.5,gated_alive,full,True
99,0.01,1,0.8333333333333334,gated_alive,full,True
99,0.01,2,1.0,gated_alive,full,True
99,0.1,0,0.5,gated_alive,full,False
99,0.1,1,0.8333333333333334,gated_alive,full,False
99,0.1,2,1.0,gated_alive,full,False
99,1.0,0,0.5,gated_alive,full,False
99,1.0,1,0.8333333333333334,gated_alive,full,False
99,1.0,2,1.0,gated_alive,full,False
