method,direction,donor_id,selected_cells,weight_sum,selection_fraction
SVM,positive,a_001,3,0.16666666666666666,0.0003333333333333333
SVM,positive,a_002,15,2.8095238095238093,0.005619047619047619
SVM,positive,a_003,17,2.666666666666667,0.005333333333333334
SVM,positive,a_004,6,0.6,0.0012
SVM,positive,a_005,11,1.4166666666666665,0.002833333333333333
SVM,positive,a_006,9,1.076923076923077,0.002153846153846154
SVM,positive,a_007,11,1.35,0.0027
SVM,positive,a_009,21,1.7368421052631577,0.0034736842105263155
SVM,positive,a_010,9,0.48275862068965514,0.0009655172413793102
SVM,positive,a_011,14,1.05,0.0021000000000000003
SVM,positive,a_012,10,0.8333333333333334,0.0016666666666666668
SVM,positive,a_1a,15,0.7222222222222221,0.0014444444444444442
SVM,positive,a_2a,8,0.8648648648648649,0.00172972972972973
SVM,positive,a_2b,8,0.2647058823529411,0.0005294117647058822
SVM,positive,a_3a,1,0.024390243902439025,4.878048780487805e-05
SVM,positive,a_3b,7,0.810810810810811,0.001621621621621622
SVM,positive,a_4a,16,2.3703703703703702,0.004740740740740741
SVM,positive,a_4b,10,1.7916666666666665,0.003583333333333333
SVM,positive,a_5a,12,2.24,0.0044800000000000005
SVM,positive,a_5b,16,3.1739130434782608,0.006347826086956522
SVM,negative,a_001,24,5.083333333333334,0.010166666666666668
SVM,negative,a_002,20,3.8571428571428568,0.0077142857142857135
SVM,negative,a_003,15,2.2857142857142856,0.004571428571428571
SVM,negative,a_004,26,5.575,0.01115
SVM,negative,a_005,14,2.333333333333333,0.004666666666666666
SVM,negative,a_006,20,2.230769230769231,0.004461538461538462
SVM,negative,a_007,21,4.25,0.0085
SVM,negative,a_009,34,4.973684210526316,0.009947368421052632
SVM,negative,a_010,20,2.5517241379310347,0.005103448275862069
SVM,negative,a_011,24,2.625,0.00525
SVM,negative,a_012,15,2.833333333333333,0.005666666666666666
SVM,negative,a_1a,29,3.9722222222222223,0.007944444444444445
SVM,negative,a_2a,33,6.513513513513514,0.013027027027027028
SVM,negative,a_2b,24,4.029411764705882,0.008058823529411764
SVM,negative,a_3a,26,3.487804878048781,0.006975609756097562
SVM,negative,a_3b,24,3.3513513513513518,0.006702702702702704
SVM,negative,a_4a,23,1.9259259259259258,0.0038518518518518515
SVM,negative,a_4b,27,5.958333333333333,0.011916666666666666
SVM,negative,a_5a,9,0.88,0.00176
SVM,negative,a_5b,6,0.4782608695652174,0.0009565217391304348
CellCNN,positive,a_001,22,1.125,0.00225
CellCNN,positive,a_002,116,17.904761904761905,0.03580952380952381
CellCNN,positive,a_003,72,4.357142857142857,0.008714285714285714
CellCNN,positive,a_004,100,3.45,0.006900000000000001
CellCNN,positive,a_005,30,8.75,0.0175
CellCNN,positive,a_006,175,9.384615384615385,0.01876923076923077
CellCNN,positive,a_007,52,5.450000000000001,0.010900000000000002
CellCNN,positive,a_009,14,0.7894736842105263,0.0015789473684210526
CellCNN,positive,a_010,55,1.9655172413793105,0.003931034482758621
CellCNN,positive,a_011,66,2.125,0.00425
CellCNN,positive,a_012,19,1.25,0.0025
CellCNN,positive,a_1a,18,2.7777777777777777,0.005555555555555556
CellCNN,positive,a_2a,84,3.7837837837837838,0.0075675675675675675
CellCNN,positive,a_2b,102,4.088235294117647,0.008176470588235294
CellCNN,positive,a_3a,75,1.9756097560975612,0.003951219512195122
CellCNN,positive,a_3b,87,3.3513513513513518,0.006702702702702704
CellCNN,positive,a_4a,61,8.481481481481481,0.01696296296296296
CellCNN,positive,a_4b,17,3.9166666666666665,0.007833333333333333
CellCNN,positive,a_5a,68,10.16,0.02032
CellCNN,positive,a_5b,80,14.0,0.028
CellCNN,negative,a_001,184,13.708333333333332,0.027416666666666666
CellCNN,negative,a_002,79,7.0,0.014
CellCNN,negative,a_003,151,8.071428571428571,0.016142857142857143
CellCNN,negative,a_004,264,15.900000000000002,0.0318
CellCNN,negative,a_005,59,6.166666666666666,0.012333333333333332
CellCNN,negative,a_006,227,13.884615384615387,0.027769230769230775
CellCNN,negative,a_007,146,10.7,0.0214
CellCNN,negative,a_009,61,3.0,0.006
CellCNN,negative,a_010,146,6.310344827586206,0.012620689655172412
CellCNN,negative,a_011,97,5.725,0.01145
CellCNN,negative,a_012,64,3.833333333333333,0.007666666666666666
CellCNN,negative,a_1a,139,8.166666666666668,0.016333333333333335
CellCNN,negative,a_2a,208,13.27027027027027,0.02654054054054054
CellCNN,negative,a_2b,236,15.794117647058822,0.031588235294117646
CellCNN,negative,a_3a,195,12.51219512195122,0.02502439024390244
CellCNN,negative,a_3b,162,9.432432432432433,0.018864864864864866
CellCNN,negative,a_4a,77,3.925925925925926,0.007851851851851853
CellCNN,negative,a_4b,83,5.375,0.01075
CellCNN,negative,a_5a,72,4.0,0.008
CellCNN,negative,a_5b,89,5.043478260869565,0.01008695652173913
Citrus,positive,a_001,430,72.25,0.1445
Citrus,positive,a_002,290,97.71428571428571,0.19542857142857142
Citrus,positive,a_003,324,77.88095238095238,0.15576190476190477
Citrus,positive,a_004,347,43.025000000000006,0.08605000000000002
Citrus,positive,a_005,317,91.66666666666667,0.18333333333333335
Citrus,positive,a_006,413,70.19230769230768,0.14038461538461536
Citrus,positive,a_007,393,79.95,0.15990000000000001
Citrus,positive,a_009,408,134.92105263157896,0.26984210526315794
Citrus,positive,a_010,394,44.51724137931035,0.08903448275862069
Citrus,positive,a_011,461,77.725,0.15544999999999998
Citrus,positive,a_012,252,67.875,0.13575
Citrus,positive,a_1a,384,65.30555555555556,0.13061111111111112
Citrus,positive,a_2a,433,69.91891891891893,0.13983783783783788
Citrus,positive,a_2b,429,70.17647058823528,0.14035294117647054
Citrus,positive,a_3a,434,77.7560975609756,0.15551219512195122
Citrus,positive,a_3b,426,73.91891891891892,0.14783783783783783
Citrus,positive,a_4a,431,91.74074074074073,0.18348148148148147
Citrus,positive,a_4b,427,82.20833333333334,0.16441666666666668
Citrus,positive,a_5a,366,95.28,0.19056
Citrus,positive,a_5b,319,86.17391304347827,0.17234782608695653
Citrus,negative,a_001,421,46.333333333333336,0.09266666666666667
Citrus,negative,a_002,345,54.42857142857143,0.10885714285714286
Citrus,negative,a_003,382,37.857142857142854,0.0757142857142857
Citrus,negative,a_004,471,58.025000000000006,0.11605000000000001
Citrus,negative,a_005,269,30.166666666666664,0.06033333333333333
Citrus,negative,a_006,408,44.76923076923077,0.08953846153846154
Citrus,negative,a_007,404,80.35000000000001,0.1607
Citrus,negative,a_009,357,58.6578947368421,0.1173157894736842
Citrus,negative,a_010,400,63.93103448275862,0.12786206896551724
Citrus,negative,a_011,456,57.724999999999994,0.11544999999999998
Citrus,negative,a_012,366,108.58333333333331,0.21716666666666662
Citrus,negative,a_1a,444,51.44444444444444,0.10288888888888889
Citrus,negative,a_2a,446,67.40540540540542,0.13481081081081084
Citrus,negative,a_2b,460,66.61764705882352,0.13323529411764704
Citrus,negative,a_3a,373,50.4390243902439,0.1008780487804878
Citrus,negative,a_3b,475,59.91891891891892,0.11983783783783784
Citrus,negative,a_4a,374,44.407407407407405,0.0888148148148148
Citrus,negative,a_4b,322,44.208333333333336,0.08841666666666667
Citrus,negative,a_5a,364,65.76,0.13152
Citrus,negative,a_5b,356,41.565217391304344,0.08313043478260869
