method,gate,run_mode,device,implementation_version,split_id,split_seed,donor_id,y_true,score,decision_threshold,y_pred,filter_count,selected_inner_fold,training_cells_per_input,training_inputs_per_donor,prediction_cells_per_input,prediction_inputs_per_donor,pooling
cellcnn_prototype_learnable_pooling,gated_alive,full,cuda,diagonal_prototype_relu_soft_top_fraction_v3_geometry_regularization,0,3003105692,a_002,1,0.8920122265815735,0.5,1,3,2,3000,200,20000,5,learnable_soft_top_fraction
cellcnn_prototype_learnable_pooling,gated_alive,full,cuda,diagonal_prototype_relu_soft_top_fraction_v3_geometry_regularization,0,3003105692,a_004,0,0.24678164720535278,0.5,0,3,2,3000,200,20000,5,learnable_soft_top_fraction
cellcnn_prototype_learnable_pooling,gated_alive,full,cuda,diagonal_prototype_relu_soft_top_fraction_v3_geometry_regularization,0,3003105692,a_006,0,0.4203339099884033,0.5,0,3,2,3000,200,20000,5,learnable_soft_top_fraction
cellcnn_prototype_learnable_pooling,gated_alive,full,cuda,diagonal_prototype_relu_soft_top_fraction_v3_geometry_regularization,0,3003105692,a_1a,0,0.39802602529525755,0.5,0,3,2,3000,200,20000,5,learnable_soft_top_fraction
cellcnn_prototype_learnable_pooling,gated_alive,full,cuda,diagonal_prototype_relu_soft_top_fraction_v3_geometry_regularization,0,3003105692,a_2a,0,0.21708228588104247,0.5,0,3,2,3000,200,20000,5,learnable_soft_top_fraction
cellcnn_prototype_learnable_pooling,gated_alive,full,cuda,diagonal_prototype_relu_soft_top_fraction_v3_geometry_regularization,0,3003105692,a_4a,1,0.37835949659347534,0.5,0,3,2,3000,200,20000,5,learnable_soft_top_fraction
cellcnn_prototype_learnable_pooling,gated_alive,full,cuda,diagonal_prototype_relu_soft_top_fraction_v3_geometry_regularization,1,976400780,a_002,1,0.6437420725822449,0.5,1,3,2,3000,200,20000,5,learnable_soft_top_fraction
cellcnn_prototype_learnable_pooling,gated_alive,full,cuda,diagonal_prototype_relu_soft_top_fraction_v3_geometry_regularization,1,976400780,a_003,0,0.4746621549129486,0.5,0,3,2,3000,200,20000,5,learnable_soft_top_fraction
cellcnn_prototype_learnable_pooling,gated_alive,full,cuda,diagonal_prototype_relu_soft_top_fraction_v3_geometry_regularization,1,976400780,a_004,0,0.3946187198162079,0.5,0,3,2,3000,200,20000,5,learnable_soft_top_fraction
cellcnn_prototype_learnable_pooling,gated_alive,full,cuda,diagonal_prototype_relu_soft_top_fraction_v3_geometry_regularization,1,976400780,a_006,0,0.32843674421310426,0.5,0,3,2,3000,200,20000,5,learnable_soft_top_fraction
cellcnn_prototype_learnable_pooling,gated_alive,full,cuda,diagonal_prototype_relu_soft_top_fraction_v3_geometry_regularization,1,976400780,a_3b,0,0.29155769646167756,0.5,0,3,2,3000,200,20000,5,learnable_soft_top_fraction
cellcnn_prototype_learnable_pooling,gated_alive,full,cuda,diagonal_prototype_relu_soft_top_fraction_v3_geometry_regularization,1,976400780,a_5a,1,0.8031894087791442,0.5,1,3,2,3000,200,20000,5,learnable_soft_top_fraction
cellcnn_prototype_learnable_pooling,gated_alive,full,cuda,diagonal_prototype_relu_soft_top_fraction_v3_geometry_regularization,2,3387213021,a_002,1,0.7551069259643555,0.5,1,5,2,3000,200,20000,5,learnable_soft_top_fraction
cellcnn_prototype_learnable_pooling,gated_alive,full,cuda,diagonal_prototype_relu_soft_top_fraction_v3_geometry_regularization,2,3387213021,a_004,0,0.0009236827841959894,0.5,0,5,2,3000,200,20000,5,learnable_soft_top_fraction
cellcnn_prototype_learnable_pooling,gated_alive,full,cuda,diagonal_prototype_relu_soft_top_fraction_v3_geometry_regularization,2,3387213021,a_007,1,0.07503664493560791,0.5,0,5,2,3000,200,20000,5,learnable_soft_top_fraction
cellcnn_prototype_learnable_pooling,gated_alive,full,cuda,diagonal_prototype_relu_soft_top_fraction_v3_geometry_regularization,2,3387213021,a_010,0,0.010582412034273148,0.5,0,5,2,3000,200,20000,5,learnable_soft_top_fraction
cellcnn_prototype_learnable_pooling,gated_alive,full,cuda,diagonal_prototype_relu_soft_top_fraction_v3_geometry_regularization,2,3387213021,a_1a,0,0.9698397517204285,0.5,1,5,2,3000,200,20000,5,learnable_soft_top_fraction
cellcnn_prototype_learnable_pooling,gated_alive,full,cuda,diagonal_prototype_relu_soft_top_fraction_v3_geometry_regularization,2,3387213021,a_3b,0,0.06859165877103805,0.5,0,5,2,3000,200,20000,5,learnable_soft_top_fraction
cellcnn_prototype_learnable_pooling,gated_alive,full,cuda,diagonal_prototype_relu_soft_top_fraction_v3_geometry_regularization,3,1360466708,a_006,0,0.5348186373710633,0.5,1,3,2,3000,200,20000,5,learnable_soft_top_fraction
cellcnn_prototype_learnable_pooling,gated_alive,full,cuda,diagonal_prototype_relu_soft_top_fraction_v3_geometry_regularization,3,1360466708,a_009,0,0.8874741435050965,0.5,1,3,2,3000,200,20000,5,learnable_soft_top_fraction
cellcnn_prototype_learnable_pooling,gated_alive,full,cuda,diagonal_prototype_relu_soft_top_fraction_v3_geometry_regularization,3,1360466708,a_011,0,0.8969377040863037,0.5,1,3,2,3000,200,20000,5,learnable_soft_top_fraction
cellcnn_prototype_learnable_pooling,gated_alive,full,cuda,diagonal_prototype_relu_soft_top_fraction_v3_geometry_regularization,3,1360466708,a_2a,0,0.0007681092480197549,0.5,0,3,2,3000,200,20000,5,learnable_soft_top_fraction
cellcnn_prototype_learnable_pooling,gated_alive,full,cuda,diagonal_prototype_relu_soft_top_fraction_v3_geometry_regularization,3,1360466708,a_5a,1,0.16974543631076813,0.5,0,3,2,3000,200,20000,5,learnable_soft_top_fraction
cellcnn_prototype_learnable_pooling,gated_alive,full,cuda,diagonal_prototype_relu_soft_top_fraction_v3_geometry_regularization,3,1360466708,a_5b,1,0.09347012788057327,0.5,0,3,2,3000,200,20000,5,learnable_soft_top_fraction
cellcnn_prototype_learnable_pooling,gated_alive,full,cuda,diagonal_prototype_relu_soft_top_fraction_v3_geometry_regularization,4,876933080,a_001,1,0.5500135064125061,0.5,1,4,0,3000,200,20000,5,learnable_soft_top_fraction
cellcnn_prototype_learnable_pooling,gated_alive,full,cuda,diagonal_prototype_relu_soft_top_fraction_v3_geometry_regularization,4,876933080,a_003,0,0.8977833390235901,0.5,1,4,0,3000,200,20000,5,learnable_soft_top_fraction
cellcnn_prototype_learnable_pooling,gated_alive,full,cuda,diagonal_prototype_relu_soft_top_fraction_v3_geometry_regularization,4,876933080,a_010,0,0.09483528435230255,0.5,0,4,0,3000,200,20000,5,learnable_soft_top_fraction
cellcnn_prototype_learnable_pooling,gated_alive,full,cuda,diagonal_prototype_relu_soft_top_fraction_v3_geometry_regularization,4,876933080,a_011,0,0.87199946641922,0.5,1,4,0,3000,200,20000,5,learnable_soft_top_fraction
cellcnn_prototype_learnable_pooling,gated_alive,full,cuda,diagonal_prototype_relu_soft_top_fraction_v3_geometry_regularization,4,876933080,a_2a,0,0.016758384183049202,0.5,0,4,0,3000,200,20000,5,learnable_soft_top_fraction
cellcnn_prototype_learnable_pooling,gated_alive,full,cuda,diagonal_prototype_relu_soft_top_fraction_v3_geometry_regularization,4,876933080,a_4b,1,0.6491985321044922,0.5,1,4,0,3000,200,20000,5,learnable_soft_top_fraction
cellcnn_prototype_learnable_pooling,gated_alive,full,cuda,diagonal_prototype_relu_soft_top_fraction_v3_geometry_regularization,5,3424658561,a_003,0,0.9804443955421448,0.5,1,4,1,3000,200,20000,5,learnable_soft_top_fraction
cellcnn_prototype_learnable_pooling,gated_alive,full,cuda,diagonal_prototype_relu_soft_top_fraction_v3_geometry_regularization,5,3424658561,a_011,0,0.9981513261795044,0.5,1,4,1,3000,200,20000,5,learnable_soft_top_fraction
cellcnn_prototype_learnable_pooling,gated_alive,full,cuda,diagonal_prototype_relu_soft_top_fraction_v3_geometry_regularization,5,3424658561,a_2b,0,5.115698877489194e-05,0.5,0,4,1,3000,200,20000,5,learnable_soft_top_fraction
cellcnn_prototype_learnable_pooling,gated_alive,full,cuda,diagonal_prototype_relu_soft_top_fraction_v3_geometry_regularization,5,3424658561,a_3b,0,0.04925610423088074,0.5,0,4,1,3000,200,20000,5,learnable_soft_top_fraction
cellcnn_prototype_learnable_pooling,gated_alive,full,cuda,diagonal_prototype_relu_soft_top_fraction_v3_geometry_regularization,5,3424658561,a_5a,1,0.9169094562530518,0.5,1,4,1,3000,200,20000,5,learnable_soft_top_fraction
cellcnn_prototype_learnable_pooling,gated_alive,full,cuda,diagonal_prototype_relu_soft_top_fraction_v3_geometry_regularization,5,3424658561,a_5b,1,0.9907846093177796,0.5,1,4,1,3000,200,20000,5,learnable_soft_top_fraction
cellcnn_prototype_learnable_pooling,gated_alive,full,cuda,diagonal_prototype_relu_soft_top_fraction_v3_geometry_regularization,6,2760304911,a_001,1,0.22011918425559998,0.5,0,5,2,3000,200,20000,5,learnable_soft_top_fraction
cellcnn_prototype_learnable_pooling,gated_alive,full,cuda,diagonal_prototype_relu_soft_top_fraction_v3_geometry_regularization,6,2760304911,a_003,0,0.5898268699645997,0.5,1,5,2,3000,200,20000,5,learnable_soft_top_fraction
cellcnn_prototype_learnable_pooling,gated_alive,full,cuda,diagonal_prototype_relu_soft_top_fraction_v3_geometry_regularization,6,2760304911,a_1a,0,0.7823884844779968,0.5,1,5,2,3000,200,20000,5,learnable_soft_top_fraction
cellcnn_prototype_learnable_pooling,gated_alive,full,cuda,diagonal_prototype_relu_soft_top_fraction_v3_geometry_regularization,6,2760304911,a_2a,0,0.02858482003211975,0.5,0,5,2,3000,200,20000,5,learnable_soft_top_fraction
cellcnn_prototype_learnable_pooling,gated_alive,full,cuda,diagonal_prototype_relu_soft_top_fraction_v3_geometry_regularization,6,2760304911,a_2b,0,0.1072850376367569,0.5,0,5,2,3000,200,20000,5,learnable_soft_top_fraction
cellcnn_prototype_learnable_pooling,gated_alive,full,cuda,diagonal_prototype_relu_soft_top_fraction_v3_geometry_regularization,6,2760304911,a_5a,1,0.9999938011169434,0.5,1,5,2,3000,200,20000,5,learnable_soft_top_fraction
cellcnn_prototype_learnable_pooling,gated_alive,full,cuda,diagonal_prototype_relu_soft_top_fraction_v3_geometry_regularization,7,2904491693,a_002,1,0.618541955947876,0.5,1,4,0,3000,200,20000,5,learnable_soft_top_fraction
cellcnn_prototype_learnable_pooling,gated_alive,full,cuda,diagonal_prototype_relu_soft_top_fraction_v3_geometry_regularization,7,2904491693,a_004,0,0.013903618417680263,0.5,0,4,0,3000,200,20000,5,learnable_soft_top_fraction
cellcnn_prototype_learnable_pooling,gated_alive,full,cuda,diagonal_prototype_relu_soft_top_fraction_v3_geometry_regularization,7,2904491693,a_010,0,0.4983507633209229,0.5,0,4,0,3000,200,20000,5,learnable_soft_top_fraction
cellcnn_prototype_learnable_pooling,gated_alive,full,cuda,diagonal_prototype_relu_soft_top_fraction_v3_geometry_regularization,7,2904491693,a_012,1,0.44231635332107544,0.5,0,4,0,3000,200,20000,5,learnable_soft_top_fraction
cellcnn_prototype_learnable_pooling,gated_alive,full,cuda,diagonal_prototype_relu_soft_top_fraction_v3_geometry_regularization,7,2904491693,a_1a,0,0.6976881265640259,0.5,1,4,0,3000,200,20000,5,learnable_soft_top_fraction
cellcnn_prototype_learnable_pooling,gated_alive,full,cuda,diagonal_prototype_relu_soft_top_fraction_v3_geometry_regularization,7,2904491693,a_2a,0,0.02781518138945103,0.5,0,4,0,3000,200,20000,5,learnable_soft_top_fraction
cellcnn_prototype_learnable_pooling,gated_alive,full,cuda,diagonal_prototype_relu_soft_top_fraction_v3_geometry_regularization,8,4245388044,a_001,1,0.633561623096466,0.5,1,4,2,3000,200,20000,5,learnable_soft_top_fraction
cellcnn_prototype_learnable_pooling,gated_alive,full,cuda,diagonal_prototype_relu_soft_top_fraction_v3_geometry_regularization,8,4245388044,a_006,0,0.5873816013336182,0.5,1,4,2,3000,200,20000,5,learnable_soft_top_fraction
cellcnn_prototype_learnable_pooling,gated_alive,full,cuda,diagonal_prototype_relu_soft_top_fraction_v3_geometry_regularization,8,4245388044,a_010,0,0.4013217628002167,0.5,0,4,2,3000,200,20000,5,learnable_soft_top_fraction
cellcnn_prototype_learnable_pooling,gated_alive,full,cuda,diagonal_prototype_relu_soft_top_fraction_v3_geometry_regularization,8,4245388044,a_2a,0,0.31495378017425535,0.5,0,4,2,3000,200,20000,5,learnable_soft_top_fraction
cellcnn_prototype_learnable_pooling,gated_alive,full,cuda,diagonal_prototype_relu_soft_top_fraction_v3_geometry_regularization,8,4245388044,a_2b,0,0.4607551276683807,0.5,0,4,2,3000,200,20000,5,learnable_soft_top_fraction
cellcnn_prototype_learnable_pooling,gated_alive,full,cuda,diagonal_prototype_relu_soft_top_fraction_v3_geometry_regularization,8,4245388044,a_5a,1,0.9563819646835328,0.5,1,4,2,3000,200,20000,5,learnable_soft_top_fraction
cellcnn_prototype_learnable_pooling,gated_alive,full,cuda,diagonal_prototype_relu_soft_top_fraction_v3_geometry_regularization,9,1679802727,a_003,0,0.5443666458129883,0.5,1,5,2,3000,200,20000,5,learnable_soft_top_fraction
cellcnn_prototype_learnable_pooling,gated_alive,full,cuda,diagonal_prototype_relu_soft_top_fraction_v3_geometry_regularization,9,1679802727,a_007,1,0.7542611718177795,0.5,1,5,2,3000,200,20000,5,learnable_soft_top_fraction
cellcnn_prototype_learnable_pooling,gated_alive,full,cuda,diagonal_prototype_relu_soft_top_fraction_v3_geometry_regularization,9,1679802727,a_011,0,0.9815795183181762,0.5,1,5,2,3000,200,20000,5,learnable_soft_top_fraction
cellcnn_prototype_learnable_pooling,gated_alive,full,cuda,diagonal_prototype_relu_soft_top_fraction_v3_geometry_regularization,9,1679802727,a_2b,0,0.013539979793131351,0.5,0,5,2,3000,200,20000,5,learnable_soft_top_fraction
cellcnn_prototype_learnable_pooling,gated_alive,full,cuda,diagonal_prototype_relu_soft_top_fraction_v3_geometry_regularization,9,1679802727,a_3a,0,0.0019016355508938432,0.5,0,5,2,3000,200,20000,5,learnable_soft_top_fraction
cellcnn_prototype_learnable_pooling,gated_alive,full,cuda,diagonal_prototype_relu_soft_top_fraction_v3_geometry_regularization,9,1679802727,a_4b,1,0.9295898675918579,0.5,1,5,2,3000,200,20000,5,learnable_soft_top_fraction
cellcnn_prototype_learnable_pooling,gated_alive,full,cuda,diagonal_prototype_relu_soft_top_fraction_v3_geometry_regularization,10,3605303106,a_002,1,0.993274736404419,0.5,1,4,1,3000,200,20000,5,learnable_soft_top_fraction
cellcnn_prototype_learnable_pooling,gated_alive,full,cuda,diagonal_prototype_relu_soft_top_fraction_v3_geometry_regularization,10,3605303106,a_003,0,0.5564014077186584,0.5,1,4,1,3000,200,20000,5,learnable_soft_top_fraction
cellcnn_prototype_learnable_pooling,gated_alive,full,cuda,diagonal_prototype_relu_soft_top_fraction_v3_geometry_regularization,10,3605303106,a_007,1,0.4731898844242096,0.5,0,4,1,3000,200,20000,5,learnable_soft_top_fraction
cellcnn_prototype_learnable_pooling,gated_alive,full,cuda,diagonal_prototype_relu_soft_top_fraction_v3_geometry_regularization,10,3605303106,a_009,0,0.5336008429527282,0.5,1,4,1,3000,200,20000,5,learnable_soft_top_fraction
cellcnn_prototype_learnable_pooling,gated_alive,full,cuda,diagonal_prototype_relu_soft_top_fraction_v3_geometry_regularization,10,3605303106,a_010,0,0.1928170442581177,0.5,0,4,1,3000,200,20000,5,learnable_soft_top_fraction
cellcnn_prototype_learnable_pooling,gated_alive,full,cuda,diagonal_prototype_relu_soft_top_fraction_v3_geometry_regularization,10,3605303106,a_2a,0,0.28174585700035093,0.5,0,4,1,3000,200,20000,5,learnable_soft_top_fraction
cellcnn_prototype_learnable_pooling,gated_alive,full,cuda,diagonal_prototype_relu_soft_top_fraction_v3_geometry_regularization,11,1429424934,a_002,1,0.9142640948295593,0.5,1,4,1,3000,200,20000,5,learnable_soft_top_fraction
cellcnn_prototype_learnable_pooling,gated_alive,full,cuda,diagonal_prototype_relu_soft_top_fraction_v3_geometry_regularization,11,1429424934,a_003,0,0.8908599972724914,0.5,1,4,1,3000,200,20000,5,learnable_soft_top_fraction
cellcnn_prototype_learnable_pooling,gated_alive,full,cuda,diagonal_prototype_relu_soft_top_fraction_v3_geometry_regularization,11,1429424934,a_006,0,0.9535039782524108,0.5,1,4,1,3000,200,20000,5,learnable_soft_top_fraction
cellcnn_prototype_learnable_pooling,gated_alive,full,cuda,diagonal_prototype_relu_soft_top_fraction_v3_geometry_regularization,11,1429424934,a_010,0,0.0760860875248909,0.5,0,4,1,3000,200,20000,5,learnable_soft_top_fraction
cellcnn_prototype_learnable_pooling,gated_alive,full,cuda,diagonal_prototype_relu_soft_top_fraction_v3_geometry_regularization,11,1429424934,a_011,0,0.564377897977829,0.5,1,4,1,3000,200,20000,5,learnable_soft_top_fraction
cellcnn_prototype_learnable_pooling,gated_alive,full,cuda,diagonal_prototype_relu_soft_top_fraction_v3_geometry_regularization,11,1429424934,a_012,1,0.9976746559143066,0.5,1,4,1,3000,200,20000,5,learnable_soft_top_fraction
cellcnn_prototype_learnable_pooling,gated_alive,full,cuda,diagonal_prototype_relu_soft_top_fraction_v3_geometry_regularization,12,2437408156,a_001,1,0.5138342261314393,0.5,1,5,2,3000,200,20000,5,learnable_soft_top_fraction
cellcnn_prototype_learnable_pooling,gated_alive,full,cuda,diagonal_prototype_relu_soft_top_fraction_v3_geometry_regularization,12,2437408156,a_003,0,0.9932051062583923,0.5,1,5,2,3000,200,20000,5,learnable_soft_top_fraction
cellcnn_prototype_learnable_pooling,gated_alive,full,cuda,diagonal_prototype_relu_soft_top_fraction_v3_geometry_regularization,12,2437408156,a_004,0,0.0002381658792728558,0.5,0,5,2,3000,200,20000,5,learnable_soft_top_fraction
cellcnn_prototype_learnable_pooling,gated_alive,full,cuda,diagonal_prototype_relu_soft_top_fraction_v3_geometry_regularization,12,2437408156,a_006,0,0.9997386932373047,0.5,1,5,2,3000,200,20000,5,learnable_soft_top_fraction
cellcnn_prototype_learnable_pooling,gated_alive,full,cuda,diagonal_prototype_relu_soft_top_fraction_v3_geometry_regularization,12,2437408156,a_3a,0,0.00045829202281311154,0.5,0,5,2,3000,200,20000,5,learnable_soft_top_fraction
cellcnn_prototype_learnable_pooling,gated_alive,full,cuda,diagonal_prototype_relu_soft_top_fraction_v3_geometry_regularization,12,2437408156,a_4a,1,0.9976841449737549,0.5,1,5,2,3000,200,20000,5,learnable_soft_top_fraction
cellcnn_prototype_learnable_pooling,gated_alive,full,cuda,diagonal_prototype_relu_soft_top_fraction_v3_geometry_regularization,13,2569716528,a_004,0,0.003153142845258117,0.5,0,5,1,3000,200,20000,5,learnable_soft_top_fraction
cellcnn_prototype_learnable_pooling,gated_alive,full,cuda,diagonal_prototype_relu_soft_top_fraction_v3_geometry_regularization,13,2569716528,a_009,0,0.030632957071065902,0.5,0,5,1,3000,200,20000,5,learnable_soft_top_fraction
cellcnn_prototype_learnable_pooling,gated_alive,full,cuda,diagonal_prototype_relu_soft_top_fraction_v3_geometry_regularization,13,2569716528,a_1a,0,0.9567075252532959,0.5,1,5,1,3000,200,20000,5,learnable_soft_top_fraction
cellcnn_prototype_learnable_pooling,gated_alive,full,cuda,diagonal_prototype_relu_soft_top_fraction_v3_geometry_regularization,13,2569716528,a_3b,0,0.16331471502780914,0.5,0,5,1,3000,200,20000,5,learnable_soft_top_fraction
cellcnn_prototype_learnable_pooling,gated_alive,full,cuda,diagonal_prototype_relu_soft_top_fraction_v3_geometry_regularization,13,2569716528,a_4b,1,0.9225237488746643,0.5,1,5,1,3000,200,20000,5,learnable_soft_top_fraction
cellcnn_prototype_learnable_pooling,gated_alive,full,cuda,diagonal_prototype_relu_soft_top_fraction_v3_geometry_regularization,13,2569716528,a_5a,1,0.9926295280456543,0.5,1,5,1,3000,200,20000,5,learnable_soft_top_fraction
cellcnn_prototype_learnable_pooling,gated_alive,full,cuda,diagonal_prototype_relu_soft_top_fraction_v3_geometry_regularization,14,915442270,a_005,1,0.6110681056976318,0.5,1,3,0,3000,200,20000,5,learnable_soft_top_fraction
cellcnn_prototype_learnable_pooling,gated_alive,full,cuda,diagonal_prototype_relu_soft_top_fraction_v3_geometry_regularization,14,915442270,a_010,0,0.6171404242515564,0.5,1,3,0,3000,200,20000,5,learnable_soft_top_fraction
cellcnn_prototype_learnable_pooling,gated_alive,full,cuda,diagonal_prototype_relu_soft_top_fraction_v3_geometry_regularization,14,915442270,a_2a,0,0.6042888879776,0.5,1,3,0,3000,200,20000,5,learnable_soft_top_fraction
cellcnn_prototype_learnable_pooling,gated_alive,full,cuda,diagonal_prototype_relu_soft_top_fraction_v3_geometry_regularization,14,915442270,a_3a,0,0.6009916067123413,0.5,1,3,0,3000,200,20000,5,learnable_soft_top_fraction
cellcnn_prototype_learnable_pooling,gated_alive,full,cuda,diagonal_prototype_relu_soft_top_fraction_v3_geometry_regularization,14,915442270,a_3b,0,0.6036086678504944,0.5,1,3,0,3000,200,20000,5,learnable_soft_top_fraction
cellcnn_prototype_learnable_pooling,gated_alive,full,cuda,diagonal_prototype_relu_soft_top_fraction_v3_geometry_regularization,14,915442270,a_5a,1,0.6039720177650452,0.5,1,3,0,3000,200,20000,5,learnable_soft_top_fraction
cellcnn_prototype_learnable_pooling,gated_alive,full,cuda,diagonal_prototype_relu_soft_top_fraction_v3_geometry_regularization,15,802017219,a_002,1,0.3863708436489105,0.5,0,4,1,3000,200,20000,5,learnable_soft_top_fraction
cellcnn_prototype_learnable_pooling,gated_alive,full,cuda,diagonal_prototype_relu_soft_top_fraction_v3_geometry_regularization,15,802017219,a_003,0,0.6273414611816406,0.5,1,4,1,3000,200,20000,5,learnable_soft_top_fraction
cellcnn_prototype_learnable_pooling,gated_alive,full,cuda,diagonal_prototype_relu_soft_top_fraction_v3_geometry_regularization,15,802017219,a_011,0,0.6110161304473877,0.5,1,4,1,3000,200,20000,5,learnable_soft_top_fraction
cellcnn_prototype_learnable_pooling,gated_alive,full,cuda,diagonal_prototype_relu_soft_top_fraction_v3_geometry_regularization,15,802017219,a_1a,0,0.3706275880336761,0.5,0,4,1,3000,200,20000,5,learnable_soft_top_fraction
cellcnn_prototype_learnable_pooling,gated_alive,full,cuda,diagonal_prototype_relu_soft_top_fraction_v3_geometry_regularization,15,802017219,a_3a,0,0.1773226022720337,0.5,0,4,1,3000,200,20000,5,learnable_soft_top_fraction
cellcnn_prototype_learnable_pooling,gated_alive,full,cuda,diagonal_prototype_relu_soft_top_fraction_v3_geometry_regularization,15,802017219,a_4b,1,0.8479838371276855,0.5,1,4,1,3000,200,20000,5,learnable_soft_top_fraction
cellcnn_prototype_learnable_pooling,gated_alive,full,cuda,diagonal_prototype_relu_soft_top_fraction_v3_geometry_regularization,16,984129068,a_003,0,0.7812989354133606,0.5,1,5,2,3000,200,20000,5,learnable_soft_top_fraction
cellcnn_prototype_learnable_pooling,gated_alive,full,cuda,diagonal_prototype_relu_soft_top_fraction_v3_geometry_regularization,16,984129068,a_006,0,0.33287323713302613,0.5,0,5,2,3000,200,20000,5,learnable_soft_top_fraction
cellcnn_prototype_learnable_pooling,gated_alive,full,cuda,diagonal_prototype_relu_soft_top_fraction_v3_geometry_regularization,16,984129068,a_012,1,0.6540663957595825,0.5,1,5,2,3000,200,20000,5,learnable_soft_top_fraction
cellcnn_prototype_learnable_pooling,gated_alive,full,cuda,diagonal_prototype_relu_soft_top_fraction_v3_geometry_regularization,16,984129068,a_2a,0,0.06922910958528519,0.5,0,5,2,3000,200,20000,5,learnable_soft_top_fraction
cellcnn_prototype_learnable_pooling,gated_alive,full,cuda,diagonal_prototype_relu_soft_top_fraction_v3_geometry_regularization,16,984129068,a_2b,0,0.07040622383356095,0.5,0,5,2,3000,200,20000,5,learnable_soft_top_fraction
cellcnn_prototype_learnable_pooling,gated_alive,full,cuda,diagonal_prototype_relu_soft_top_fraction_v3_geometry_regularization,16,984129068,a_5a,1,0.8032603025436401,0.5,1,5,2,3000,200,20000,5,learnable_soft_top_fraction
cellcnn_prototype_learnable_pooling,gated_alive,full,cuda,diagonal_prototype_relu_soft_top_fraction_v3_geometry_regularization,17,2889465206,a_004,0,0.04414592832326889,0.5,0,4,0,3000,200,20000,5,learnable_soft_top_fraction
cellcnn_prototype_learnable_pooling,gated_alive,full,cuda,diagonal_prototype_relu_soft_top_fraction_v3_geometry_regularization,17,2889465206,a_007,1,0.2551172286272049,0.5,0,4,0,3000,200,20000,5,learnable_soft_top_fraction
cellcnn_prototype_learnable_pooling,gated_alive,full,cuda,diagonal_prototype_relu_soft_top_fraction_v3_geometry_regularization,17,2889465206,a_009,0,0.8520965456962586,0.5,1,4,0,3000,200,20000,5,learnable_soft_top_fraction
cellcnn_prototype_learnable_pooling,gated_alive,full,cuda,diagonal_prototype_relu_soft_top_fraction_v3_geometry_regularization,17,2889465206,a_011,0,0.4539083242416382,0.5,0,4,0,3000,200,20000,5,learnable_soft_top_fraction
cellcnn_prototype_learnable_pooling,gated_alive,full,cuda,diagonal_prototype_relu_soft_top_fraction_v3_geometry_regularization,17,2889465206,a_2a,0,0.048903956264257434,0.5,0,4,0,3000,200,20000,5,learnable_soft_top_fraction
cellcnn_prototype_learnable_pooling,gated_alive,full,cuda,diagonal_prototype_relu_soft_top_fraction_v3_geometry_regularization,17,2889465206,a_4a,1,0.9979767441749573,0.5,1,4,0,3000,200,20000,5,learnable_soft_top_fraction
cellcnn_prototype_learnable_pooling,gated_alive,full,cuda,diagonal_prototype_relu_soft_top_fraction_v3_geometry_regularization,18,2634853374,a_003,0,0.7818787932395935,0.5,1,3,0,3000,200,20000,5,learnable_soft_top_fraction
cellcnn_prototype_learnable_pooling,gated_alive,full,cuda,diagonal_prototype_relu_soft_top_fraction_v3_geometry_regularization,18,2634853374,a_004,0,0.15111653804779052,0.5,0,3,0,3000,200,20000,5,learnable_soft_top_fraction
cellcnn_prototype_learnable_pooling,gated_alive,full,cuda,diagonal_prototype_relu_soft_top_fraction_v3_geometry_regularization,18,2634853374,a_005,1,0.4747278273105621,0.5,0,3,0,3000,200,20000,5,learnable_soft_top_fraction
cellcnn_prototype_learnable_pooling,gated_alive,full,cuda,diagonal_prototype_relu_soft_top_fraction_v3_geometry_regularization,18,2634853374,a_1a,0,0.40674400329589844,0.5,0,3,0,3000,200,20000,5,learnable_soft_top_fraction
cellcnn_prototype_learnable_pooling,gated_alive,full,cuda,diagonal_prototype_relu_soft_top_fraction_v3_geometry_regularization,18,2634853374,a_3a,0,0.17553211450576783,0.5,0,3,0,3000,200,20000,5,learnable_soft_top_fraction
cellcnn_prototype_learnable_pooling,gated_alive,full,cuda,diagonal_prototype_relu_soft_top_fraction_v3_geometry_regularization,18,2634853374,a_4a,1,0.8678842067718506,0.5,1,3,0,3000,200,20000,5,learnable_soft_top_fraction
cellcnn_prototype_learnable_pooling,gated_alive,full,cuda,diagonal_prototype_relu_soft_top_fraction_v3_geometry_regularization,19,4045012504,a_003,0,0.551071298122406,0.5,1,4,2,3000,200,20000,5,learnable_soft_top_fraction
cellcnn_prototype_learnable_pooling,gated_alive,full,cuda,diagonal_prototype_relu_soft_top_fraction_v3_geometry_regularization,19,4045012504,a_005,1,0.9481873989105225,0.5,1,4,2,3000,200,20000,5,learnable_soft_top_fraction
cellcnn_prototype_learnable_pooling,gated_alive,full,cuda,diagonal_prototype_relu_soft_top_fraction_v3_geometry_regularization,19,4045012504,a_006,0,0.6172203063964844,0.5,1,4,2,3000,200,20000,5,learnable_soft_top_fraction
cellcnn_prototype_learnable_pooling,gated_alive,full,cuda,diagonal_prototype_relu_soft_top_fraction_v3_geometry_regularization,19,4045012504,a_2a,0,0.26501924395561216,0.5,0,4,2,3000,200,20000,5,learnable_soft_top_fraction
cellcnn_prototype_learnable_pooling,gated_alive,full,cuda,diagonal_prototype_relu_soft_top_fraction_v3_geometry_regularization,19,4045012504,a_2b,0,0.4269974887371063,0.5,0,4,2,3000,200,20000,5,learnable_soft_top_fraction
cellcnn_prototype_learnable_pooling,gated_alive,full,cuda,diagonal_prototype_relu_soft_top_fraction_v3_geometry_regularization,19,4045012504,a_4b,1,0.8571399688720703,0.5,1,4,2,3000,200,20000,5,learnable_soft_top_fraction
cellcnn_prototype_learnable_pooling,gated_alive,full,cuda,diagonal_prototype_relu_soft_top_fraction_v3_geometry_regularization,20,3032918238,a_002,1,0.9977189898490906,0.5,1,5,2,3000,200,20000,5,learnable_soft_top_fraction
cellcnn_prototype_learnable_pooling,gated_alive,full,cuda,diagonal_prototype_relu_soft_top_fraction_v3_geometry_regularization,20,3032918238,a_003,0,0.9942723393440247,0.5,1,5,2,3000,200,20000,5,learnable_soft_top_fraction
cellcnn_prototype_learnable_pooling,gated_alive,full,cuda,diagonal_prototype_relu_soft_top_fraction_v3_geometry_regularization,20,3032918238,a_009,0,0.9914749026298523,0.5,1,5,2,3000,200,20000,5,learnable_soft_top_fraction
cellcnn_prototype_learnable_pooling,gated_alive,full,cuda,diagonal_prototype_relu_soft_top_fraction_v3_geometry_regularization,20,3032918238,a_011,0,0.9870053768157959,0.5,1,5,2,3000,200,20000,5,learnable_soft_top_fraction
cellcnn_prototype_learnable_pooling,gated_alive,full,cuda,diagonal_prototype_relu_soft_top_fraction_v3_geometry_regularization,20,3032918238,a_012,1,0.9930313229560852,0.5,1,5,2,3000,200,20000,5,learnable_soft_top_fraction
cellcnn_prototype_learnable_pooling,gated_alive,full,cuda,diagonal_prototype_relu_soft_top_fraction_v3_geometry_regularization,20,3032918238,a_2b,0,1.2913104728795589e-05,0.5,0,5,2,3000,200,20000,5,learnable_soft_top_fraction
cellcnn_prototype_learnable_pooling,gated_alive,full,cuda,diagonal_prototype_relu_soft_top_fraction_v3_geometry_regularization,21,1066207224,a_006,0,0.9834451794624328,0.5,1,4,0,3000,200,20000,5,learnable_soft_top_fraction
cellcnn_prototype_learnable_pooling,gated_alive,full,cuda,diagonal_prototype_relu_soft_top_fraction_v3_geometry_regularization,21,1066207224,a_009,0,0.9766422510147095,0.5,1,4,0,3000,200,20000,5,learnable_soft_top_fraction
cellcnn_prototype_learnable_pooling,gated_alive,full,cuda,diagonal_prototype_relu_soft_top_fraction_v3_geometry_regularization,21,1066207224,a_010,0,0.9773080229759217,0.5,1,4,0,3000,200,20000,5,learnable_soft_top_fraction
cellcnn_prototype_learnable_pooling,gated_alive,full,cuda,diagonal_prototype_relu_soft_top_fraction_v3_geometry_regularization,21,1066207224,a_012,1,0.34989277124404905,0.5,0,4,0,3000,200,20000,5,learnable_soft_top_fraction
cellcnn_prototype_learnable_pooling,gated_alive,full,cuda,diagonal_prototype_relu_soft_top_fraction_v3_geometry_regularization,21,1066207224,a_3a,0,0.01978597566485405,0.5,0,4,0,3000,200,20000,5,learnable_soft_top_fraction
cellcnn_prototype_learnable_pooling,gated_alive,full,cuda,diagonal_prototype_relu_soft_top_fraction_v3_geometry_regularization,21,1066207224,a_5a,1,0.948931884765625,0.5,1,4,0,3000,200,20000,5,learnable_soft_top_fraction
cellcnn_prototype_learnable_pooling,gated_alive,full,cuda,diagonal_prototype_relu_soft_top_fraction_v3_geometry_regularization,22,3929519758,a_004,0,0.004271733807399869,0.5,0,5,2,3000,200,20000,5,learnable_soft_top_fraction
cellcnn_prototype_learnable_pooling,gated_alive,full,cuda,diagonal_prototype_relu_soft_top_fraction_v3_geometry_regularization,22,3929519758,a_005,1,0.9954724073410034,0.5,1,5,2,3000,200,20000,5,learnable_soft_top_fraction
cellcnn_prototype_learnable_pooling,gated_alive,full,cuda,diagonal_prototype_relu_soft_top_fraction_v3_geometry_regularization,22,3929519758,a_010,0,0.002541236253455281,0.5,0,5,2,3000,200,20000,5,learnable_soft_top_fraction
cellcnn_prototype_learnable_pooling,gated_alive,full,cuda,diagonal_prototype_relu_soft_top_fraction_v3_geometry_regularization,22,3929519758,a_2a,0,0.0018132057040929795,0.5,0,5,2,3000,200,20000,5,learnable_soft_top_fraction
cellcnn_prototype_learnable_pooling,gated_alive,full,cuda,diagonal_prototype_relu_soft_top_fraction_v3_geometry_regularization,22,3929519758,a_3b,0,0.006986968219280243,0.5,0,5,2,3000,200,20000,5,learnable_soft_top_fraction
cellcnn_prototype_learnable_pooling,gated_alive,full,cuda,diagonal_prototype_relu_soft_top_fraction_v3_geometry_regularization,22,3929519758,a_4a,1,0.998849093914032,0.5,1,5,2,3000,200,20000,5,learnable_soft_top_fraction
cellcnn_prototype_learnable_pooling,gated_alive,full,cuda,diagonal_prototype_relu_soft_top_fraction_v3_geometry_regularization,23,4075413513,a_007,1,0.8871630191802978,0.5,1,5,0,3000,200,20000,5,learnable_soft_top_fraction
cellcnn_prototype_learnable_pooling,gated_alive,full,cuda,diagonal_prototype_relu_soft_top_fraction_v3_geometry_regularization,23,4075413513,a_009,0,0.8516353011131287,0.5,1,5,0,3000,200,20000,5,learnable_soft_top_fraction
cellcnn_prototype_learnable_pooling,gated_alive,full,cuda,diagonal_prototype_relu_soft_top_fraction_v3_geometry_regularization,23,4075413513,a_010,0,0.937401819229126,0.5,1,5,0,3000,200,20000,5,learnable_soft_top_fraction
cellcnn_prototype_learnable_pooling,gated_alive,full,cuda,diagonal_prototype_relu_soft_top_fraction_v3_geometry_regularization,23,4075413513,a_011,0,0.8054155349731446,0.5,1,5,0,3000,200,20000,5,learnable_soft_top_fraction
cellcnn_prototype_learnable_pooling,gated_alive,full,cuda,diagonal_prototype_relu_soft_top_fraction_v3_geometry_regularization,23,4075413513,a_2a,0,0.09946561455726624,0.5,0,5,0,3000,200,20000,5,learnable_soft_top_fraction
cellcnn_prototype_learnable_pooling,gated_alive,full,cuda,diagonal_prototype_relu_soft_top_fraction_v3_geometry_regularization,23,4075413513,a_5b,1,0.7815849781036377,0.5,1,5,0,3000,200,20000,5,learnable_soft_top_fraction
cellcnn_prototype_learnable_pooling,gated_alive,full,cuda,diagonal_prototype_relu_soft_top_fraction_v3_geometry_regularization,24,3145778132,a_003,0,0.6389645338058472,0.5,1,5,2,3000,200,20000,5,learnable_soft_top_fraction
cellcnn_prototype_learnable_pooling,gated_alive,full,cuda,diagonal_prototype_relu_soft_top_fraction_v3_geometry_regularization,24,3145778132,a_004,0,0.4977398157119751,0.5,0,5,2,3000,200,20000,5,learnable_soft_top_fraction
cellcnn_prototype_learnable_pooling,gated_alive,full,cuda,diagonal_prototype_relu_soft_top_fraction_v3_geometry_regularization,24,3145778132,a_2a,0,0.3473364472389221,0.5,0,5,2,3000,200,20000,5,learnable_soft_top_fraction
cellcnn_prototype_learnable_pooling,gated_alive,full,cuda,diagonal_prototype_relu_soft_top_fraction_v3_geometry_regularization,24,3145778132,a_3a,0,0.40395199656486513,0.5,0,5,2,3000,200,20000,5,learnable_soft_top_fraction
cellcnn_prototype_learnable_pooling,gated_alive,full,cuda,diagonal_prototype_relu_soft_top_fraction_v3_geometry_regularization,24,3145778132,a_4a,1,0.43017404079437255,0.5,0,5,2,3000,200,20000,5,learnable_soft_top_fraction
cellcnn_prototype_learnable_pooling,gated_alive,full,cuda,diagonal_prototype_relu_soft_top_fraction_v3_geometry_regularization,24,3145778132,a_5b,1,0.6946816325187684,0.5,1,5,2,3000,200,20000,5,learnable_soft_top_fraction
cellcnn_prototype_learnable_pooling,gated_alive,full,cuda,diagonal_prototype_relu_soft_top_fraction_v3_geometry_regularization,25,2865763038,a_007,1,0.4512058079242706,0.5,0,4,1,3000,200,20000,5,learnable_soft_top_fraction
cellcnn_prototype_learnable_pooling,gated_alive,full,cuda,diagonal_prototype_relu_soft_top_fraction_v3_geometry_regularization,25,2865763038,a_011,0,0.5133203625679016,0.5,1,4,1,3000,200,20000,5,learnable_soft_top_fraction
cellcnn_prototype_learnable_pooling,gated_alive,full,cuda,diagonal_prototype_relu_soft_top_fraction_v3_geometry_regularization,25,2865763038,a_1a,0,0.599954342842102,0.5,1,4,1,3000,200,20000,5,learnable_soft_top_fraction
cellcnn_prototype_learnable_pooling,gated_alive,full,cuda,diagonal_prototype_relu_soft_top_fraction_v3_geometry_regularization,25,2865763038,a_2b,0,0.45115640163421633,0.5,0,4,1,3000,200,20000,5,learnable_soft_top_fraction
cellcnn_prototype_learnable_pooling,gated_alive,full,cuda,diagonal_prototype_relu_soft_top_fraction_v3_geometry_regularization,25,2865763038,a_3b,0,0.5402904629707337,0.5,1,4,1,3000,200,20000,5,learnable_soft_top_fraction
cellcnn_prototype_learnable_pooling,gated_alive,full,cuda,diagonal_prototype_relu_soft_top_fraction_v3_geometry_regularization,25,2865763038,a_4b,1,0.5925474882125854,0.5,1,4,1,3000,200,20000,5,learnable_soft_top_fraction
cellcnn_prototype_learnable_pooling,gated_alive,full,cuda,diagonal_prototype_relu_soft_top_fraction_v3_geometry_regularization,26,561033802,a_003,0,0.503680408000946,0.5,1,5,0,3000,200,20000,5,learnable_soft_top_fraction
cellcnn_prototype_learnable_pooling,gated_alive,full,cuda,diagonal_prototype_relu_soft_top_fraction_v3_geometry_regularization,26,561033802,a_004,0,0.31498792171478274,0.5,0,5,0,3000,200,20000,5,learnable_soft_top_fraction
cellcnn_prototype_learnable_pooling,gated_alive,full,cuda,diagonal_prototype_relu_soft_top_fraction_v3_geometry_regularization,26,561033802,a_007,1,0.6314701914787293,0.5,1,5,0,3000,200,20000,5,learnable_soft_top_fraction
cellcnn_prototype_learnable_pooling,gated_alive,full,cuda,diagonal_prototype_relu_soft_top_fraction_v3_geometry_regularization,26,561033802,a_010,0,0.32328656911849973,0.5,0,5,0,3000,200,20000,5,learnable_soft_top_fraction
cellcnn_prototype_learnable_pooling,gated_alive,full,cuda,diagonal_prototype_relu_soft_top_fraction_v3_geometry_regularization,26,561033802,a_3b,0,0.2737968325614929,0.5,0,5,0,3000,200,20000,5,learnable_soft_top_fraction
cellcnn_prototype_learnable_pooling,gated_alive,full,cuda,diagonal_prototype_relu_soft_top_fraction_v3_geometry_regularization,26,561033802,a_4a,1,0.42555294632911683,0.5,0,5,0,3000,200,20000,5,learnable_soft_top_fraction
cellcnn_prototype_learnable_pooling,gated_alive,full,cuda,diagonal_prototype_relu_soft_top_fraction_v3_geometry_regularization,27,411878496,a_001,1,0.29338123500347135,0.5,0,5,2,3000,200,20000,5,learnable_soft_top_fraction
cellcnn_prototype_learnable_pooling,gated_alive,full,cuda,diagonal_prototype_relu_soft_top_fraction_v3_geometry_regularization,27,411878496,a_006,0,0.1875740647315979,0.5,0,5,2,3000,200,20000,5,learnable_soft_top_fraction
cellcnn_prototype_learnable_pooling,gated_alive,full,cuda,diagonal_prototype_relu_soft_top_fraction_v3_geometry_regularization,27,411878496,a_011,0,0.003131343424320221,0.5,0,5,2,3000,200,20000,5,learnable_soft_top_fraction
cellcnn_prototype_learnable_pooling,gated_alive,full,cuda,diagonal_prototype_relu_soft_top_fraction_v3_geometry_regularization,27,411878496,a_2b,0,0.8557823419570922,0.5,1,5,2,3000,200,20000,5,learnable_soft_top_fraction
cellcnn_prototype_learnable_pooling,gated_alive,full,cuda,diagonal_prototype_relu_soft_top_fraction_v3_geometry_regularization,27,411878496,a_3a,0,0.00016073092119768263,0.5,0,5,2,3000,200,20000,5,learnable_soft_top_fraction
cellcnn_prototype_learnable_pooling,gated_alive,full,cuda,diagonal_prototype_relu_soft_top_fraction_v3_geometry_regularization,27,411878496,a_5b,1,0.9999741792678833,0.5,1,5,2,3000,200,20000,5,learnable_soft_top_fraction
cellcnn_prototype_learnable_pooling,gated_alive,full,cuda,diagonal_prototype_relu_soft_top_fraction_v3_geometry_regularization,28,1143809828,a_003,0,0.9065389752388,0.5,1,3,1,3000,200,20000,5,learnable_soft_top_fraction
cellcnn_prototype_learnable_pooling,gated_alive,full,cuda,diagonal_prototype_relu_soft_top_fraction_v3_geometry_regularization,28,1143809828,a_004,0,0.7205612897872925,0.5,1,3,1,3000,200,20000,5,learnable_soft_top_fraction
cellcnn_prototype_learnable_pooling,gated_alive,full,cuda,diagonal_prototype_relu_soft_top_fraction_v3_geometry_regularization,28,1143809828,a_3a,0,0.03851786777377129,0.5,0,3,1,3000,200,20000,5,learnable_soft_top_fraction
cellcnn_prototype_learnable_pooling,gated_alive,full,cuda,diagonal_prototype_relu_soft_top_fraction_v3_geometry_regularization,28,1143809828,a_3b,0,0.06340109184384346,0.5,0,3,1,3000,200,20000,5,learnable_soft_top_fraction
cellcnn_prototype_learnable_pooling,gated_alive,full,cuda,diagonal_prototype_relu_soft_top_fraction_v3_geometry_regularization,28,1143809828,a_4b,1,0.06577574759721756,0.5,0,3,1,3000,200,20000,5,learnable_soft_top_fraction
cellcnn_prototype_learnable_pooling,gated_alive,full,cuda,diagonal_prototype_relu_soft_top_fraction_v3_geometry_regularization,28,1143809828,a_5b,1,0.9895826697349548,0.5,1,3,1,3000,200,20000,5,learnable_soft_top_fraction
cellcnn_prototype_learnable_pooling,gated_alive,full,cuda,diagonal_prototype_relu_soft_top_fraction_v3_geometry_regularization,29,1897686915,a_004,0,0.4602107763290405,0.5,0,4,2,3000,200,20000,5,learnable_soft_top_fraction
cellcnn_prototype_learnable_pooling,gated_alive,full,cuda,diagonal_prototype_relu_soft_top_fraction_v3_geometry_regularization,29,1897686915,a_009,0,0.10436690002679824,0.5,0,4,2,3000,200,20000,5,learnable_soft_top_fraction
cellcnn_prototype_learnable_pooling,gated_alive,full,cuda,diagonal_prototype_relu_soft_top_fraction_v3_geometry_regularization,29,1897686915,a_012,1,0.8332064628601075,0.5,1,4,2,3000,200,20000,5,learnable_soft_top_fraction
cellcnn_prototype_learnable_pooling,gated_alive,full,cuda,diagonal_prototype_relu_soft_top_fraction_v3_geometry_regularization,29,1897686915,a_2b,0,0.36265844106674194,0.5,0,4,2,3000,200,20000,5,learnable_soft_top_fraction
cellcnn_prototype_learnable_pooling,gated_alive,full,cuda,diagonal_prototype_relu_soft_top_fraction_v3_geometry_regularization,29,1897686915,a_3b,0,0.0613908514380455,0.5,0,4,2,3000,200,20000,5,learnable_soft_top_fraction
cellcnn_prototype_learnable_pooling,gated_alive,full,cuda,diagonal_prototype_relu_soft_top_fraction_v3_geometry_regularization,29,1897686915,a_5b,1,0.9982932209968567,0.5,1,4,2,3000,200,20000,5,learnable_soft_top_fraction
cellcnn_prototype_learnable_pooling,gated_alive,full,cuda,diagonal_prototype_relu_soft_top_fraction_v3_geometry_regularization,30,310984977,a_004,0,0.008512209448963404,0.5,0,4,1,3000,200,20000,5,learnable_soft_top_fraction
cellcnn_prototype_learnable_pooling,gated_alive,full,cuda,diagonal_prototype_relu_soft_top_fraction_v3_geometry_regularization,30,310984977,a_005,1,0.99986572265625,0.5,1,4,1,3000,200,20000,5,learnable_soft_top_fraction
cellcnn_prototype_learnable_pooling,gated_alive,full,cuda,diagonal_prototype_relu_soft_top_fraction_v3_geometry_regularization,30,310984977,a_007,1,0.9437613248825073,0.5,1,4,1,3000,200,20000,5,learnable_soft_top_fraction
cellcnn_prototype_learnable_pooling,gated_alive,full,cuda,diagonal_prototype_relu_soft_top_fraction_v3_geometry_regularization,30,310984977,a_1a,0,0.29662460684776304,0.5,0,4,1,3000,200,20000,5,learnable_soft_top_fraction
cellcnn_prototype_learnable_pooling,gated_alive,full,cuda,diagonal_prototype_relu_soft_top_fraction_v3_geometry_regularization,30,310984977,a_2b,0,0.004887538123875856,0.5,0,4,1,3000,200,20000,5,learnable_soft_top_fraction
cellcnn_prototype_learnable_pooling,gated_alive,full,cuda,diagonal_prototype_relu_soft_top_fraction_v3_geometry_regularization,30,310984977,a_3a,0,0.0036059160251170398,0.5,0,4,1,3000,200,20000,5,learnable_soft_top_fraction
cellcnn_prototype_learnable_pooling,gated_alive,full,cuda,diagonal_prototype_relu_soft_top_fraction_v3_geometry_regularization,31,3807402261,a_001,1,0.011389571335166692,0.5,0,5,0,3000,200,20000,5,learnable_soft_top_fraction
cellcnn_prototype_learnable_pooling,gated_alive,full,cuda,diagonal_prototype_relu_soft_top_fraction_v3_geometry_regularization,31,3807402261,a_003,0,0.2787458151578903,0.5,0,5,0,3000,200,20000,5,learnable_soft_top_fraction
cellcnn_prototype_learnable_pooling,gated_alive,full,cuda,diagonal_prototype_relu_soft_top_fraction_v3_geometry_regularization,31,3807402261,a_004,0,8.546834869775921e-05,0.5,0,5,0,3000,200,20000,5,learnable_soft_top_fraction
cellcnn_prototype_learnable_pooling,gated_alive,full,cuda,diagonal_prototype_relu_soft_top_fraction_v3_geometry_regularization,31,3807402261,a_007,1,0.335281229019165,0.5,0,5,0,3000,200,20000,5,learnable_soft_top_fraction
cellcnn_prototype_learnable_pooling,gated_alive,full,cuda,diagonal_prototype_relu_soft_top_fraction_v3_geometry_regularization,31,3807402261,a_010,0,6.094184063840657e-05,0.5,0,5,0,3000,200,20000,5,learnable_soft_top_fraction
cellcnn_prototype_learnable_pooling,gated_alive,full,cuda,diagonal_prototype_relu_soft_top_fraction_v3_geometry_regularization,31,3807402261,a_1a,0,0.8993920683860779,0.5,1,5,0,3000,200,20000,5,learnable_soft_top_fraction
cellcnn_prototype_learnable_pooling,gated_alive,full,cuda,diagonal_prototype_relu_soft_top_fraction_v3_geometry_regularization,32,2035922533,a_003,0,0.6872619748115539,0.5,1,5,0,3000,200,20000,5,learnable_soft_top_fraction
cellcnn_prototype_learnable_pooling,gated_alive,full,cuda,diagonal_prototype_relu_soft_top_fraction_v3_geometry_regularization,32,2035922533,a_009,0,0.6378287434577942,0.5,1,5,0,3000,200,20000,5,learnable_soft_top_fraction
cellcnn_prototype_learnable_pooling,gated_alive,full,cuda,diagonal_prototype_relu_soft_top_fraction_v3_geometry_regularization,32,2035922533,a_011,0,0.4291617214679718,0.5,0,5,0,3000,200,20000,5,learnable_soft_top_fraction
cellcnn_prototype_learnable_pooling,gated_alive,full,cuda,diagonal_prototype_relu_soft_top_fraction_v3_geometry_regularization,32,2035922533,a_012,1,0.9230994701385498,0.5,1,5,0,3000,200,20000,5,learnable_soft_top_fraction
cellcnn_prototype_learnable_pooling,gated_alive,full,cuda,diagonal_prototype_relu_soft_top_fraction_v3_geometry_regularization,32,2035922533,a_3a,0,0.35290982127189635,0.5,0,5,0,3000,200,20000,5,learnable_soft_top_fraction
cellcnn_prototype_learnable_pooling,gated_alive,full,cuda,diagonal_prototype_relu_soft_top_fraction_v3_geometry_regularization,32,2035922533,a_4a,1,0.6842304468154907,0.5,1,5,0,3000,200,20000,5,learnable_soft_top_fraction
cellcnn_prototype_learnable_pooling,gated_alive,full,cuda,diagonal_prototype_relu_soft_top_fraction_v3_geometry_regularization,33,2995539971,a_007,1,0.6608628749847412,0.5,1,5,2,3000,200,20000,5,learnable_soft_top_fraction
cellcnn_prototype_learnable_pooling,gated_alive,full,cuda,diagonal_prototype_relu_soft_top_fraction_v3_geometry_regularization,33,2995539971,a_009,0,0.8984176993370057,0.5,1,5,2,3000,200,20000,5,learnable_soft_top_fraction
cellcnn_prototype_learnable_pooling,gated_alive,full,cuda,diagonal_prototype_relu_soft_top_fraction_v3_geometry_regularization,33,2995539971,a_011,0,0.8947314500808716,0.5,1,5,2,3000,200,20000,5,learnable_soft_top_fraction
cellcnn_prototype_learnable_pooling,gated_alive,full,cuda,diagonal_prototype_relu_soft_top_fraction_v3_geometry_regularization,33,2995539971,a_2b,0,0.0007877202820964158,0.5,0,5,2,3000,200,20000,5,learnable_soft_top_fraction
cellcnn_prototype_learnable_pooling,gated_alive,full,cuda,diagonal_prototype_relu_soft_top_fraction_v3_geometry_regularization,33,2995539971,a_3a,0,0.025207460671663285,0.5,0,5,2,3000,200,20000,5,learnable_soft_top_fraction
cellcnn_prototype_learnable_pooling,gated_alive,full,cuda,diagonal_prototype_relu_soft_top_fraction_v3_geometry_regularization,33,2995539971,a_4b,1,0.5799107432365418,0.5,1,5,2,3000,200,20000,5,learnable_soft_top_fraction
cellcnn_prototype_learnable_pooling,gated_alive,full,cuda,diagonal_prototype_relu_soft_top_fraction_v3_geometry_regularization,34,913046978,a_005,1,0.5673505663871765,0.5,1,4,1,3000,200,20000,5,learnable_soft_top_fraction
cellcnn_prototype_learnable_pooling,gated_alive,full,cuda,diagonal_prototype_relu_soft_top_fraction_v3_geometry_regularization,34,913046978,a_009,0,0.6897873997688293,0.5,1,4,1,3000,200,20000,5,learnable_soft_top_fraction
cellcnn_prototype_learnable_pooling,gated_alive,full,cuda,diagonal_prototype_relu_soft_top_fraction_v3_geometry_regularization,34,913046978,a_010,0,0.5531428337097168,0.5,1,4,1,3000,200,20000,5,learnable_soft_top_fraction
cellcnn_prototype_learnable_pooling,gated_alive,full,cuda,diagonal_prototype_relu_soft_top_fraction_v3_geometry_regularization,34,913046978,a_011,0,0.6258081555366516,0.5,1,4,1,3000,200,20000,5,learnable_soft_top_fraction
cellcnn_prototype_learnable_pooling,gated_alive,full,cuda,diagonal_prototype_relu_soft_top_fraction_v3_geometry_regularization,34,913046978,a_2a,0,0.19558688700199128,0.5,0,4,1,3000,200,20000,5,learnable_soft_top_fraction
cellcnn_prototype_learnable_pooling,gated_alive,full,cuda,diagonal_prototype_relu_soft_top_fraction_v3_geometry_regularization,34,913046978,a_5a,1,0.7432653784751893,0.5,1,4,1,3000,200,20000,5,learnable_soft_top_fraction
cellcnn_prototype_learnable_pooling,gated_alive,full,cuda,diagonal_prototype_relu_soft_top_fraction_v3_geometry_regularization,35,1402190273,a_004,0,0.07689535915851593,0.5,0,5,0,3000,200,20000,5,learnable_soft_top_fraction
cellcnn_prototype_learnable_pooling,gated_alive,full,cuda,diagonal_prototype_relu_soft_top_fraction_v3_geometry_regularization,35,1402190273,a_009,0,0.9490426301956176,0.5,1,5,0,3000,200,20000,5,learnable_soft_top_fraction
cellcnn_prototype_learnable_pooling,gated_alive,full,cuda,diagonal_prototype_relu_soft_top_fraction_v3_geometry_regularization,35,1402190273,a_012,1,0.5828172087669372,0.5,1,5,0,3000,200,20000,5,learnable_soft_top_fraction
cellcnn_prototype_learnable_pooling,gated_alive,full,cuda,diagonal_prototype_relu_soft_top_fraction_v3_geometry_regularization,35,1402190273,a_2b,0,0.025223447382450102,0.5,0,5,0,3000,200,20000,5,learnable_soft_top_fraction
cellcnn_prototype_learnable_pooling,gated_alive,full,cuda,diagonal_prototype_relu_soft_top_fraction_v3_geometry_regularization,35,1402190273,a_3a,0,0.029156433418393135,0.5,0,5,0,3000,200,20000,5,learnable_soft_top_fraction
cellcnn_prototype_learnable_pooling,gated_alive,full,cuda,diagonal_prototype_relu_soft_top_fraction_v3_geometry_regularization,35,1402190273,a_5b,1,0.9512392282485962,0.5,1,5,0,3000,200,20000,5,learnable_soft_top_fraction
cellcnn_prototype_learnable_pooling,gated_alive,full,cuda,diagonal_prototype_relu_soft_top_fraction_v3_geometry_regularization,36,498139153,a_003,0,0.992880380153656,0.5,1,4,1,3000,200,20000,5,learnable_soft_top_fraction
cellcnn_prototype_learnable_pooling,gated_alive,full,cuda,diagonal_prototype_relu_soft_top_fraction_v3_geometry_regularization,36,498139153,a_009,0,0.9819597721099853,0.5,1,4,1,3000,200,20000,5,learnable_soft_top_fraction
cellcnn_prototype_learnable_pooling,gated_alive,full,cuda,diagonal_prototype_relu_soft_top_fraction_v3_geometry_regularization,36,498139153,a_011,0,0.8529085516929626,0.5,1,4,1,3000,200,20000,5,learnable_soft_top_fraction
cellcnn_prototype_learnable_pooling,gated_alive,full,cuda,diagonal_prototype_relu_soft_top_fraction_v3_geometry_regularization,36,498139153,a_3a,0,0.025688101723790168,0.5,0,4,1,3000,200,20000,5,learnable_soft_top_fraction
cellcnn_prototype_learnable_pooling,gated_alive,full,cuda,diagonal_prototype_relu_soft_top_fraction_v3_geometry_regularization,36,498139153,a_4b,1,0.8618338465690613,0.5,1,4,1,3000,200,20000,5,learnable_soft_top_fraction
cellcnn_prototype_learnable_pooling,gated_alive,full,cuda,diagonal_prototype_relu_soft_top_fraction_v3_geometry_regularization,36,498139153,a_5b,1,0.9819759249687194,0.5,1,4,1,3000,200,20000,5,learnable_soft_top_fraction
cellcnn_prototype_learnable_pooling,gated_alive,full,cuda,diagonal_prototype_relu_soft_top_fraction_v3_geometry_regularization,37,3152197458,a_004,0,0.28050734400749205,0.5,0,3,1,3000,200,20000,5,learnable_soft_top_fraction
cellcnn_prototype_learnable_pooling,gated_alive,full,cuda,diagonal_prototype_relu_soft_top_fraction_v3_geometry_regularization,37,3152197458,a_007,1,0.24880090057849885,0.5,0,3,1,3000,200,20000,5,learnable_soft_top_fraction
cellcnn_prototype_learnable_pooling,gated_alive,full,cuda,diagonal_prototype_relu_soft_top_fraction_v3_geometry_regularization,37,3152197458,a_011,0,0.2827770829200745,0.5,0,3,1,3000,200,20000,5,learnable_soft_top_fraction
cellcnn_prototype_learnable_pooling,gated_alive,full,cuda,diagonal_prototype_relu_soft_top_fraction_v3_geometry_regularization,37,3152197458,a_2a,0,0.41873924136161805,0.5,0,3,1,3000,200,20000,5,learnable_soft_top_fraction
cellcnn_prototype_learnable_pooling,gated_alive,full,cuda,diagonal_prototype_relu_soft_top_fraction_v3_geometry_regularization,37,3152197458,a_2b,0,0.35162299275398257,0.5,0,3,1,3000,200,20000,5,learnable_soft_top_fraction
cellcnn_prototype_learnable_pooling,gated_alive,full,cuda,diagonal_prototype_relu_soft_top_fraction_v3_geometry_regularization,37,3152197458,a_4a,1,0.5262291431427002,0.5,1,3,1,3000,200,20000,5,learnable_soft_top_fraction
cellcnn_prototype_learnable_pooling,gated_alive,full,cuda,diagonal_prototype_relu_soft_top_fraction_v3_geometry_regularization,38,3325497001,a_002,1,0.8611693620681763,0.5,1,4,1,3000,200,20000,5,learnable_soft_top_fraction
cellcnn_prototype_learnable_pooling,gated_alive,full,cuda,diagonal_prototype_relu_soft_top_fraction_v3_geometry_regularization,38,3325497001,a_004,0,0.08520887643098832,0.5,0,4,1,3000,200,20000,5,learnable_soft_top_fraction
cellcnn_prototype_learnable_pooling,gated_alive,full,cuda,diagonal_prototype_relu_soft_top_fraction_v3_geometry_regularization,38,3325497001,a_006,0,0.4127771735191345,0.5,0,4,1,3000,200,20000,5,learnable_soft_top_fraction
cellcnn_prototype_learnable_pooling,gated_alive,full,cuda,diagonal_prototype_relu_soft_top_fraction_v3_geometry_regularization,38,3325497001,a_011,0,0.38610554933547975,0.5,0,4,1,3000,200,20000,5,learnable_soft_top_fraction
cellcnn_prototype_learnable_pooling,gated_alive,full,cuda,diagonal_prototype_relu_soft_top_fraction_v3_geometry_regularization,38,3325497001,a_3a,0,0.17135598361492158,0.5,0,4,1,3000,200,20000,5,learnable_soft_top_fraction
cellcnn_prototype_learnable_pooling,gated_alive,full,cuda,diagonal_prototype_relu_soft_top_fraction_v3_geometry_regularization,38,3325497001,a_5b,1,0.9744555473327636,0.5,1,4,1,3000,200,20000,5,learnable_soft_top_fraction
cellcnn_prototype_learnable_pooling,gated_alive,full,cuda,diagonal_prototype_relu_soft_top_fraction_v3_geometry_regularization,39,945472433,a_001,1,0.15716501474380493,0.5,0,5,0,3000,200,20000,5,learnable_soft_top_fraction
cellcnn_prototype_learnable_pooling,gated_alive,full,cuda,diagonal_prototype_relu_soft_top_fraction_v3_geometry_regularization,39,945472433,a_009,0,0.29789456725120544,0.5,0,5,0,3000,200,20000,5,learnable_soft_top_fraction
cellcnn_prototype_learnable_pooling,gated_alive,full,cuda,diagonal_prototype_relu_soft_top_fraction_v3_geometry_regularization,39,945472433,a_1a,0,0.47206680178642274,0.5,0,5,0,3000,200,20000,5,learnable_soft_top_fraction
cellcnn_prototype_learnable_pooling,gated_alive,full,cuda,diagonal_prototype_relu_soft_top_fraction_v3_geometry_regularization,39,945472433,a_2b,0,0.0058323384262621404,0.5,0,5,0,3000,200,20000,5,learnable_soft_top_fraction
cellcnn_prototype_learnable_pooling,gated_alive,full,cuda,diagonal_prototype_relu_soft_top_fraction_v3_geometry_regularization,39,945472433,a_3a,0,0.0567310981452465,0.5,0,5,0,3000,200,20000,5,learnable_soft_top_fraction
cellcnn_prototype_learnable_pooling,gated_alive,full,cuda,diagonal_prototype_relu_soft_top_fraction_v3_geometry_regularization,39,945472433,a_4a,1,0.9783151388168335,0.5,1,5,0,3000,200,20000,5,learnable_soft_top_fraction
cellcnn_prototype_learnable_pooling,gated_alive,full,cuda,diagonal_prototype_relu_soft_top_fraction_v3_geometry_regularization,40,3070822591,a_001,1,0.4740336060523987,0.5,0,4,1,3000,200,20000,5,learnable_soft_top_fraction
cellcnn_prototype_learnable_pooling,gated_alive,full,cuda,diagonal_prototype_relu_soft_top_fraction_v3_geometry_regularization,40,3070822591,a_003,0,0.4833425998687744,0.5,0,4,1,3000,200,20000,5,learnable_soft_top_fraction
cellcnn_prototype_learnable_pooling,gated_alive,full,cuda,diagonal_prototype_relu_soft_top_fraction_v3_geometry_regularization,40,3070822591,a_005,1,0.48298090100288393,0.5,0,4,1,3000,200,20000,5,learnable_soft_top_fraction
cellcnn_prototype_learnable_pooling,gated_alive,full,cuda,diagonal_prototype_relu_soft_top_fraction_v3_geometry_regularization,40,3070822591,a_006,0,0.48812423944473265,0.5,0,4,1,3000,200,20000,5,learnable_soft_top_fraction
cellcnn_prototype_learnable_pooling,gated_alive,full,cuda,diagonal_prototype_relu_soft_top_fraction_v3_geometry_regularization,40,3070822591,a_2a,0,0.5001428902149201,0.5,1,4,1,3000,200,20000,5,learnable_soft_top_fraction
cellcnn_prototype_learnable_pooling,gated_alive,full,cuda,diagonal_prototype_relu_soft_top_fraction_v3_geometry_regularization,40,3070822591,a_3b,0,0.5048795223236084,0.5,1,4,1,3000,200,20000,5,learnable_soft_top_fraction
cellcnn_prototype_learnable_pooling,gated_alive,full,cuda,diagonal_prototype_relu_soft_top_fraction_v3_geometry_regularization,41,350446006,a_001,1,0.009091994818300008,0.5,0,5,1,3000,200,20000,5,learnable_soft_top_fraction
cellcnn_prototype_learnable_pooling,gated_alive,full,cuda,diagonal_prototype_relu_soft_top_fraction_v3_geometry_regularization,41,350446006,a_006,0,0.24174252450466155,0.5,0,5,1,3000,200,20000,5,learnable_soft_top_fraction
cellcnn_prototype_learnable_pooling,gated_alive,full,cuda,diagonal_prototype_relu_soft_top_fraction_v3_geometry_regularization,41,350446006,a_009,0,0.13086917400360107,0.5,0,5,1,3000,200,20000,5,learnable_soft_top_fraction
cellcnn_prototype_learnable_pooling,gated_alive,full,cuda,diagonal_prototype_relu_soft_top_fraction_v3_geometry_regularization,41,350446006,a_2b,0,0.14882547557353973,0.5,0,5,1,3000,200,20000,5,learnable_soft_top_fraction
cellcnn_prototype_learnable_pooling,gated_alive,full,cuda,diagonal_prototype_relu_soft_top_fraction_v3_geometry_regularization,41,350446006,a_3a,0,0.05425193235278129,0.5,0,5,1,3000,200,20000,5,learnable_soft_top_fraction
cellcnn_prototype_learnable_pooling,gated_alive,full,cuda,diagonal_prototype_relu_soft_top_fraction_v3_geometry_regularization,41,350446006,a_4a,1,0.9866452097892762,0.5,1,5,1,3000,200,20000,5,learnable_soft_top_fraction
cellcnn_prototype_learnable_pooling,gated_alive,full,cuda,diagonal_prototype_relu_soft_top_fraction_v3_geometry_regularization,42,1681873724,a_009,0,0.7689530730247498,0.5,1,3,2,3000,200,20000,5,learnable_soft_top_fraction
cellcnn_prototype_learnable_pooling,gated_alive,full,cuda,diagonal_prototype_relu_soft_top_fraction_v3_geometry_regularization,42,1681873724,a_012,1,0.047659193724393846,0.5,0,3,2,3000,200,20000,5,learnable_soft_top_fraction
cellcnn_prototype_learnable_pooling,gated_alive,full,cuda,diagonal_prototype_relu_soft_top_fraction_v3_geometry_regularization,42,1681873724,a_1a,0,0.8013197898864746,0.5,1,3,2,3000,200,20000,5,learnable_soft_top_fraction
cellcnn_prototype_learnable_pooling,gated_alive,full,cuda,diagonal_prototype_relu_soft_top_fraction_v3_geometry_regularization,42,1681873724,a_2a,0,0.06141671240329742,0.5,0,3,2,3000,200,20000,5,learnable_soft_top_fraction
cellcnn_prototype_learnable_pooling,gated_alive,full,cuda,diagonal_prototype_relu_soft_top_fraction_v3_geometry_regularization,42,1681873724,a_2b,0,0.05865542218089104,0.5,0,3,2,3000,200,20000,5,learnable_soft_top_fraction
cellcnn_prototype_learnable_pooling,gated_alive,full,cuda,diagonal_prototype_relu_soft_top_fraction_v3_geometry_regularization,42,1681873724,a_4b,1,0.45516967177391054,0.5,0,3,2,3000,200,20000,5,learnable_soft_top_fraction
cellcnn_prototype_learnable_pooling,gated_alive,full,cuda,diagonal_prototype_relu_soft_top_fraction_v3_geometry_regularization,43,686746376,a_006,0,0.20231759548187256,0.5,0,5,1,3000,200,20000,5,learnable_soft_top_fraction
cellcnn_prototype_learnable_pooling,gated_alive,full,cuda,diagonal_prototype_relu_soft_top_fraction_v3_geometry_regularization,43,686746376,a_007,1,0.43289156556129454,0.5,0,5,1,3000,200,20000,5,learnable_soft_top_fraction
cellcnn_prototype_learnable_pooling,gated_alive,full,cuda,diagonal_prototype_relu_soft_top_fraction_v3_geometry_regularization,43,686746376,a_011,0,0.28825048804283143,0.5,0,5,1,3000,200,20000,5,learnable_soft_top_fraction
cellcnn_prototype_learnable_pooling,gated_alive,full,cuda,diagonal_prototype_relu_soft_top_fraction_v3_geometry_regularization,43,686746376,a_1a,0,0.4497584879398346,0.5,0,5,1,3000,200,20000,5,learnable_soft_top_fraction
cellcnn_prototype_learnable_pooling,gated_alive,full,cuda,diagonal_prototype_relu_soft_top_fraction_v3_geometry_regularization,43,686746376,a_2b,0,0.1340637683868408,0.5,0,5,1,3000,200,20000,5,learnable_soft_top_fraction
cellcnn_prototype_learnable_pooling,gated_alive,full,cuda,diagonal_prototype_relu_soft_top_fraction_v3_geometry_regularization,43,686746376,a_5b,1,0.961988341808319,0.5,1,5,1,3000,200,20000,5,learnable_soft_top_fraction
cellcnn_prototype_learnable_pooling,gated_alive,full,cuda,diagonal_prototype_relu_soft_top_fraction_v3_geometry_regularization,44,3195502165,a_002,1,0.9999457597732544,0.5,1,3,0,3000,200,20000,5,learnable_soft_top_fraction
cellcnn_prototype_learnable_pooling,gated_alive,full,cuda,diagonal_prototype_relu_soft_top_fraction_v3_geometry_regularization,44,3195502165,a_006,0,0.03750515058636665,0.5,0,3,0,3000,200,20000,5,learnable_soft_top_fraction
cellcnn_prototype_learnable_pooling,gated_alive,full,cuda,diagonal_prototype_relu_soft_top_fraction_v3_geometry_regularization,44,3195502165,a_010,0,0.08237534314393997,0.5,0,3,0,3000,200,20000,5,learnable_soft_top_fraction
cellcnn_prototype_learnable_pooling,gated_alive,full,cuda,diagonal_prototype_relu_soft_top_fraction_v3_geometry_regularization,44,3195502165,a_1a,0,0.6349470734596252,0.5,1,3,0,3000,200,20000,5,learnable_soft_top_fraction
cellcnn_prototype_learnable_pooling,gated_alive,full,cuda,diagonal_prototype_relu_soft_top_fraction_v3_geometry_regularization,44,3195502165,a_3a,0,0.005120453657582402,0.5,0,3,0,3000,200,20000,5,learnable_soft_top_fraction
cellcnn_prototype_learnable_pooling,gated_alive,full,cuda,diagonal_prototype_relu_soft_top_fraction_v3_geometry_regularization,44,3195502165,a_5a,1,0.9980662941932679,0.5,1,3,0,3000,200,20000,5,learnable_soft_top_fraction
cellcnn_prototype_learnable_pooling,gated_alive,full,cuda,diagonal_prototype_relu_soft_top_fraction_v3_geometry_regularization,45,1460719170,a_003,0,0.4898024082183838,0.5,0,4,2,3000,200,20000,5,learnable_soft_top_fraction
cellcnn_prototype_learnable_pooling,gated_alive,full,cuda,diagonal_prototype_relu_soft_top_fraction_v3_geometry_regularization,45,1460719170,a_005,1,0.48598105907440187,0.5,0,4,2,3000,200,20000,5,learnable_soft_top_fraction
cellcnn_prototype_learnable_pooling,gated_alive,full,cuda,diagonal_prototype_relu_soft_top_fraction_v3_geometry_regularization,45,1460719170,a_009,0,0.5164191246032714,0.5,1,4,2,3000,200,20000,5,learnable_soft_top_fraction
cellcnn_prototype_learnable_pooling,gated_alive,full,cuda,diagonal_prototype_relu_soft_top_fraction_v3_geometry_regularization,45,1460719170,a_3a,0,0.47561770081520083,0.5,0,4,2,3000,200,20000,5,learnable_soft_top_fraction
cellcnn_prototype_learnable_pooling,gated_alive,full,cuda,diagonal_prototype_relu_soft_top_fraction_v3_geometry_regularization,45,1460719170,a_3b,0,0.4927686333656311,0.5,0,4,2,3000,200,20000,5,learnable_soft_top_fraction
cellcnn_prototype_learnable_pooling,gated_alive,full,cuda,diagonal_prototype_relu_soft_top_fraction_v3_geometry_regularization,45,1460719170,a_5b,1,0.48010862469673155,0.5,0,4,2,3000,200,20000,5,learnable_soft_top_fraction
cellcnn_prototype_learnable_pooling,gated_alive,full,cuda,diagonal_prototype_relu_soft_top_fraction_v3_geometry_regularization,46,2033282004,a_001,1,0.21372337639331818,0.5,0,3,1,3000,200,20000,5,learnable_soft_top_fraction
cellcnn_prototype_learnable_pooling,gated_alive,full,cuda,diagonal_prototype_relu_soft_top_fraction_v3_geometry_regularization,46,2033282004,a_003,0,0.6581077575683594,0.5,1,3,1,3000,200,20000,5,learnable_soft_top_fraction
cellcnn_prototype_learnable_pooling,gated_alive,full,cuda,diagonal_prototype_relu_soft_top_fraction_v3_geometry_regularization,46,2033282004,a_010,0,0.08953152298927307,0.5,0,3,1,3000,200,20000,5,learnable_soft_top_fraction
cellcnn_prototype_learnable_pooling,gated_alive,full,cuda,diagonal_prototype_relu_soft_top_fraction_v3_geometry_regularization,46,2033282004,a_011,0,0.20629965960979463,0.5,0,3,1,3000,200,20000,5,learnable_soft_top_fraction
cellcnn_prototype_learnable_pooling,gated_alive,full,cuda,diagonal_prototype_relu_soft_top_fraction_v3_geometry_regularization,46,2033282004,a_012,1,0.6490385890007019,0.5,1,3,1,3000,200,20000,5,learnable_soft_top_fraction
cellcnn_prototype_learnable_pooling,gated_alive,full,cuda,diagonal_prototype_relu_soft_top_fraction_v3_geometry_regularization,46,2033282004,a_3a,0,0.0330011747777462,0.5,0,3,1,3000,200,20000,5,learnable_soft_top_fraction
cellcnn_prototype_learnable_pooling,gated_alive,full,cuda,diagonal_prototype_relu_soft_top_fraction_v3_geometry_regularization,47,1997989380,a_003,0,0.9960858225822449,0.5,1,4,1,3000,200,20000,5,learnable_soft_top_fraction
cellcnn_prototype_learnable_pooling,gated_alive,full,cuda,diagonal_prototype_relu_soft_top_fraction_v3_geometry_regularization,47,1997989380,a_009,0,0.9987236857414246,0.5,1,4,1,3000,200,20000,5,learnable_soft_top_fraction
cellcnn_prototype_learnable_pooling,gated_alive,full,cuda,diagonal_prototype_relu_soft_top_fraction_v3_geometry_regularization,47,1997989380,a_1a,0,0.9478783249855042,0.5,1,4,1,3000,200,20000,5,learnable_soft_top_fraction
cellcnn_prototype_learnable_pooling,gated_alive,full,cuda,diagonal_prototype_relu_soft_top_fraction_v3_geometry_regularization,47,1997989380,a_2b,0,0.00020232120878063142,0.5,0,4,1,3000,200,20000,5,learnable_soft_top_fraction
cellcnn_prototype_learnable_pooling,gated_alive,full,cuda,diagonal_prototype_relu_soft_top_fraction_v3_geometry_regularization,47,1997989380,a_4b,1,0.9690538287162781,0.5,1,4,1,3000,200,20000,5,learnable_soft_top_fraction
cellcnn_prototype_learnable_pooling,gated_alive,full,cuda,diagonal_prototype_relu_soft_top_fraction_v3_geometry_regularization,47,1997989380,a_5a,1,0.9996570825576783,0.5,1,4,1,3000,200,20000,5,learnable_soft_top_fraction
cellcnn_prototype_learnable_pooling,gated_alive,full,cuda,diagonal_prototype_relu_soft_top_fraction_v3_geometry_regularization,48,2042481486,a_001,1,0.5351690530776978,0.5,1,5,2,3000,200,20000,5,learnable_soft_top_fraction
cellcnn_prototype_learnable_pooling,gated_alive,full,cuda,diagonal_prototype_relu_soft_top_fraction_v3_geometry_regularization,48,2042481486,a_002,1,0.5217377543449402,0.5,1,5,2,3000,200,20000,5,learnable_soft_top_fraction
cellcnn_prototype_learnable_pooling,gated_alive,full,cuda,diagonal_prototype_relu_soft_top_fraction_v3_geometry_regularization,48,2042481486,a_004,0,0.5082946658134461,0.5,1,5,2,3000,200,20000,5,learnable_soft_top_fraction
cellcnn_prototype_learnable_pooling,gated_alive,full,cuda,diagonal_prototype_relu_soft_top_fraction_v3_geometry_regularization,48,2042481486,a_010,0,0.519902765750885,0.5,1,5,2,3000,200,20000,5,learnable_soft_top_fraction
cellcnn_prototype_learnable_pooling,gated_alive,full,cuda,diagonal_prototype_relu_soft_top_fraction_v3_geometry_regularization,48,2042481486,a_1a,0,0.5267760038375855,0.5,1,5,2,3000,200,20000,5,learnable_soft_top_fraction
cellcnn_prototype_learnable_pooling,gated_alive,full,cuda,diagonal_prototype_relu_soft_top_fraction_v3_geometry_regularization,48,2042481486,a_3b,0,0.5000494480133056,0.5,1,5,2,3000,200,20000,5,learnable_soft_top_fraction
cellcnn_prototype_learnable_pooling,gated_alive,full,cuda,diagonal_prototype_relu_soft_top_fraction_v3_geometry_regularization,49,1144269602,a_001,1,0.37843475937843324,0.5,0,5,1,3000,200,20000,5,learnable_soft_top_fraction
cellcnn_prototype_learnable_pooling,gated_alive,full,cuda,diagonal_prototype_relu_soft_top_fraction_v3_geometry_regularization,49,1144269602,a_003,0,0.9988945484161377,0.5,1,5,1,3000,200,20000,5,learnable_soft_top_fraction
cellcnn_prototype_learnable_pooling,gated_alive,full,cuda,diagonal_prototype_relu_soft_top_fraction_v3_geometry_regularization,49,1144269602,a_004,0,0.0005151688179466874,0.5,0,5,1,3000,200,20000,5,learnable_soft_top_fraction
cellcnn_prototype_learnable_pooling,gated_alive,full,cuda,diagonal_prototype_relu_soft_top_fraction_v3_geometry_regularization,49,1144269602,a_009,0,0.9999093055725098,0.5,1,5,1,3000,200,20000,5,learnable_soft_top_fraction
cellcnn_prototype_learnable_pooling,gated_alive,full,cuda,diagonal_prototype_relu_soft_top_fraction_v3_geometry_regularization,49,1144269602,a_1a,0,0.9985322833061219,0.5,1,5,1,3000,200,20000,5,learnable_soft_top_fraction
cellcnn_prototype_learnable_pooling,gated_alive,full,cuda,diagonal_prototype_relu_soft_top_fraction_v3_geometry_regularization,49,1144269602,a_4a,1,0.9997889876365662,0.5,1,5,1,3000,200,20000,5,learnable_soft_top_fraction
