split_id,gate,run_mode,device,implementation_version,inner_fold,filter_count,candidate_seed,validation_accuracy,validation_roc_auc,best_validation_loss,validation_cross_entropy_at_best_epoch,epochs_run,selected
0,gated_alive,full,cuda,diagonal_prototype_soft_top_fraction_v2_geometry_regularization,0,3,3003105992,0.4,0.6666666666666666,0.6943199825286865,0.6942506623268128,9,False
0,gated_alive,full,cuda,diagonal_prototype_soft_top_fraction_v2_geometry_regularization,0,4,3003106092,0.4,1.0,0.6958744263648987,0.6958375310897827,6,False
0,gated_alive,full,cuda,diagonal_prototype_soft_top_fraction_v2_geometry_regularization,0,5,3003106192,0.8,1.0,0.4285917819198221,0.4275339572057128,30,False
0,gated_alive,full,cuda,diagonal_prototype_soft_top_fraction_v2_geometry_regularization,1,3,3003115992,0.4,0.16666666666666669,0.7562665500640869,0.7562046804428101,7,False
0,gated_alive,full,cuda,diagonal_prototype_soft_top_fraction_v2_geometry_regularization,1,4,3003116092,0.8,1.0,0.34455558997392655,0.34362482565641406,25,True
0,gated_alive,full,cuda,diagonal_prototype_soft_top_fraction_v2_geometry_regularization,1,5,3003116192,0.6,0.6666666666666667,0.6258444766998291,0.6256644110679627,12,False
0,gated_alive,full,cuda,diagonal_prototype_soft_top_fraction_v2_geometry_regularization,2,3,3003125992,0.25,0.25,0.6996481442451477,0.6995700025558471,7,False
0,gated_alive,full,cuda,diagonal_prototype_soft_top_fraction_v2_geometry_regularization,2,4,3003126092,0.75,0.75,0.5290264904499054,0.5283294498920441,17,False
0,gated_alive,full,cuda,diagonal_prototype_soft_top_fraction_v2_geometry_regularization,2,5,3003126192,0.5,0.75,0.688868272304535,0.6887686729431153,6,False
1,gated_alive,full,cuda,diagonal_prototype_soft_top_fraction_v2_geometry_regularization,0,3,976401080,0.4,0.3333333333333333,0.7149693775177002,0.7149084615707397,6,False
1,gated_alive,full,cuda,diagonal_prototype_soft_top_fraction_v2_geometry_regularization,0,4,976401180,0.4,0.6666666666666666,0.713292649269104,0.7132787613868713,6,False
1,gated_alive,full,cuda,diagonal_prototype_soft_top_fraction_v2_geometry_regularization,0,5,976401280,0.4,0.5,0.7227028379440308,0.7226529488563538,6,False
1,gated_alive,full,cuda,diagonal_prototype_soft_top_fraction_v2_geometry_regularization,1,3,976411080,0.6,0.33333333333333337,0.7048467435836792,0.7048116960525512,7,False
1,gated_alive,full,cuda,diagonal_prototype_soft_top_fraction_v2_geometry_regularization,1,4,976411180,0.4,0.0,0.7462335615158081,0.746178129196167,7,False
1,gated_alive,full,cuda,diagonal_prototype_soft_top_fraction_v2_geometry_regularization,1,5,976411280,0.8,0.8333333333333334,0.5371541967093945,0.5363362547755242,14,False
1,gated_alive,full,cuda,diagonal_prototype_soft_top_fraction_v2_geometry_regularization,2,3,976421080,1.0,1.0,0.2160264602303505,0.21494990706443787,29,True
1,gated_alive,full,cuda,diagonal_prototype_soft_top_fraction_v2_geometry_regularization,2,4,976421180,0.75,0.75,0.4706596201658249,0.47000171184539796,16,False
1,gated_alive,full,cuda,diagonal_prototype_soft_top_fraction_v2_geometry_regularization,2,5,976421280,0.5,0.5,0.6702730178833007,0.6700032377243041,15,False
2,gated_alive,full,cuda,diagonal_prototype_soft_top_fraction_v2_geometry_regularization,0,3,3387213321,0.6,0.16666666666666666,0.7044904661178589,0.7044384160041809,6,False
2,gated_alive,full,cuda,diagonal_prototype_soft_top_fraction_v2_geometry_regularization,0,4,3387213421,1.0,1.0,0.3189004907011986,0.31747252178192137,24,False
2,gated_alive,full,cuda,diagonal_prototype_soft_top_fraction_v2_geometry_regularization,0,5,3387213521,0.4,0.3333333333333333,0.7234733209609986,0.7234253988265992,6,False
2,gated_alive,full,cuda,diagonal_prototype_soft_top_fraction_v2_geometry_regularization,1,3,3387223321,0.4,0.33333333333333337,0.7222741417884827,0.7222058348655701,7,False
2,gated_alive,full,cuda,diagonal_prototype_soft_top_fraction_v2_geometry_regularization,1,4,3387223421,0.4,0.33333333333333337,0.6977037205696106,0.6976158037185669,7,False
2,gated_alive,full,cuda,diagonal_prototype_soft_top_fraction_v2_geometry_regularization,1,5,3387223521,0.4,0.8333333333333334,0.7037873687744141,0.7037296118736267,8,False
2,gated_alive,full,cuda,diagonal_prototype_soft_top_fraction_v2_geometry_regularization,2,3,3387233321,0.5,0.5,0.6944647002220153,0.6944165992736816,6,False
2,gated_alive,full,cuda,diagonal_prototype_soft_top_fraction_v2_geometry_regularization,2,4,3387233421,1.0,1.0,0.011220926204696297,0.00820312610565452,100,True
2,gated_alive,full,cuda,diagonal_prototype_soft_top_fraction_v2_geometry_regularization,2,5,3387233521,0.75,1.0,0.35509746462106706,0.35398434817790986,22,False
3,gated_alive,full,cuda,diagonal_prototype_soft_top_fraction_v2_geometry_regularization,0,3,1360467008,0.8,0.5,0.6399212489128113,0.639614046573639,17,False
3,gated_alive,full,cuda,diagonal_prototype_soft_top_fraction_v2_geometry_regularization,0,4,1360467108,0.2,0.5,0.712791268825531,0.7127046632766724,6,False
3,gated_alive,full,cuda,diagonal_prototype_soft_top_fraction_v2_geometry_regularization,0,5,1360467208,0.6,0.6666666666666666,0.5708443940877914,0.5704571209251881,16,False
3,gated_alive,full,cuda,diagonal_prototype_soft_top_fraction_v2_geometry_regularization,1,3,1360477008,0.4,0.33333333333333337,0.729527907371521,0.7294511365890503,8,False
3,gated_alive,full,cuda,diagonal_prototype_soft_top_fraction_v2_geometry_regularization,1,4,1360477108,0.4,0.5,0.7234216227531433,0.723325361251831,7,False
3,gated_alive,full,cuda,diagonal_prototype_soft_top_fraction_v2_geometry_regularization,1,5,1360477208,1.0,1.0,0.2990600033402443,0.2987340033650398,22,True
3,gated_alive,full,cuda,diagonal_prototype_soft_top_fraction_v2_geometry_regularization,2,3,1360487008,0.5,0.75,0.691216595172882,0.6911723089218139,6,False
3,gated_alive,full,cuda,diagonal_prototype_soft_top_fraction_v2_geometry_regularization,2,4,1360487108,0.5,0.0,0.6959367752075195,0.6958612561225891,7,False
3,gated_alive,full,cuda,diagonal_prototype_soft_top_fraction_v2_geometry_regularization,2,5,1360487208,0.75,1.0,0.2529259994626045,0.25205187797546386,19,False
4,gated_alive,full,cuda,diagonal_prototype_soft_top_fraction_v2_geometry_regularization,0,3,876933380,0.6,0.8333333333333333,0.5427066965103149,0.5422141389846802,18,False
4,gated_alive,full,cuda,diagonal_prototype_soft_top_fraction_v2_geometry_regularization,0,4,876933480,0.6,1.0,0.6598853805065155,0.6598611214160919,6,False
4,gated_alive,full,cuda,diagonal_prototype_soft_top_fraction_v2_geometry_regularization,0,5,876933580,1.0,1.0,0.14238380606472492,0.14086389326490462,38,False
4,gated_alive,full,cuda,diagonal_prototype_soft_top_fraction_v2_geometry_regularization,1,3,876943380,0.6,0.6666666666666667,0.6535041675567627,0.6534018263816833,11,False
4,gated_alive,full,cuda,diagonal_prototype_soft_top_fraction_v2_geometry_regularization,1,4,876943480,0.4,0.33333333333333337,0.7428934741020202,0.7428045439720153,7,False
4,gated_alive,full,cuda,diagonal_prototype_soft_top_fraction_v2_geometry_regularization,1,5,876943580,0.4,0.5,0.683237187385559,0.6829684972763062,11,False
4,gated_alive,full,cuda,diagonal_prototype_soft_top_fraction_v2_geometry_regularization,2,3,876953380,1.0,1.0,0.011957882642745972,0.009521382190287113,100,True
4,gated_alive,full,cuda,diagonal_prototype_soft_top_fraction_v2_geometry_regularization,2,4,876953480,0.75,0.75,0.654960834980011,0.6544382214546204,14,False
4,gated_alive,full,cuda,diagonal_prototype_soft_top_fraction_v2_geometry_regularization,2,5,876953580,0.25,0.25,0.7005688261985779,0.7005063009262085,7,False
5,gated_alive,full,cuda,diagonal_prototype_soft_top_fraction_v2_geometry_regularization,0,3,3424658861,0.8,0.6666666666666666,0.5594137163162232,0.5587951912879944,18,False
5,gated_alive,full,cuda,diagonal_prototype_soft_top_fraction_v2_geometry_regularization,0,4,3424658961,0.4,0.6666666666666666,0.702562641620636,0.7024232225418091,10,False
5,gated_alive,full,cuda,diagonal_prototype_soft_top_fraction_v2_geometry_regularization,0,5,3424659061,0.4,1.0,0.686163414478302,0.686120141506195,6,False
5,gated_alive,full,cuda,diagonal_prototype_soft_top_fraction_v2_geometry_regularization,1,3,3424668861,0.6,0.33333333333333337,0.7035841307640076,0.7034941277503968,7,False
5,gated_alive,full,cuda,diagonal_prototype_soft_top_fraction_v2_geometry_regularization,1,4,3424668961,0.8,1.0,0.26714239328727124,0.2645387301896699,45,True
5,gated_alive,full,cuda,diagonal_prototype_soft_top_fraction_v2_geometry_regularization,1,5,3424669061,0.6,0.33333333333333337,0.6987364106178283,0.6986416988372802,8,False
5,gated_alive,full,cuda,diagonal_prototype_soft_top_fraction_v2_geometry_regularization,2,3,3424678861,0.5,0.75,0.6678234887123108,0.6677378368377686,10,False
5,gated_alive,full,cuda,diagonal_prototype_soft_top_fraction_v2_geometry_regularization,2,4,3424678961,0.5,0.5,0.6915162324905395,0.6914424419403076,6,False
5,gated_alive,full,cuda,diagonal_prototype_soft_top_fraction_v2_geometry_regularization,2,5,3424679061,0.5,0.75,0.6430385148525238,0.6425753057003021,12,False
6,gated_alive,full,cuda,diagonal_prototype_soft_top_fraction_v2_geometry_regularization,0,3,2760305211,0.6,0.5,0.6762941656112671,0.6762284812927246,6,False
6,gated_alive,full,cuda,diagonal_prototype_soft_top_fraction_v2_geometry_regularization,0,4,2760305311,0.4,0.6666666666666666,0.7121977915763855,0.7118604369163514,12,False
6,gated_alive,full,cuda,diagonal_prototype_soft_top_fraction_v2_geometry_regularization,0,5,2760305411,0.4,0.16666666666666666,0.7567256164550781,0.756690866947174,6,False
6,gated_alive,full,cuda,diagonal_prototype_soft_top_fraction_v2_geometry_regularization,1,3,2760315211,0.4,1.0,0.6907812423706055,0.6907036371231079,6,False
6,gated_alive,full,cuda,diagonal_prototype_soft_top_fraction_v2_geometry_regularization,1,4,2760315311,0.6,0.6666666666666667,0.6664494824409485,0.6663257431983948,8,False
6,gated_alive,full,cuda,diagonal_prototype_soft_top_fraction_v2_geometry_regularization,1,5,2760315411,0.4,0.16666666666666669,0.701554958820343,0.7014938044548035,7,False
6,gated_alive,full,cuda,diagonal_prototype_soft_top_fraction_v2_geometry_regularization,2,3,2760325211,0.75,1.0,0.33309426009654997,0.33241542011499403,19,False
6,gated_alive,full,cuda,diagonal_prototype_soft_top_fraction_v2_geometry_regularization,2,4,2760325311,1.0,1.0,0.0749296535179019,0.07295786754228174,30,True
6,gated_alive,full,cuda,diagonal_prototype_soft_top_fraction_v2_geometry_regularization,2,5,2760325411,1.0,1.0,0.12496418323367835,0.124164062961936,29,False
7,gated_alive,full,cuda,diagonal_prototype_soft_top_fraction_v2_geometry_regularization,0,3,2904491993,0.8,0.8333333333333333,0.6671199412345886,0.667051634311676,6,False
7,gated_alive,full,cuda,diagonal_prototype_soft_top_fraction_v2_geometry_regularization,0,4,2904492093,0.4,0.3333333333333333,0.7209857807159424,0.7209531173706055,6,False
7,gated_alive,full,cuda,diagonal_prototype_soft_top_fraction_v2_geometry_regularization,0,5,2904492193,0.8,0.8333333333333333,0.45669894552230833,0.4556488175392151,24,True
7,gated_alive,full,cuda,diagonal_prototype_soft_top_fraction_v2_geometry_regularization,1,3,2904501993,0.4,0.8333333333333334,0.7180986208915711,0.7180340094566345,7,False
7,gated_alive,full,cuda,diagonal_prototype_soft_top_fraction_v2_geometry_regularization,1,4,2904502093,0.4,0.8333333333333334,0.7159308953285217,0.7158598465919495,8,False
7,gated_alive,full,cuda,diagonal_prototype_soft_top_fraction_v2_geometry_regularization,1,5,2904502193,0.4,0.0,0.7782908535003662,0.7782282090187073,6,False
7,gated_alive,full,cuda,diagonal_prototype_soft_top_fraction_v2_geometry_regularization,2,3,2904511993,0.75,0.5,0.705701253414154,0.7056623315811157,6,False
7,gated_alive,full,cuda,diagonal_prototype_soft_top_fraction_v2_geometry_regularization,2,4,2904512093,0.5,0.5,0.7009559750556946,0.7008948206901551,6,False
7,gated_alive,full,cuda,diagonal_prototype_soft_top_fraction_v2_geometry_regularization,2,5,2904512193,0.25,0.5,0.7221892046928405,0.7221055793762207,6,False
8,gated_alive,full,cuda,diagonal_prototype_soft_top_fraction_v2_geometry_regularization,0,3,4245388344,0.6,0.6666666666666666,0.6698585424423218,0.6698133025169373,6,False
8,gated_alive,full,cuda,diagonal_prototype_soft_top_fraction_v2_geometry_regularization,0,4,4245388444,0.4,0.16666666666666666,0.7374476704597474,0.7373965892791748,6,False
8,gated_alive,full,cuda,diagonal_prototype_soft_top_fraction_v2_geometry_regularization,0,5,4245388544,1.0,1.0,0.6596466994285584,0.6596039032936096,6,False
8,gated_alive,full,cuda,diagonal_prototype_soft_top_fraction_v2_geometry_regularization,1,3,4245398344,0.4,0.0,0.7394685249328613,0.7394011716842651,7,False
8,gated_alive,full,cuda,diagonal_prototype_soft_top_fraction_v2_geometry_regularization,1,4,4245398444,0.4,0.5,0.7148896474838257,0.7148431558609009,6,False
8,gated_alive,full,cuda,diagonal_prototype_soft_top_fraction_v2_geometry_regularization,1,5,4245398544,0.4,0.8333333333333334,0.7024837040901184,0.7024189734458923,6,False
8,gated_alive,full,cuda,diagonal_prototype_soft_top_fraction_v2_geometry_regularization,2,3,4245408344,0.75,1.0,0.6803914046287537,0.6803213691711426,8,False
8,gated_alive,full,cuda,diagonal_prototype_soft_top_fraction_v2_geometry_regularization,2,4,4245408444,1.0,1.0,0.13756323039531707,0.13633253499865533,33,True
8,gated_alive,full,cuda,diagonal_prototype_soft_top_fraction_v2_geometry_regularization,2,5,4245408544,0.5,0.5,0.7044325399398804,0.7043942141532898,7,False
9,gated_alive,full,cuda,diagonal_prototype_soft_top_fraction_v2_geometry_regularization,0,3,1679803027,0.6,0.8333333333333333,0.458017328619957,0.4571398473978043,25,False
9,gated_alive,full,cuda,diagonal_prototype_soft_top_fraction_v2_geometry_regularization,0,4,1679803127,0.4,0.5,0.7019464902877808,0.7016875677108765,11,False
9,gated_alive,full,cuda,diagonal_prototype_soft_top_fraction_v2_geometry_regularization,0,5,1679803227,0.6,0.5,0.6972623929977417,0.6971272134780884,10,False
9,gated_alive,full,cuda,diagonal_prototype_soft_top_fraction_v2_geometry_regularization,1,3,1679813027,0.4,0.8333333333333334,0.6877719864845276,0.6877309784889222,7,False
9,gated_alive,full,cuda,diagonal_prototype_soft_top_fraction_v2_geometry_regularization,1,4,1679813127,0.8,1.0,0.3831210587024689,0.3824922912120819,13,False
9,gated_alive,full,cuda,diagonal_prototype_soft_top_fraction_v2_geometry_regularization,1,5,1679813227,0.6,0.8333333333333334,0.5142931739091873,0.5138154426813125,16,False
9,gated_alive,full,cuda,diagonal_prototype_soft_top_fraction_v2_geometry_regularization,2,3,1679823027,1.0,1.0,0.02391176492907107,0.02153880476107588,53,True
9,gated_alive,full,cuda,diagonal_prototype_soft_top_fraction_v2_geometry_regularization,2,4,1679823127,1.0,1.0,0.040066049322485926,0.03550130963791162,92,False
9,gated_alive,full,cuda,diagonal_prototype_soft_top_fraction_v2_geometry_regularization,2,5,1679823227,1.0,1.0,0.23370811492204666,0.23183684587478637,28,False
10,gated_alive,full,cuda,diagonal_prototype_soft_top_fraction_v2_geometry_regularization,0,3,3605303406,0.4,0.3333333333333333,0.6980512886047363,0.6980154662132263,6,False
10,gated_alive,full,cuda,diagonal_prototype_soft_top_fraction_v2_geometry_regularization,0,4,3605303506,0.6,1.0,0.6262106728553772,0.6260223038196564,11,False
10,gated_alive,full,cuda,diagonal_prototype_soft_top_fraction_v2_geometry_regularization,0,5,3605303606,0.6,0.6666666666666666,0.6961589379310608,0.6959124062061309,12,False
10,gated_alive,full,cuda,diagonal_prototype_soft_top_fraction_v2_geometry_regularization,1,3,3605313406,0.4,0.6666666666666667,0.7141371822357178,0.7140527820587158,6,False
10,gated_alive,full,cuda,diagonal_prototype_soft_top_fraction_v2_geometry_regularization,1,4,3605313506,0.4,0.33333333333333337,0.7210925168991089,0.7210085935592652,7,False
10,gated_alive,full,cuda,diagonal_prototype_soft_top_fraction_v2_geometry_regularization,1,5,3605313606,0.4,0.8333333333333334,0.693595883846283,0.6935418224334717,8,False
10,gated_alive,full,cuda,diagonal_prototype_soft_top_fraction_v2_geometry_regularization,2,3,3605323406,0.5,0.75,0.6894050908088684,0.6893337440490722,6,False
10,gated_alive,full,cuda,diagonal_prototype_soft_top_fraction_v2_geometry_regularization,2,4,3605323506,0.75,1.0,0.41949026942253115,0.41877008199691773,13,True
10,gated_alive,full,cuda,diagonal_prototype_soft_top_fraction_v2_geometry_regularization,2,5,3605323606,0.75,0.5,0.5998081505298615,0.5996819949150085,10,False
11,gated_alive,full,cuda,diagonal_prototype_soft_top_fraction_v2_geometry_regularization,0,3,1429425234,0.4,0.6666666666666666,0.7133246607780457,0.7132207102775574,6,False
11,gated_alive,full,cuda,diagonal_prototype_soft_top_fraction_v2_geometry_regularization,0,4,1429425334,0.6,0.6666666666666666,0.5623601526021957,0.5620038014650345,12,False
11,gated_alive,full,cuda,diagonal_prototype_soft_top_fraction_v2_geometry_regularization,0,5,1429425434,0.4,0.3333333333333333,0.7145542755126953,0.7145319237709046,6,False
11,gated_alive,full,cuda,diagonal_prototype_soft_top_fraction_v2_geometry_regularization,1,3,1429435234,0.6,0.8333333333333334,0.39954800355434417,0.3977421445846558,42,False
11,gated_alive,full,cuda,diagonal_prototype_soft_top_fraction_v2_geometry_regularization,1,4,1429435334,0.8,1.0,0.22764961367473005,0.2261524862125516,29,False
11,gated_alive,full,cuda,diagonal_prototype_soft_top_fraction_v2_geometry_regularization,1,5,1429435434,0.6,0.6666666666666667,0.5073981563597918,0.5060103117674589,20,False
11,gated_alive,full,cuda,diagonal_prototype_soft_top_fraction_v2_geometry_regularization,2,3,1429445234,0.75,1.0,0.3906649667210877,0.3899200410209596,23,False
11,gated_alive,full,cuda,diagonal_prototype_soft_top_fraction_v2_geometry_regularization,2,4,1429445334,1.0,1.0,0.19291915088891984,0.1916330027580261,31,True
11,gated_alive,full,cuda,diagonal_prototype_soft_top_fraction_v2_geometry_regularization,2,5,1429445434,0.75,0.5,0.6594152975082398,0.6592258238792419,10,False
12,gated_alive,full,cuda,diagonal_prototype_soft_top_fraction_v2_geometry_regularization,0,3,2437408456,0.2,0.0,0.7148174118995666,0.7147933912277221,7,False
12,gated_alive,full,cuda,diagonal_prototype_soft_top_fraction_v2_geometry_regularization,0,4,2437408556,0.4,0.16666666666666666,0.7320633149147033,0.7319815373420715,6,False
12,gated_alive,full,cuda,diagonal_prototype_soft_top_fraction_v2_geometry_regularization,0,5,2437408656,0.8,1.0,0.5111904835700989,0.5109456644058228,11,False
12,gated_alive,full,cuda,diagonal_prototype_soft_top_fraction_v2_geometry_regularization,1,3,2437418456,0.4,0.5,0.7089596061706543,0.7088977365493775,8,False
12,gated_alive,full,cuda,diagonal_prototype_soft_top_fraction_v2_geometry_regularization,1,4,2437418556,0.6,0.6666666666666667,0.6844791030883789,0.6844346976280212,6,False
12,gated_alive,full,cuda,diagonal_prototype_soft_top_fraction_v2_geometry_regularization,1,5,2437418656,0.4,0.0,0.7657046928405762,0.7656183853149414,6,False
12,gated_alive,full,cuda,diagonal_prototype_soft_top_fraction_v2_geometry_regularization,2,3,2437428456,0.75,1.0,0.26595523007214067,0.2648702447116375,29,False
12,gated_alive,full,cuda,diagonal_prototype_soft_top_fraction_v2_geometry_regularization,2,4,2437428556,0.5,0.25,0.706142201423645,0.7061081671714783,8,False
12,gated_alive,full,cuda,diagonal_prototype_soft_top_fraction_v2_geometry_regularization,2,5,2437428656,1.0,1.0,0.02721240330953151,0.025725505417212736,71,True
13,gated_alive,full,cuda,diagonal_prototype_soft_top_fraction_v2_geometry_regularization,0,3,2569716828,0.6,0.5,0.6785670177936554,0.6785325663089752,6,False
13,gated_alive,full,cuda,diagonal_prototype_soft_top_fraction_v2_geometry_regularization,0,4,2569716928,0.6,1.0,0.4485569940805435,0.4477519290447235,24,False
13,gated_alive,full,cuda,diagonal_prototype_soft_top_fraction_v2_geometry_regularization,0,5,2569717028,0.4,0.0,0.710716230392456,0.7106942362785339,7,False
13,gated_alive,full,cuda,diagonal_prototype_soft_top_fraction_v2_geometry_regularization,1,3,2569726828,0.4,0.5,0.7109315752983093,0.7108697652816772,8,False
13,gated_alive,full,cuda,diagonal_prototype_soft_top_fraction_v2_geometry_regularization,1,4,2569726928,0.4,0.6666666666666667,0.6993759698867797,0.6993167824745178,6,False
13,gated_alive,full,cuda,diagonal_prototype_soft_top_fraction_v2_geometry_regularization,1,5,2569727028,1.0,1.0,0.1438706255471334,0.14287234021537007,41,True
13,gated_alive,full,cuda,diagonal_prototype_soft_top_fraction_v2_geometry_regularization,2,3,2569736828,0.5,0.25,0.6947223258018493,0.694645733833313,8,False
13,gated_alive,full,cuda,diagonal_prototype_soft_top_fraction_v2_geometry_regularization,2,4,2569736928,0.75,0.5,0.6597748160362243,0.6596774625778198,8,False
13,gated_alive,full,cuda,diagonal_prototype_soft_top_fraction_v2_geometry_regularization,2,5,2569737028,0.75,0.75,0.46152627259492873,0.4599135732650757,19,False
14,gated_alive,full,cuda,diagonal_prototype_soft_top_fraction_v2_geometry_regularization,0,3,915442570,0.6,1.0,0.6633227229118347,0.6632744431495666,6,False
14,gated_alive,full,cuda,diagonal_prototype_soft_top_fraction_v2_geometry_regularization,0,4,915442670,0.2,0.5,0.698879816532135,0.6988163375854493,6,False
14,gated_alive,full,cuda,diagonal_prototype_soft_top_fraction_v2_geometry_regularization,0,5,915442770,0.4,0.3333333333333333,0.7304929580688476,0.7304289426803589,8,False
14,gated_alive,full,cuda,diagonal_prototype_soft_top_fraction_v2_geometry_regularization,1,3,915452570,0.4,0.33333333333333337,0.740736930847168,0.7406279139518738,6,False
14,gated_alive,full,cuda,diagonal_prototype_soft_top_fraction_v2_geometry_regularization,1,4,915452670,0.4,0.6666666666666667,0.7089018592834473,0.7088402280807495,6,False
14,gated_alive,full,cuda,diagonal_prototype_soft_top_fraction_v2_geometry_regularization,1,5,915452770,0.6,0.5,0.6795301713943481,0.6794795670509338,6,False
14,gated_alive,full,cuda,diagonal_prototype_soft_top_fraction_v2_geometry_regularization,2,3,915462570,0.5,0.5,0.6915833473205566,0.6915502071380615,6,False
14,gated_alive,full,cuda,diagonal_prototype_soft_top_fraction_v2_geometry_regularization,2,4,915462670,0.75,0.5,0.6912288665771484,0.6911777257919312,6,True
14,gated_alive,full,cuda,diagonal_prototype_soft_top_fraction_v2_geometry_regularization,2,5,915462770,0.5,0.0,0.7024543166160584,0.7023587703704834,6,False
15,gated_alive,full,cuda,diagonal_prototype_soft_top_fraction_v2_geometry_regularization,0,3,802017519,0.4,0.16666666666666666,0.7331486601829529,0.7330937643051147,8,False
15,gated_alive,full,cuda,diagonal_prototype_soft_top_fraction_v2_geometry_regularization,0,4,802017619,0.4,0.6666666666666666,0.6516346837282181,0.6512607681155205,16,False
15,gated_alive,full,cuda,diagonal_prototype_soft_top_fraction_v2_geometry_regularization,0,5,802017719,0.4,0.16666666666666666,0.719761914730072,0.7196651763916015,7,False
15,gated_alive,full,cuda,diagonal_prototype_soft_top_fraction_v2_geometry_regularization,1,3,802027519,0.4,0.6666666666666667,0.71689191198349,0.7168177638053894,7,False
15,gated_alive,full,cuda,diagonal_prototype_soft_top_fraction_v2_geometry_regularization,1,4,802027619,1.0,1.0,0.09595876029133797,0.0944640229716897,100,True
15,gated_alive,full,cuda,diagonal_prototype_soft_top_fraction_v2_geometry_regularization,1,5,802027719,0.8,0.6666666666666667,0.5475263600349426,0.5471390490531921,11,False
15,gated_alive,full,cuda,diagonal_prototype_soft_top_fraction_v2_geometry_regularization,2,3,802037519,0.5,0.0,0.7009011054039002,0.7008192682266235,6,False
15,gated_alive,full,cuda,diagonal_prototype_soft_top_fraction_v2_geometry_regularization,2,4,802037619,0.75,0.75,0.5796497237682342,0.5788781571388245,14,False
15,gated_alive,full,cuda,diagonal_prototype_soft_top_fraction_v2_geometry_regularization,2,5,802037719,0.5,0.25,0.7039310145378113,0.7038812446594238,6,False
16,gated_alive,full,cuda,diagonal_prototype_soft_top_fraction_v2_geometry_regularization,0,3,984129368,0.4,0.5,0.7032694926261902,0.7031852712631226,6,False
16,gated_alive,full,cuda,diagonal_prototype_soft_top_fraction_v2_geometry_regularization,0,4,984129468,0.4,0.3333333333333333,0.7245390291213989,0.7244625563621521,7,False
16,gated_alive,full,cuda,diagonal_prototype_soft_top_fraction_v2_geometry_regularization,0,5,984129568,0.4,0.6666666666666666,0.7218325061798095,0.7217447681427002,9,False
16,gated_alive,full,cuda,diagonal_prototype_soft_top_fraction_v2_geometry_regularization,1,3,984139368,0.8,0.6666666666666667,0.5215504987239837,0.5214514136314392,19,True
16,gated_alive,full,cuda,diagonal_prototype_soft_top_fraction_v2_geometry_regularization,1,4,984139468,0.4,0.33333333333333337,0.7220181369781494,0.7219000601768494,7,False
16,gated_alive,full,cuda,diagonal_prototype_soft_top_fraction_v2_geometry_regularization,1,5,984139568,0.6,0.5,0.698897596359253,0.6987982354164124,8,False
16,gated_alive,full,cuda,diagonal_prototype_soft_top_fraction_v2_geometry_regularization,2,3,984149368,0.25,0.25,0.7013452291488648,0.7012775182723999,6,False
16,gated_alive,full,cuda,diagonal_prototype_soft_top_fraction_v2_geometry_regularization,2,4,984149468,0.5,0.25,0.7084955739974975,0.7084617185592651,6,False
16,gated_alive,full,cuda,diagonal_prototype_soft_top_fraction_v2_geometry_regularization,2,5,984149568,0.75,1.0,0.39664700150489807,0.3964620923995972,10,False
17,gated_alive,full,cuda,diagonal_prototype_soft_top_fraction_v2_geometry_regularization,0,3,2889465506,1.0,1.0,0.17096063294261693,0.1695625308714807,36,False
17,gated_alive,full,cuda,diagonal_prototype_soft_top_fraction_v2_geometry_regularization,0,4,2889465606,1.0,1.0,0.03965645270049572,0.03700892752408981,50,True
17,gated_alive,full,cuda,diagonal_prototype_soft_top_fraction_v2_geometry_regularization,0,5,2889465706,1.0,1.0,0.23193663561344147,0.22999069821834564,25,False
17,gated_alive,full,cuda,diagonal_prototype_soft_top_fraction_v2_geometry_regularization,1,3,2889475506,0.6,0.6666666666666667,0.636153723359108,0.6359714450836181,14,False
17,gated_alive,full,cuda,diagonal_prototype_soft_top_fraction_v2_geometry_regularization,1,4,2889475606,0.6,0.5,0.7102853846549988,0.7102005672454834,6,False
17,gated_alive,full,cuda,diagonal_prototype_soft_top_fraction_v2_geometry_regularization,1,5,2889475706,0.4,0.0,0.7656989521980285,0.7656307048797607,6,False
17,gated_alive,full,cuda,diagonal_prototype_soft_top_fraction_v2_geometry_regularization,2,3,2889485506,0.5,1.0,0.6913986158370972,0.691309506893158,6,False
17,gated_alive,full,cuda,diagonal_prototype_soft_top_fraction_v2_geometry_regularization,2,4,2889485606,0.5,0.5,0.706534252166748,0.7064882969856262,7,False
17,gated_alive,full,cuda,diagonal_prototype_soft_top_fraction_v2_geometry_regularization,2,5,2889485706,0.75,1.0,0.6780371689796447,0.6780053997039794,6,False
18,gated_alive,full,cuda,diagonal_prototype_soft_top_fraction_v2_geometry_regularization,0,3,2634853674,0.6,1.0,0.5579333982169629,0.5573462660908699,23,False
18,gated_alive,full,cuda,diagonal_prototype_soft_top_fraction_v2_geometry_regularization,0,4,2634853774,0.4,0.3333333333333333,0.7339839034080505,0.7339166693687439,7,False
18,gated_alive,full,cuda,diagonal_prototype_soft_top_fraction_v2_geometry_regularization,0,5,2634853874,0.2,0.0,0.7127485508918763,0.712645673274994,6,False
18,gated_alive,full,cuda,diagonal_prototype_soft_top_fraction_v2_geometry_regularization,1,3,2634863674,0.4,0.6666666666666667,0.7092163114547729,0.7091534881591797,7,False
18,gated_alive,full,cuda,diagonal_prototype_soft_top_fraction_v2_geometry_regularization,1,4,2634863774,0.4,0.33333333333333337,0.7146528882980346,0.7145591897964477,7,False
18,gated_alive,full,cuda,diagonal_prototype_soft_top_fraction_v2_geometry_regularization,1,5,2634863874,0.4,0.6666666666666667,0.7241839380264282,0.7240896434783936,7,False
18,gated_alive,full,cuda,diagonal_prototype_soft_top_fraction_v2_geometry_regularization,2,3,2634873674,0.5,0.5,0.6888181090354919,0.6887409210205078,6,False
18,gated_alive,full,cuda,diagonal_prototype_soft_top_fraction_v2_geometry_regularization,2,4,2634873774,0.5,0.5,0.6944668889045715,0.6944245100021362,6,False
18,gated_alive,full,cuda,diagonal_prototype_soft_top_fraction_v2_geometry_regularization,2,5,2634873874,0.75,0.5,0.5827328205108643,0.5822931623458862,13,True
19,gated_alive,full,cuda,diagonal_prototype_soft_top_fraction_v2_geometry_regularization,0,3,4045012804,0.2,0.3333333333333333,0.717404155254364,0.7173337025642395,8,False
19,gated_alive,full,cuda,diagonal_prototype_soft_top_fraction_v2_geometry_regularization,0,4,4045012904,0.4,0.5,0.7345570650100708,0.7344745721817016,7,False
19,gated_alive,full,cuda,diagonal_prototype_soft_top_fraction_v2_geometry_regularization,0,5,4045013004,0.4,0.3333333333333333,0.741083378314972,0.7410193033218384,7,False
19,gated_alive,full,cuda,diagonal_prototype_soft_top_fraction_v2_geometry_regularization,1,3,4045022804,0.4,0.16666666666666669,0.711012834072113,0.7109886345863342,6,False
19,gated_alive,full,cuda,diagonal_prototype_soft_top_fraction_v2_geometry_regularization,1,4,4045022904,0.4,0.5,0.7081244688034057,0.7080508570671081,7,False
19,gated_alive,full,cuda,diagonal_prototype_soft_top_fraction_v2_geometry_regularization,1,5,4045023004,0.2,0.0,0.7739398565292358,0.7738664832115173,7,False
19,gated_alive,full,cuda,diagonal_prototype_soft_top_fraction_v2_geometry_regularization,2,3,4045032804,0.75,0.75,0.43426242291927336,0.4339240941405296,14,False
19,gated_alive,full,cuda,diagonal_prototype_soft_top_fraction_v2_geometry_regularization,2,4,4045032904,0.75,1.0,0.2757586514344439,0.2751293885905761,17,False
19,gated_alive,full,cuda,diagonal_prototype_soft_top_fraction_v2_geometry_regularization,2,5,4045033004,1.0,1.0,0.1961919489130378,0.19348939131479712,37,True
20,gated_alive,full,cuda,diagonal_prototype_soft_top_fraction_v2_geometry_regularization,0,3,3032918538,1.0,1.0,0.3078132061958313,0.30687037873268125,24,False
20,gated_alive,full,cuda,diagonal_prototype_soft_top_fraction_v2_geometry_regularization,0,4,3032918638,0.8,1.0,0.25147005370259284,0.25053626588732003,28,False
20,gated_alive,full,cuda,diagonal_prototype_soft_top_fraction_v2_geometry_regularization,0,5,3032918738,0.8,1.0,0.44505037522315977,0.44444879674911497,18,False
20,gated_alive,full,cuda,diagonal_prototype_soft_top_fraction_v2_geometry_regularization,1,3,3032928538,0.6,0.8333333333333334,0.3812968825697899,0.38032793717086316,24,False
20,gated_alive,full,cuda,diagonal_prototype_soft_top_fraction_v2_geometry_regularization,1,4,3032928638,0.8,1.0,0.3578724265098572,0.35708929899334907,20,False
20,gated_alive,full,cuda,diagonal_prototype_soft_top_fraction_v2_geometry_regularization,1,5,3032928738,0.4,0.5,0.6891396212577819,0.6890537309646606,6,False
20,gated_alive,full,cuda,diagonal_prototype_soft_top_fraction_v2_geometry_regularization,2,3,3032938538,0.25,0.0,0.7089513635635376,0.7088771557807922,6,False
20,gated_alive,full,cuda,diagonal_prototype_soft_top_fraction_v2_geometry_regularization,2,4,3032938638,1.0,1.0,0.20596421957015992,0.20532659888267518,19,False
20,gated_alive,full,cuda,diagonal_prototype_soft_top_fraction_v2_geometry_regularization,2,5,3032938738,1.0,1.0,0.011763261929154396,0.010544216388370841,35,True
21,gated_alive,full,cuda,diagonal_prototype_soft_top_fraction_v2_geometry_regularization,0,3,1066207524,0.6,1.0,0.5385621376037598,0.5380653338432312,17,False
21,gated_alive,full,cuda,diagonal_prototype_soft_top_fraction_v2_geometry_regularization,0,4,1066207624,0.6,0.8333333333333333,0.554162923336029,0.5535561518669129,13,False
21,gated_alive,full,cuda,diagonal_prototype_soft_top_fraction_v2_geometry_regularization,0,5,1066207724,0.8,1.0,0.4388253135681152,0.43819287276268004,13,True
21,gated_alive,full,cuda,diagonal_prototype_soft_top_fraction_v2_geometry_regularization,1,3,1066217524,0.6,0.6666666666666667,0.6828089294433594,0.6827214298248291,8,False
21,gated_alive,full,cuda,diagonal_prototype_soft_top_fraction_v2_geometry_regularization,1,4,1066217624,0.4,0.5,0.7394216742515564,0.7393422808647155,6,False
21,gated_alive,full,cuda,diagonal_prototype_soft_top_fraction_v2_geometry_regularization,1,5,1066217724,0.4,0.5,0.6966355075836181,0.6965427031517029,6,False
21,gated_alive,full,cuda,diagonal_prototype_soft_top_fraction_v2_geometry_regularization,2,3,1066227524,0.25,0.25,0.7166872334480285,0.7166201782226562,6,False
21,gated_alive,full,cuda,diagonal_prototype_soft_top_fraction_v2_geometry_regularization,2,4,1066227624,0.5,0.0,0.7013582539558411,0.7013121795654297,6,False
21,gated_alive,full,cuda,diagonal_prototype_soft_top_fraction_v2_geometry_regularization,2,5,1066227724,0.5,0.0,0.7191355752944947,0.7190661358833313,9,False
22,gated_alive,full,cuda,diagonal_prototype_soft_top_fraction_v2_geometry_regularization,0,3,3929520058,0.4,0.8333333333333333,0.688623127937317,0.6885554170608521,7,False
22,gated_alive,full,cuda,diagonal_prototype_soft_top_fraction_v2_geometry_regularization,0,4,3929520158,0.4,0.5,0.7098414916992187,0.709741117477417,7,False
22,gated_alive,full,cuda,diagonal_prototype_soft_top_fraction_v2_geometry_regularization,0,5,3929520258,0.4,0.3333333333333333,0.7475197463035583,0.7474275379180908,8,False
22,gated_alive,full,cuda,diagonal_prototype_soft_top_fraction_v2_geometry_regularization,1,3,3929530058,0.6,0.8333333333333334,0.6765992612838745,0.676569399356842,6,False
22,gated_alive,full,cuda,diagonal_prototype_soft_top_fraction_v2_geometry_regularization,1,4,3929530158,0.4,0.0,0.7829149699211121,0.7828205561637879,7,False
22,gated_alive,full,cuda,diagonal_prototype_soft_top_fraction_v2_geometry_regularization,1,5,3929530258,0.6,0.8333333333333334,0.67215149974823,0.6720816431045532,6,False
22,gated_alive,full,cuda,diagonal_prototype_soft_top_fraction_v2_geometry_regularization,2,3,3929540058,0.75,0.75,0.5537587296962738,0.5533696103096009,16,False
22,gated_alive,full,cuda,diagonal_prototype_soft_top_fraction_v2_geometry_regularization,2,4,3929540158,0.5,0.0,0.6972290325164795,0.6971560764312744,6,False
22,gated_alive,full,cuda,diagonal_prototype_soft_top_fraction_v2_geometry_regularization,2,5,3929540258,1.0,1.0,0.15065289348363875,0.14798642001696863,46,True
23,gated_alive,full,cuda,diagonal_prototype_soft_top_fraction_v2_geometry_regularization,0,3,4075413813,0.6,0.5,0.6923289275169373,0.6923031783103943,6,False
23,gated_alive,full,cuda,diagonal_prototype_soft_top_fraction_v2_geometry_regularization,0,4,4075413913,0.6,0.5,0.6773227024078369,0.677256600856781,6,False
23,gated_alive,full,cuda,diagonal_prototype_soft_top_fraction_v2_geometry_regularization,0,5,4075414013,0.6,1.0,0.5366155529022216,0.5361778309345245,16,True
23,gated_alive,full,cuda,diagonal_prototype_soft_top_fraction_v2_geometry_regularization,1,3,4075423813,0.4,0.0,0.7362787413597107,0.7362427997589112,6,False
23,gated_alive,full,cuda,diagonal_prototype_soft_top_fraction_v2_geometry_regularization,1,4,4075423913,0.6,0.16666666666666669,0.7083732423782348,0.7082925415039063,7,False
23,gated_alive,full,cuda,diagonal_prototype_soft_top_fraction_v2_geometry_regularization,1,5,4075424013,0.4,0.33333333333333337,0.7620915446281433,0.7619892630577088,6,False
23,gated_alive,full,cuda,diagonal_prototype_soft_top_fraction_v2_geometry_regularization,2,3,4075433813,0.5,0.25,0.7033796381950378,0.7033605051040649,8,False
23,gated_alive,full,cuda,diagonal_prototype_soft_top_fraction_v2_geometry_regularization,2,4,4075433913,0.25,0.25,0.7006613683700561,0.70062185049057,6,False
23,gated_alive,full,cuda,diagonal_prototype_soft_top_fraction_v2_geometry_regularization,2,5,4075434013,0.5,0.75,0.6878053164482116,0.6875704741477966,12,False
24,gated_alive,full,cuda,diagonal_prototype_soft_top_fraction_v2_geometry_regularization,0,3,3145778432,0.8,1.0,0.4781087517738342,0.4768020819425583,36,True
24,gated_alive,full,cuda,diagonal_prototype_soft_top_fraction_v2_geometry_regularization,0,4,3145778532,0.4,0.5,0.7076772718429566,0.7076130776405335,7,False
24,gated_alive,full,cuda,diagonal_prototype_soft_top_fraction_v2_geometry_regularization,0,5,3145778632,0.6,0.6666666666666666,0.6344397814273834,0.6342695071697235,11,False
24,gated_alive,full,cuda,diagonal_prototype_soft_top_fraction_v2_geometry_regularization,1,3,3145788432,0.2,0.16666666666666669,0.7594388699531556,0.7593488669395447,6,False
24,gated_alive,full,cuda,diagonal_prototype_soft_top_fraction_v2_geometry_regularization,1,4,3145788532,0.4,0.16666666666666669,0.7307219824790955,0.7306432447433472,8,False
24,gated_alive,full,cuda,diagonal_prototype_soft_top_fraction_v2_geometry_regularization,1,5,3145788632,0.2,0.33333333333333337,0.6917792186737061,0.6917277202606201,7,False
24,gated_alive,full,cuda,diagonal_prototype_soft_top_fraction_v2_geometry_regularization,2,3,3145798432,0.5,0.75,0.6890293240547181,0.6890011310577393,7,False
24,gated_alive,full,cuda,diagonal_prototype_soft_top_fraction_v2_geometry_regularization,2,4,3145798532,0.5,0.5,0.690491213798523,0.6904627227783203,6,False
24,gated_alive,full,cuda,diagonal_prototype_soft_top_fraction_v2_geometry_regularization,2,5,3145798632,0.5,1.0,0.6755049967765808,0.6754386568069458,6,False
25,gated_alive,full,cuda,diagonal_prototype_soft_top_fraction_v2_geometry_regularization,0,3,2865763338,0.4,0.6666666666666666,0.6942132439613342,0.6941812362670898,6,False
25,gated_alive,full,cuda,diagonal_prototype_soft_top_fraction_v2_geometry_regularization,0,4,2865763438,0.6,0.5,0.676920657157898,0.6768845367431641,6,False
25,gated_alive,full,cuda,diagonal_prototype_soft_top_fraction_v2_geometry_regularization,0,5,2865763538,1.0,1.0,0.04907361787557602,0.046726467397529635,92,True
25,gated_alive,full,cuda,diagonal_prototype_soft_top_fraction_v2_geometry_regularization,1,3,2865773338,0.4,0.6666666666666667,0.7092703781127929,0.7092007002830505,6,False
25,gated_alive,full,cuda,diagonal_prototype_soft_top_fraction_v2_geometry_regularization,1,4,2865773438,0.6,0.33333333333333337,0.6904993391036988,0.6904816365242005,6,False
25,gated_alive,full,cuda,diagonal_prototype_soft_top_fraction_v2_geometry_regularization,1,5,2865773538,0.4,0.33333333333333337,0.7315465412139892,0.7314213714599609,7,False
25,gated_alive,full,cuda,diagonal_prototype_soft_top_fraction_v2_geometry_regularization,2,3,2865783338,0.75,0.5,0.6946484231948853,0.6945722484588623,6,False
25,gated_alive,full,cuda,diagonal_prototype_soft_top_fraction_v2_geometry_regularization,2,4,2865783438,0.5,0.0,0.7186441111564636,0.7185964274406433,6,False
25,gated_alive,full,cuda,diagonal_prototype_soft_top_fraction_v2_geometry_regularization,2,5,2865783538,0.75,1.0,0.46968853890895845,0.46922592699527743,18,False
26,gated_alive,full,cuda,diagonal_prototype_soft_top_fraction_v2_geometry_regularization,0,3,561034102,0.4,0.16666666666666666,0.7525594687461853,0.752517626285553,8,False
26,gated_alive,full,cuda,diagonal_prototype_soft_top_fraction_v2_geometry_regularization,0,4,561034202,0.4,0.5,0.7245717363357544,0.724425108909607,7,False
26,gated_alive,full,cuda,diagonal_prototype_soft_top_fraction_v2_geometry_regularization,0,5,561034302,0.8,0.8333333333333333,0.4435652027130127,0.44316343688964843,19,True
26,gated_alive,full,cuda,diagonal_prototype_soft_top_fraction_v2_geometry_regularization,1,3,561044102,0.4,0.33333333333333337,0.7162134146690369,0.7161395645141602,6,False
26,gated_alive,full,cuda,diagonal_prototype_soft_top_fraction_v2_geometry_regularization,1,4,561044202,0.4,0.6666666666666667,0.7022560014724731,0.7021806015968323,6,False
26,gated_alive,full,cuda,diagonal_prototype_soft_top_fraction_v2_geometry_regularization,1,5,561044302,0.4,0.0,0.7720942587852478,0.7719919772148133,7,False
26,gated_alive,full,cuda,diagonal_prototype_soft_top_fraction_v2_geometry_regularization,2,3,561054102,0.75,1.0,0.3390390413999558,0.33834886908531187,16,False
26,gated_alive,full,cuda,diagonal_prototype_soft_top_fraction_v2_geometry_regularization,2,4,561054202,0.75,1.0,0.4738503921031952,0.4734450805187225,16,False
26,gated_alive,full,cuda,diagonal_prototype_soft_top_fraction_v2_geometry_regularization,2,5,561054302,0.75,1.0,0.49558437705039976,0.4951790654659271,15,False
27,gated_alive,full,cuda,diagonal_prototype_soft_top_fraction_v2_geometry_regularization,0,3,411878796,0.6,0.5,0.6746481986045837,0.6746282906532287,6,False
27,gated_alive,full,cuda,diagonal_prototype_soft_top_fraction_v2_geometry_regularization,0,4,411878896,0.4,0.3333333333333333,0.6955249228477478,0.6954393305778503,6,False
27,gated_alive,full,cuda,diagonal_prototype_soft_top_fraction_v2_geometry_regularization,0,5,411878996,0.2,0.0,0.8025158324241638,0.8024313726425171,7,False
27,gated_alive,full,cuda,diagonal_prototype_soft_top_fraction_v2_geometry_regularization,1,3,411888796,0.4,0.0,0.7206558051109314,0.7206156911849976,7,False
27,gated_alive,full,cuda,diagonal_prototype_soft_top_fraction_v2_geometry_regularization,1,4,411888896,0.4,0.6666666666666667,0.6925474286079407,0.6925129175186158,6,False
27,gated_alive,full,cuda,diagonal_prototype_soft_top_fraction_v2_geometry_regularization,1,5,411888996,0.4,0.33333333333333337,0.7496926970481873,0.7496113963127137,7,False
27,gated_alive,full,cuda,diagonal_prototype_soft_top_fraction_v2_geometry_regularization,2,3,411898796,1.0,1.0,0.6518405270576477,0.6517076683044434,7,False
27,gated_alive,full,cuda,diagonal_prototype_soft_top_fraction_v2_geometry_regularization,2,4,411898896,0.5,0.25,0.7014320707321167,0.7013766384124756,6,False
27,gated_alive,full,cuda,diagonal_prototype_soft_top_fraction_v2_geometry_regularization,2,5,411898996,1.0,1.0,0.579685606956482,0.57949946641922,9,True
28,gated_alive,full,cuda,diagonal_prototype_soft_top_fraction_v2_geometry_regularization,0,3,1143810128,0.8,1.0,0.43810528492927553,0.436921694278717,33,True
28,gated_alive,full,cuda,diagonal_prototype_soft_top_fraction_v2_geometry_regularization,0,4,1143810228,0.6,0.6666666666666666,0.6049334650039673,0.6045863256454468,15,False
28,gated_alive,full,cuda,diagonal_prototype_soft_top_fraction_v2_geometry_regularization,0,5,1143810328,0.4,1.0,0.6922346053123474,0.69216224527359,6,False
28,gated_alive,full,cuda,diagonal_prototype_soft_top_fraction_v2_geometry_regularization,1,3,1143820128,0.6,0.5,0.6734460759162902,0.6734101343154907,6,False
28,gated_alive,full,cuda,diagonal_prototype_soft_top_fraction_v2_geometry_regularization,1,4,1143820228,0.6,0.33333333333333337,0.6988993997573852,0.6988554711341858,8,False
28,gated_alive,full,cuda,diagonal_prototype_soft_top_fraction_v2_geometry_regularization,1,5,1143820328,0.4,0.16666666666666669,0.7780423526763915,0.7779368524551391,6,False
28,gated_alive,full,cuda,diagonal_prototype_soft_top_fraction_v2_geometry_regularization,2,3,1143830128,0.5,0.5,0.6949785566329956,0.6948989248275756,6,False
28,gated_alive,full,cuda,diagonal_prototype_soft_top_fraction_v2_geometry_regularization,2,4,1143830228,0.5,0.0,0.7340493655204773,0.7339554286003113,6,False
28,gated_alive,full,cuda,diagonal_prototype_soft_top_fraction_v2_geometry_regularization,2,5,1143830328,0.25,0.5,0.6973770499229431,0.6973034381866455,7,False
29,gated_alive,full,cuda,diagonal_prototype_soft_top_fraction_v2_geometry_regularization,0,3,1897687215,0.4,0.8333333333333333,0.7032475252151489,0.7031622905731201,10,False
29,gated_alive,full,cuda,diagonal_prototype_soft_top_fraction_v2_geometry_regularization,0,4,1897687315,0.6,0.6666666666666666,0.6232761887311935,0.6228196843862533,16,False
29,gated_alive,full,cuda,diagonal_prototype_soft_top_fraction_v2_geometry_regularization,0,5,1897687415,0.6,0.8333333333333333,0.6659979844093322,0.6658071899414062,14,False
29,gated_alive,full,cuda,diagonal_prototype_soft_top_fraction_v2_geometry_regularization,1,3,1897697215,0.6,0.8333333333333334,0.68659104013443,0.6865394225120545,7,False
29,gated_alive,full,cuda,diagonal_prototype_soft_top_fraction_v2_geometry_regularization,1,4,1897697315,0.4,0.33333333333333337,0.7433156752586365,0.7432342553138733,8,False
29,gated_alive,full,cuda,diagonal_prototype_soft_top_fraction_v2_geometry_regularization,1,5,1897697415,0.6,0.5,0.6865822658538818,0.6865079984664917,6,False
29,gated_alive,full,cuda,diagonal_prototype_soft_top_fraction_v2_geometry_regularization,2,3,1897707215,0.75,1.0,0.42377443730831144,0.42271155714988706,20,False
29,gated_alive,full,cuda,diagonal_prototype_soft_top_fraction_v2_geometry_regularization,2,4,1897707315,0.75,1.0,0.2290584375243634,0.22818103455356323,22,True
29,gated_alive,full,cuda,diagonal_prototype_soft_top_fraction_v2_geometry_regularization,2,5,1897707415,0.25,0.5,0.7039213132858276,0.7038344097137451,6,False
30,gated_alive,full,cuda,diagonal_prototype_soft_top_fraction_v2_geometry_regularization,0,3,310985277,0.4,0.5,0.7045434675216675,0.7044724187850953,7,False
30,gated_alive,full,cuda,diagonal_prototype_soft_top_fraction_v2_geometry_regularization,0,4,310985377,0.4,0.3333333333333333,0.7220828924179077,0.7220195922851562,6,False
30,gated_alive,full,cuda,diagonal_prototype_soft_top_fraction_v2_geometry_regularization,0,5,310985477,0.4,0.16666666666666666,0.7615643954277038,0.7614846444129943,6,False
30,gated_alive,full,cuda,diagonal_prototype_soft_top_fraction_v2_geometry_regularization,1,3,310995277,0.2,0.33333333333333337,0.696791178226471,0.6967172088623047,7,False
30,gated_alive,full,cuda,diagonal_prototype_soft_top_fraction_v2_geometry_regularization,1,4,310995377,0.2,0.5,0.699142641544342,0.6990946598052978,6,False
30,gated_alive,full,cuda,diagonal_prototype_soft_top_fraction_v2_geometry_regularization,1,5,310995477,0.2,0.16666666666666669,0.7170998311042786,0.7170346236228943,7,False
30,gated_alive,full,cuda,diagonal_prototype_soft_top_fraction_v2_geometry_regularization,2,3,311005277,0.75,0.5,0.6614685153961182,0.6614005661010742,12,False
30,gated_alive,full,cuda,diagonal_prototype_soft_top_fraction_v2_geometry_regularization,2,4,311005377,0.25,0.5,0.6840369987487793,0.6839769172668457,6,False
30,gated_alive,full,cuda,diagonal_prototype_soft_top_fraction_v2_geometry_regularization,2,5,311005477,0.75,0.75,0.6824004817008972,0.6823011803627014,6,True
31,gated_alive,full,cuda,diagonal_prototype_soft_top_fraction_v2_geometry_regularization,0,3,3807402561,0.4,0.5,0.6852642135620117,0.6852429347038269,7,False
31,gated_alive,full,cuda,diagonal_prototype_soft_top_fraction_v2_geometry_regularization,0,4,3807402661,0.4,0.6666666666666666,0.7087938475608826,0.7087223815917969,6,False
31,gated_alive,full,cuda,diagonal_prototype_soft_top_fraction_v2_geometry_regularization,0,5,3807402761,1.0,1.0,0.2886203966140747,0.28837842774391176,15,False
31,gated_alive,full,cuda,diagonal_prototype_soft_top_fraction_v2_geometry_regularization,1,3,3807412561,0.4,0.16666666666666669,0.7148945827484131,0.714799870967865,7,False
31,gated_alive,full,cuda,diagonal_prototype_soft_top_fraction_v2_geometry_regularization,1,4,3807412661,0.6,0.6666666666666667,0.7129651658535003,0.7127526600360871,10,False
31,gated_alive,full,cuda,diagonal_prototype_soft_top_fraction_v2_geometry_regularization,1,5,3807412761,0.8,0.8333333333333334,0.560844966173172,0.5603873965740204,15,False
31,gated_alive,full,cuda,diagonal_prototype_soft_top_fraction_v2_geometry_regularization,2,3,3807422561,1.0,1.0,0.21287505209445953,0.2113317719101906,21,False
31,gated_alive,full,cuda,diagonal_prototype_soft_top_fraction_v2_geometry_regularization,2,4,3807422661,1.0,1.0,0.19874773740768434,0.19822290331125259,23,True
31,gated_alive,full,cuda,diagonal_prototype_soft_top_fraction_v2_geometry_regularization,2,5,3807422761,0.5,1.0,0.6511435294151307,0.6510407114028931,11,False
32,gated_alive,full,cuda,diagonal_prototype_soft_top_fraction_v2_geometry_regularization,0,3,2035922833,0.4,0.6666666666666666,0.7071025800704956,0.7070278954505921,6,False
32,gated_alive,full,cuda,diagonal_prototype_soft_top_fraction_v2_geometry_regularization,0,4,2035922933,0.4,0.16666666666666666,0.7125501685142517,0.7124761991500854,6,False
32,gated_alive,full,cuda,diagonal_prototype_soft_top_fraction_v2_geometry_regularization,0,5,2035923033,0.8,1.0,0.3422768745496869,0.3417073621246964,21,False
32,gated_alive,full,cuda,diagonal_prototype_soft_top_fraction_v2_geometry_regularization,1,3,2035932833,0.4,0.33333333333333337,0.7260982751846313,0.7259950399398803,7,False
32,gated_alive,full,cuda,diagonal_prototype_soft_top_fraction_v2_geometry_regularization,1,4,2035932933,0.8,0.8333333333333334,0.5707464699745178,0.5701665167808533,13,False
32,gated_alive,full,cuda,diagonal_prototype_soft_top_fraction_v2_geometry_regularization,1,5,2035933033,1.0,1.0,0.16326235442329198,0.16171797631330265,94,True
32,gated_alive,full,cuda,diagonal_prototype_soft_top_fraction_v2_geometry_regularization,2,3,2035942833,0.5,0.25,0.6970019435882568,0.6969792938232422,8,False
32,gated_alive,full,cuda,diagonal_prototype_soft_top_fraction_v2_geometry_regularization,2,4,2035942933,0.5,1.0,0.6819909143447876,0.6819258260726929,7,False
32,gated_alive,full,cuda,diagonal_prototype_soft_top_fraction_v2_geometry_regularization,2,5,2035943033,0.5,0.5,0.6798868298530578,0.6796748709678649,11,False
33,gated_alive,full,cuda,diagonal_prototype_soft_top_fraction_v2_geometry_regularization,0,3,2995540271,0.4,0.6666666666666666,0.7043054237365722,0.7042526140213012,6,False
33,gated_alive,full,cuda,diagonal_prototype_soft_top_fraction_v2_geometry_regularization,0,4,2995540371,0.6,0.6666666666666666,0.5901635662019252,0.589699797719717,18,False
33,gated_alive,full,cuda,diagonal_prototype_soft_top_fraction_v2_geometry_regularization,0,5,2995540471,0.4,0.5,0.7228714027404786,0.7227637567520142,7,False
33,gated_alive,full,cuda,diagonal_prototype_soft_top_fraction_v2_geometry_regularization,1,3,2995550271,0.4,0.16666666666666669,0.7196075191497803,0.7195088138580322,6,False
33,gated_alive,full,cuda,diagonal_prototype_soft_top_fraction_v2_geometry_regularization,1,4,2995550371,0.6,0.6666666666666667,0.704733615398407,0.7046737723350525,9,False
33,gated_alive,full,cuda,diagonal_prototype_soft_top_fraction_v2_geometry_regularization,1,5,2995550471,1.0,1.0,0.3894252657294273,0.38867919266223905,18,True
33,gated_alive,full,cuda,diagonal_prototype_soft_top_fraction_v2_geometry_regularization,2,3,2995560271,0.25,0.25,0.6949591159820556,0.6948897361755371,8,False
33,gated_alive,full,cuda,diagonal_prototype_soft_top_fraction_v2_geometry_regularization,2,4,2995560371,0.75,0.5,0.617004132270813,0.616357352733612,14,False
33,gated_alive,full,cuda,diagonal_prototype_soft_top_fraction_v2_geometry_regularization,2,5,2995560471,1.0,1.0,0.5230165952444077,0.5207367253303528,32,False
34,gated_alive,full,cuda,diagonal_prototype_soft_top_fraction_v2_geometry_regularization,0,3,913047278,0.6,0.3333333333333333,0.7003199000358582,0.7002365131378174,7,True
34,gated_alive,full,cuda,diagonal_prototype_soft_top_fraction_v2_geometry_regularization,0,4,913047378,0.4,1.0,0.709667073726654,0.7096395959854126,6,False
34,gated_alive,full,cuda,diagonal_prototype_soft_top_fraction_v2_geometry_regularization,0,5,913047478,0.4,0.0,0.782365222454071,0.782299955368042,6,False
34,gated_alive,full,cuda,diagonal_prototype_soft_top_fraction_v2_geometry_regularization,1,3,913057278,0.4,0.16666666666666669,0.7129030628204346,0.7128784461021423,6,False
34,gated_alive,full,cuda,diagonal_prototype_soft_top_fraction_v2_geometry_regularization,1,4,913057378,0.4,0.33333333333333337,0.7149605860710144,0.7148778548240662,6,False
34,gated_alive,full,cuda,diagonal_prototype_soft_top_fraction_v2_geometry_regularization,1,5,913057478,0.4,0.5,0.729982666015625,0.7299392142295837,6,False
34,gated_alive,full,cuda,diagonal_prototype_soft_top_fraction_v2_geometry_regularization,2,3,913067278,0.5,1.0,0.49632409572601316,0.4959157884120941,14,False
34,gated_alive,full,cuda,diagonal_prototype_soft_top_fraction_v2_geometry_regularization,2,4,913067378,0.5,0.5,0.690624692440033,0.6905825519561768,6,False
34,gated_alive,full,cuda,diagonal_prototype_soft_top_fraction_v2_geometry_regularization,2,5,913067478,0.5,0.5,0.6969465160369873,0.6968912029266358,6,False
35,gated_alive,full,cuda,diagonal_prototype_soft_top_fraction_v2_geometry_regularization,0,3,1402190573,0.2,0.16666666666666666,0.7227220230102539,0.7226348214149475,8,False
35,gated_alive,full,cuda,diagonal_prototype_soft_top_fraction_v2_geometry_regularization,0,4,1402190673,0.4,0.3333333333333333,0.7355101571083069,0.7354746327400208,8,False
35,gated_alive,full,cuda,diagonal_prototype_soft_top_fraction_v2_geometry_regularization,0,5,1402190773,0.4,0.3333333333333333,0.7158460116386414,0.7157867050170899,6,False
35,gated_alive,full,cuda,diagonal_prototype_soft_top_fraction_v2_geometry_regularization,1,3,1402200573,0.4,0.0,0.738498869895935,0.7383989129066467,7,False
35,gated_alive,full,cuda,diagonal_prototype_soft_top_fraction_v2_geometry_regularization,1,4,1402200673,0.6,1.0,0.6427856917381287,0.6423870558738709,13,False
35,gated_alive,full,cuda,diagonal_prototype_soft_top_fraction_v2_geometry_regularization,1,5,1402200773,0.4,0.5,0.7267754769325256,0.7267073488235474,6,False
35,gated_alive,full,cuda,diagonal_prototype_soft_top_fraction_v2_geometry_regularization,2,3,1402210573,0.5,1.0,0.6747711658477783,0.674734091758728,6,False
35,gated_alive,full,cuda,diagonal_prototype_soft_top_fraction_v2_geometry_regularization,2,4,1402210673,0.75,1.0,0.34737741157412527,0.34667774111032484,19,True
35,gated_alive,full,cuda,diagonal_prototype_soft_top_fraction_v2_geometry_regularization,2,5,1402210773,0.5,0.0,0.7220570826530457,0.7219847822189331,6,False
36,gated_alive,full,cuda,diagonal_prototype_soft_top_fraction_v2_geometry_regularization,0,3,498139453,0.8,0.8333333333333333,0.6008563141822815,0.6002011413574219,21,False
36,gated_alive,full,cuda,diagonal_prototype_soft_top_fraction_v2_geometry_regularization,0,4,498139553,0.4,0.6666666666666666,0.6998333644866943,0.6997830581665039,8,False
36,gated_alive,full,cuda,diagonal_prototype_soft_top_fraction_v2_geometry_regularization,0,5,498139653,1.0,1.0,0.22036470460891724,0.21894141292572022,26,False
36,gated_alive,full,cuda,diagonal_prototype_soft_top_fraction_v2_geometry_regularization,1,3,498149453,0.8,1.0,0.45540019392967224,0.45490337562561034,21,False
36,gated_alive,full,cuda,diagonal_prototype_soft_top_fraction_v2_geometry_regularization,1,4,498149553,0.6,0.5,0.686567850112915,0.686500973701477,6,False
36,gated_alive,full,cuda,diagonal_prototype_soft_top_fraction_v2_geometry_regularization,1,5,498149653,0.4,0.0,0.7137463006973267,0.7136993322372437,6,False
36,gated_alive,full,cuda,diagonal_prototype_soft_top_fraction_v2_geometry_regularization,2,3,498159453,1.0,1.0,0.0060426893178373575,0.004163550381886125,92,True
36,gated_alive,full,cuda,diagonal_prototype_soft_top_fraction_v2_geometry_regularization,2,4,498159553,1.0,1.0,0.04318215600214899,0.04115778857012629,32,False
36,gated_alive,full,cuda,diagonal_prototype_soft_top_fraction_v2_geometry_regularization,2,5,498159653,0.75,1.0,0.34041999084874985,0.33930469858460127,19,False
37,gated_alive,full,cuda,diagonal_prototype_soft_top_fraction_v2_geometry_regularization,0,3,3152197758,0.4,0.6666666666666666,0.725739324092865,0.7256832361221314,7,False
37,gated_alive,full,cuda,diagonal_prototype_soft_top_fraction_v2_geometry_regularization,0,4,3152197858,0.4,0.8333333333333333,0.6993896369934082,0.6993331317901611,8,False
37,gated_alive,full,cuda,diagonal_prototype_soft_top_fraction_v2_geometry_regularization,0,5,3152197958,0.4,0.8333333333333333,0.6816612024307251,0.6815623779296875,7,False
37,gated_alive,full,cuda,diagonal_prototype_soft_top_fraction_v2_geometry_regularization,1,3,3152207758,0.8,0.8333333333333334,0.4356664708554745,0.435362773925066,14,True
37,gated_alive,full,cuda,diagonal_prototype_soft_top_fraction_v2_geometry_regularization,1,4,3152207858,0.4,0.33333333333333337,0.7093441014289856,0.709284556388855,6,False
37,gated_alive,full,cuda,diagonal_prototype_soft_top_fraction_v2_geometry_regularization,1,5,3152207958,0.4,0.5,0.7025766339302063,0.7025349106788635,6,False
37,gated_alive,full,cuda,diagonal_prototype_soft_top_fraction_v2_geometry_regularization,2,3,3152217758,0.25,0.25,0.7060656857490539,0.7060128164291382,6,False
37,gated_alive,full,cuda,diagonal_prototype_soft_top_fraction_v2_geometry_regularization,2,4,3152217858,0.5,0.5,0.6967032265663147,0.6966250252723694,6,False
37,gated_alive,full,cuda,diagonal_prototype_soft_top_fraction_v2_geometry_regularization,2,5,3152217958,0.5,0.25,0.7172412276268005,0.7171790599822998,6,False
38,gated_alive,full,cuda,diagonal_prototype_soft_top_fraction_v2_geometry_regularization,0,3,3325497301,0.4,0.16666666666666666,0.7295577416419983,0.7294958720207214,8,False
38,gated_alive,full,cuda,diagonal_prototype_soft_top_fraction_v2_geometry_regularization,0,4,3325497401,0.4,0.6666666666666666,0.7191360564231872,0.719049331665039,6,False
38,gated_alive,full,cuda,diagonal_prototype_soft_top_fraction_v2_geometry_regularization,0,5,3325497501,0.4,0.5,0.7453366503715515,0.7452529058456421,6,False
38,gated_alive,full,cuda,diagonal_prototype_soft_top_fraction_v2_geometry_regularization,1,3,3325507301,0.4,1.0,0.6875704975128174,0.6875265092849732,6,False
38,gated_alive,full,cuda,diagonal_prototype_soft_top_fraction_v2_geometry_regularization,1,4,3325507401,0.4,0.6666666666666667,0.6950212421417237,0.6949132981300354,8,False
38,gated_alive,full,cuda,diagonal_prototype_soft_top_fraction_v2_geometry_regularization,1,5,3325507501,0.6,0.6666666666666667,0.5865188436508179,0.5861012535095215,16,True
38,gated_alive,full,cuda,diagonal_prototype_soft_top_fraction_v2_geometry_regularization,2,3,3325517301,0.5,0.5,0.6991085743904114,0.6990107035636902,9,False
38,gated_alive,full,cuda,diagonal_prototype_soft_top_fraction_v2_geometry_regularization,2,4,3325517401,0.25,0.25,0.7071497178077698,0.7071078157424927,6,False
38,gated_alive,full,cuda,diagonal_prototype_soft_top_fraction_v2_geometry_regularization,2,5,3325517501,0.5,0.5,0.6871085572242737,0.6869407701492309,12,False
39,gated_alive,full,cuda,diagonal_prototype_soft_top_fraction_v2_geometry_regularization,0,3,945472733,0.4,0.0,0.7462744994163513,0.7462128086090087,8,False
39,gated_alive,full,cuda,diagonal_prototype_soft_top_fraction_v2_geometry_regularization,0,4,945472833,0.4,0.0,0.7145947647094727,0.714525146484375,8,False
39,gated_alive,full,cuda,diagonal_prototype_soft_top_fraction_v2_geometry_regularization,0,5,945472933,0.8,1.0,0.29691762651503084,0.29447012703234215,100,True
39,gated_alive,full,cuda,diagonal_prototype_soft_top_fraction_v2_geometry_regularization,1,3,945482733,0.2,0.5,0.7382635660171509,0.7381670064926148,8,False
39,gated_alive,full,cuda,diagonal_prototype_soft_top_fraction_v2_geometry_regularization,1,4,945482833,0.6,0.33333333333333337,0.6898758692741394,0.6897535009384155,6,False
39,gated_alive,full,cuda,diagonal_prototype_soft_top_fraction_v2_geometry_regularization,1,5,945482933,0.4,0.33333333333333337,0.7283942008018494,0.7283483648300171,6,False
39,gated_alive,full,cuda,diagonal_prototype_soft_top_fraction_v2_geometry_regularization,2,3,945492733,0.5,0.5,0.6971728754043579,0.6970944356918335,6,False
39,gated_alive,full,cuda,diagonal_prototype_soft_top_fraction_v2_geometry_regularization,2,4,945492833,0.5,0.25,0.7109155058860779,0.7108588814735413,6,False
39,gated_alive,full,cuda,diagonal_prototype_soft_top_fraction_v2_geometry_regularization,2,5,945492933,0.0,0.0,0.7166090989112854,0.7165627264976502,6,False
40,gated_alive,full,cuda,diagonal_prototype_soft_top_fraction_v2_geometry_regularization,0,3,3070822891,0.6,0.6666666666666666,0.6907888264656067,0.6905663223266602,19,True
40,gated_alive,full,cuda,diagonal_prototype_soft_top_fraction_v2_geometry_regularization,0,4,3070822991,0.4,0.16666666666666666,0.7311903462409973,0.7311241254806519,6,False
40,gated_alive,full,cuda,diagonal_prototype_soft_top_fraction_v2_geometry_regularization,0,5,3070823091,0.4,0.5,0.713397093296051,0.7133032755851746,7,False
40,gated_alive,full,cuda,diagonal_prototype_soft_top_fraction_v2_geometry_regularization,1,3,3070832891,0.6,0.33333333333333337,0.6926096982955933,0.6925663061141968,6,False
40,gated_alive,full,cuda,diagonal_prototype_soft_top_fraction_v2_geometry_regularization,1,4,3070832991,0.4,0.16666666666666669,0.762533332824707,0.7624503035545349,7,False
40,gated_alive,full,cuda,diagonal_prototype_soft_top_fraction_v2_geometry_regularization,1,5,3070833091,0.4,0.16666666666666669,0.7800112390518188,0.7799416880607605,6,False
40,gated_alive,full,cuda,diagonal_prototype_soft_top_fraction_v2_geometry_regularization,2,3,3070842891,0.5,0.25,0.7002275514602662,0.700132064819336,6,False
40,gated_alive,full,cuda,diagonal_prototype_soft_top_fraction_v2_geometry_regularization,2,4,3070842991,0.5,0.5,0.6626365280151367,0.6625218486785889,8,False
40,gated_alive,full,cuda,diagonal_prototype_soft_top_fraction_v2_geometry_regularization,2,5,3070843091,0.5,0.0,0.70026935338974,0.7002377033233642,6,False
41,gated_alive,full,cuda,diagonal_prototype_soft_top_fraction_v2_geometry_regularization,0,3,350446306,0.4,1.0,0.6863300309181214,0.6862710819244385,6,False
41,gated_alive,full,cuda,diagonal_prototype_soft_top_fraction_v2_geometry_regularization,0,4,350446406,0.8,1.0,0.21986096751783044,0.21915876420773567,25,False
41,gated_alive,full,cuda,diagonal_prototype_soft_top_fraction_v2_geometry_regularization,0,5,350446506,0.4,1.0,0.6903668665885925,0.6903208518028259,6,False
41,gated_alive,full,cuda,diagonal_prototype_soft_top_fraction_v2_geometry_regularization,1,3,350456306,1.0,1.0,0.39671310913562774,0.39533610010147097,40,True
41,gated_alive,full,cuda,diagonal_prototype_soft_top_fraction_v2_geometry_regularization,1,4,350456406,0.4,0.16666666666666669,0.7149833374023438,0.7149162225723267,7,False
41,gated_alive,full,cuda,diagonal_prototype_soft_top_fraction_v2_geometry_regularization,1,5,350456506,0.8,1.0,0.23601990747451781,0.23564768736064434,14,False
41,gated_alive,full,cuda,diagonal_prototype_soft_top_fraction_v2_geometry_regularization,2,3,350466306,0.5,0.5,0.6944685792922973,0.6944327569007873,7,False
41,gated_alive,full,cuda,diagonal_prototype_soft_top_fraction_v2_geometry_regularization,2,4,350466406,0.25,0.0,0.711058053970337,0.7110096549987793,6,False
41,gated_alive,full,cuda,diagonal_prototype_soft_top_fraction_v2_geometry_regularization,2,5,350466506,0.5,0.5,0.6885243892669678,0.6884389066696167,10,False
42,gated_alive,full,cuda,diagonal_prototype_soft_top_fraction_v2_geometry_regularization,0,3,1681874024,0.6,0.8333333333333333,0.5533603746891022,0.5529606804847718,13,False
42,gated_alive,full,cuda,diagonal_prototype_soft_top_fraction_v2_geometry_regularization,0,4,1681874124,1.0,1.0,0.04934276685118675,0.047961633044178595,66,True
42,gated_alive,full,cuda,diagonal_prototype_soft_top_fraction_v2_geometry_regularization,0,5,1681874224,0.8,1.0,0.2787941663265228,0.2777460446357727,21,False
42,gated_alive,full,cuda,diagonal_prototype_soft_top_fraction_v2_geometry_regularization,1,3,1681884024,0.4,0.33333333333333337,0.7294880900382995,0.729431167602539,11,False
42,gated_alive,full,cuda,diagonal_prototype_soft_top_fraction_v2_geometry_regularization,1,4,1681884124,1.0,1.0,0.17877602219581604,0.177331622838974,74,False
42,gated_alive,full,cuda,diagonal_prototype_soft_top_fraction_v2_geometry_regularization,1,5,1681884224,0.6,0.0,0.6854184665679932,0.6853663125038147,6,False
42,gated_alive,full,cuda,diagonal_prototype_soft_top_fraction_v2_geometry_regularization,2,3,1681894024,0.25,0.5,0.6974219179153442,0.6974040365219116,7,False
42,gated_alive,full,cuda,diagonal_prototype_soft_top_fraction_v2_geometry_regularization,2,4,1681894124,0.75,0.5,0.6939511299133301,0.6939235925674438,10,False
42,gated_alive,full,cuda,diagonal_prototype_soft_top_fraction_v2_geometry_regularization,2,5,1681894224,0.5,1.0,0.6976634788513184,0.6975653696060181,6,False
43,gated_alive,full,cuda,diagonal_prototype_soft_top_fraction_v2_geometry_regularization,0,3,686746676,0.6,0.5,0.6513533203601837,0.6511964409351348,9,False
43,gated_alive,full,cuda,diagonal_prototype_soft_top_fraction_v2_geometry_regularization,0,4,686746776,0.4,0.0,0.7443785667419434,0.7443529963493347,7,False
43,gated_alive,full,cuda,diagonal_prototype_soft_top_fraction_v2_geometry_regularization,0,5,686746876,0.4,0.3333333333333333,0.7163354511260986,0.7162776942253113,6,False
43,gated_alive,full,cuda,diagonal_prototype_soft_top_fraction_v2_geometry_regularization,1,3,686756676,0.4,0.6666666666666667,0.7271388339996337,0.727057708978653,6,False
43,gated_alive,full,cuda,diagonal_prototype_soft_top_fraction_v2_geometry_regularization,1,4,686756776,0.8,0.8333333333333334,0.6216469187736511,0.6215175060033798,12,False
43,gated_alive,full,cuda,diagonal_prototype_soft_top_fraction_v2_geometry_regularization,1,5,686756876,0.8,1.0,0.3316840719040483,0.3308194823861122,24,True
43,gated_alive,full,cuda,diagonal_prototype_soft_top_fraction_v2_geometry_regularization,2,3,686766676,0.5,0.5,0.7042933630943299,0.7042422819137574,8,False
43,gated_alive,full,cuda,diagonal_prototype_soft_top_fraction_v2_geometry_regularization,2,4,686766776,0.25,0.0,0.7191012477874756,0.7190496897697449,6,False
43,gated_alive,full,cuda,diagonal_prototype_soft_top_fraction_v2_geometry_regularization,2,5,686766876,0.75,1.0,0.3599256980419159,0.359344025850296,18,False
44,gated_alive,full,cuda,diagonal_prototype_soft_top_fraction_v2_geometry_regularization,0,3,3195502465,0.4,0.5,0.6977374367713928,0.6976282410621643,6,False
44,gated_alive,full,cuda,diagonal_prototype_soft_top_fraction_v2_geometry_regularization,0,4,3195502565,0.4,0.6666666666666666,0.7167466979026794,0.7166453104019165,6,False
44,gated_alive,full,cuda,diagonal_prototype_soft_top_fraction_v2_geometry_regularization,0,5,3195502665,1.0,1.0,0.20025856232643127,0.19849855661392213,37,True
44,gated_alive,full,cuda,diagonal_prototype_soft_top_fraction_v2_geometry_regularization,1,3,3195512465,0.4,0.6666666666666667,0.7011816568374634,0.7010946340560913,7,False
44,gated_alive,full,cuda,diagonal_prototype_soft_top_fraction_v2_geometry_regularization,1,4,3195512565,0.6,0.8333333333333334,0.5407841711044311,0.5404456167221069,14,False
44,gated_alive,full,cuda,diagonal_prototype_soft_top_fraction_v2_geometry_regularization,1,5,3195512665,0.4,0.6666666666666667,0.6694013619422913,0.6691822521686553,11,False
44,gated_alive,full,cuda,diagonal_prototype_soft_top_fraction_v2_geometry_regularization,2,3,3195522465,0.75,0.75,0.5082352042198182,0.507730815410614,17,False
44,gated_alive,full,cuda,diagonal_prototype_soft_top_fraction_v2_geometry_regularization,2,4,3195522565,0.5,0.0,0.6988670897483825,0.6988174390792846,7,False
44,gated_alive,full,cuda,diagonal_prototype_soft_top_fraction_v2_geometry_regularization,2,5,3195522665,0.5,0.25,0.7032601046562195,0.7032208251953125,7,False
45,gated_alive,full,cuda,diagonal_prototype_soft_top_fraction_v2_geometry_regularization,0,3,1460719470,0.4,0.6666666666666666,0.7044834885597229,0.7044055852890014,6,False
45,gated_alive,full,cuda,diagonal_prototype_soft_top_fraction_v2_geometry_regularization,0,4,1460719570,0.4,0.3333333333333333,0.7069445219039917,0.7068931427001953,6,False
45,gated_alive,full,cuda,diagonal_prototype_soft_top_fraction_v2_geometry_regularization,0,5,1460719670,0.2,0.3333333333333333,0.818973708152771,0.8188907384872437,6,False
45,gated_alive,full,cuda,diagonal_prototype_soft_top_fraction_v2_geometry_regularization,1,3,1460729470,0.4,0.33333333333333337,0.7337609052658081,0.7336877107620239,6,False
45,gated_alive,full,cuda,diagonal_prototype_soft_top_fraction_v2_geometry_regularization,1,4,1460729570,0.6,0.5,0.6735116519927978,0.6734448175430298,6,False
45,gated_alive,full,cuda,diagonal_prototype_soft_top_fraction_v2_geometry_regularization,1,5,1460729670,0.4,0.8333333333333334,0.6591499977111817,0.6590020627975464,6,False
45,gated_alive,full,cuda,diagonal_prototype_soft_top_fraction_v2_geometry_regularization,2,3,1460739470,0.5,0.75,0.6849059772491455,0.6848798704147339,11,False
45,gated_alive,full,cuda,diagonal_prototype_soft_top_fraction_v2_geometry_regularization,2,4,1460739570,0.25,0.0,0.702657675743103,0.7025779843330383,7,False
45,gated_alive,full,cuda,diagonal_prototype_soft_top_fraction_v2_geometry_regularization,2,5,1460739670,0.75,0.75,0.6779945421218873,0.6779062676429749,7,True
46,gated_alive,full,cuda,diagonal_prototype_soft_top_fraction_v2_geometry_regularization,0,3,2033282304,0.8,1.0,0.2561081631705165,0.2547671585232019,34,True
46,gated_alive,full,cuda,diagonal_prototype_soft_top_fraction_v2_geometry_regularization,0,4,2033282404,0.8,0.6666666666666666,0.5183957735300064,0.5167945801615715,26,False
46,gated_alive,full,cuda,diagonal_prototype_soft_top_fraction_v2_geometry_regularization,0,5,2033282504,0.8,1.0,0.3845708349943161,0.38425921750068665,12,False
46,gated_alive,full,cuda,diagonal_prototype_soft_top_fraction_v2_geometry_regularization,1,3,2033292304,0.4,0.5,0.6939273710250855,0.69382932138443,7,False
46,gated_alive,full,cuda,diagonal_prototype_soft_top_fraction_v2_geometry_regularization,1,4,2033292404,0.6,0.8333333333333334,0.6480840375423431,0.6477127869129181,13,False
46,gated_alive,full,cuda,diagonal_prototype_soft_top_fraction_v2_geometry_regularization,1,5,2033292504,0.8,1.0,0.4581550788283348,0.45762252813577653,16,False
46,gated_alive,full,cuda,diagonal_prototype_soft_top_fraction_v2_geometry_regularization,2,3,2033302304,0.5,0.0,0.7241710638999939,0.7241388177871704,6,False
46,gated_alive,full,cuda,diagonal_prototype_soft_top_fraction_v2_geometry_regularization,2,4,2033302404,0.75,1.0,0.3301637516915798,0.3297485527396202,12,False
46,gated_alive,full,cuda,diagonal_prototype_soft_top_fraction_v2_geometry_regularization,2,5,2033302504,0.25,0.25,0.7219851779937744,0.7219044733047485,7,False
47,gated_alive,full,cuda,diagonal_prototype_soft_top_fraction_v2_geometry_regularization,0,3,1997989680,0.6,0.0,0.6952118134498596,0.6951573944091797,6,False
47,gated_alive,full,cuda,diagonal_prototype_soft_top_fraction_v2_geometry_regularization,0,4,1997989780,0.8,1.0,0.4571862439513206,0.4564990932941437,26,False
47,gated_alive,full,cuda,diagonal_prototype_soft_top_fraction_v2_geometry_regularization,0,5,1997989880,0.6,1.0,0.6434928293228149,0.6434012322425843,11,False
47,gated_alive,full,cuda,diagonal_prototype_soft_top_fraction_v2_geometry_regularization,1,3,1997999680,0.4,0.16666666666666669,0.7438196024894714,0.7436816773414612,8,False
47,gated_alive,full,cuda,diagonal_prototype_soft_top_fraction_v2_geometry_regularization,1,4,1997999780,0.8,1.0,0.2726955652013421,0.2712555918619037,31,True
47,gated_alive,full,cuda,diagonal_prototype_soft_top_fraction_v2_geometry_regularization,1,5,1997999880,0.8,0.6666666666666667,0.6865487222671509,0.686455023765564,6,False
47,gated_alive,full,cuda,diagonal_prototype_soft_top_fraction_v2_geometry_regularization,2,3,1998009680,0.5,0.5,0.7012775778770447,0.7012552261352539,8,False
47,gated_alive,full,cuda,diagonal_prototype_soft_top_fraction_v2_geometry_regularization,2,4,1998009780,0.0,0.0,0.703309817314148,0.7032716703414917,6,False
47,gated_alive,full,cuda,diagonal_prototype_soft_top_fraction_v2_geometry_regularization,2,5,1998009880,0.5,0.5,0.7131824564933776,0.7131256532669067,8,False
48,gated_alive,full,cuda,diagonal_prototype_soft_top_fraction_v2_geometry_regularization,0,3,2042481786,0.4,0.16666666666666669,0.708966609954834,0.7089197607040405,8,False
48,gated_alive,full,cuda,diagonal_prototype_soft_top_fraction_v2_geometry_regularization,0,4,2042481886,0.4,0.6666666666666667,0.6919635014533997,0.6918835120201111,8,False
48,gated_alive,full,cuda,diagonal_prototype_soft_top_fraction_v2_geometry_regularization,0,5,2042481986,0.4,0.6666666666666667,0.7061116099357605,0.7060436010360718,6,False
48,gated_alive,full,cuda,diagonal_prototype_soft_top_fraction_v2_geometry_regularization,1,3,2042491786,0.2,0.3333333333333333,0.7124972352981568,0.7124441275596619,13,False
48,gated_alive,full,cuda,diagonal_prototype_soft_top_fraction_v2_geometry_regularization,1,4,2042491886,0.2,0.0,0.7361794514656067,0.7360815806388855,6,False
48,gated_alive,full,cuda,diagonal_prototype_soft_top_fraction_v2_geometry_regularization,1,5,2042491986,0.4,1.0,0.6902813286781311,0.6902661294937134,6,False
48,gated_alive,full,cuda,diagonal_prototype_soft_top_fraction_v2_geometry_regularization,2,3,2042501786,0.25,0.5,0.7050823760032654,0.7050012540817261,7,False
48,gated_alive,full,cuda,diagonal_prototype_soft_top_fraction_v2_geometry_regularization,2,4,2042501886,0.5,0.5,0.7051272296905517,0.7050665521621704,7,False
48,gated_alive,full,cuda,diagonal_prototype_soft_top_fraction_v2_geometry_regularization,2,5,2042501986,0.5,0.5,0.6955875372886657,0.6955477809906006,6,True
49,gated_alive,full,cuda,diagonal_prototype_soft_top_fraction_v2_geometry_regularization,0,3,1144269902,0.4,0.16666666666666666,0.7181938309669494,0.7181515116691589,6,False
49,gated_alive,full,cuda,diagonal_prototype_soft_top_fraction_v2_geometry_regularization,0,4,1144270002,0.4,0.0,0.7757847213745117,0.7756982946395874,7,False
49,gated_alive,full,cuda,diagonal_prototype_soft_top_fraction_v2_geometry_regularization,0,5,1144270102,0.6,1.0,0.6675056066513062,0.6674581017494202,6,False
49,gated_alive,full,cuda,diagonal_prototype_soft_top_fraction_v2_geometry_regularization,1,3,1144279902,0.4,0.33333333333333337,0.726435522556305,0.7263774676322937,6,False
49,gated_alive,full,cuda,diagonal_prototype_soft_top_fraction_v2_geometry_regularization,1,4,1144280002,0.4,0.6666666666666667,0.7125524048805236,0.7125062708854675,8,False
49,gated_alive,full,cuda,diagonal_prototype_soft_top_fraction_v2_geometry_regularization,1,5,1144280102,1.0,1.0,0.0031707553090527655,0.001597555527012446,100,True
49,gated_alive,full,cuda,diagonal_prototype_soft_top_fraction_v2_geometry_regularization,2,3,1144289902,0.5,0.0,0.7081293821334839,0.708054518699646,6,False
49,gated_alive,full,cuda,diagonal_prototype_soft_top_fraction_v2_geometry_regularization,2,4,1144290002,0.25,0.0,0.7615550208091736,0.7614660310745239,6,False
49,gated_alive,full,cuda,diagonal_prototype_soft_top_fraction_v2_geometry_regularization,2,5,1144290102,0.75,0.5,0.7020974564552307,0.7020456600189209,7,False
