method,gate,run_mode,device,implementation_version,split_id,split_seed,donor_id,y_true,score,decision_threshold,y_pred,filter_count,selected_inner_fold,training_cells_per_input,training_inputs_per_donor,prediction_cells_per_input,prediction_inputs_per_donor,pooling,initial_alpha,pooling_temperature
cellcnn_quadratic_learnable,gated_alive,full,cuda,quadratic_relu_soft_top_fraction_v1,0,3003105692,a_002,1,0.6618403792381287,0.5,1,5,2,3000,200,20000,5,soft_top_fraction_mean_relu_responses,0.01,0.002
cellcnn_quadratic_learnable,gated_alive,full,cuda,quadratic_relu_soft_top_fraction_v1,0,3003105692,a_004,0,0.020684789679944516,0.5,0,5,2,3000,200,20000,5,soft_top_fraction_mean_relu_responses,0.01,0.002
cellcnn_quadratic_learnable,gated_alive,full,cuda,quadratic_relu_soft_top_fraction_v1,0,3003105692,a_006,0,0.00018819829274434595,0.5,0,5,2,3000,200,20000,5,soft_top_fraction_mean_relu_responses,0.01,0.002
cellcnn_quadratic_learnable,gated_alive,full,cuda,quadratic_relu_soft_top_fraction_v1,0,3003105692,a_1a,0,0.07430777251720429,0.5,0,5,2,3000,200,20000,5,soft_top_fraction_mean_relu_responses,0.01,0.002
cellcnn_quadratic_learnable,gated_alive,full,cuda,quadratic_relu_soft_top_fraction_v1,0,3003105692,a_2a,0,0.10800847858190536,0.5,0,5,2,3000,200,20000,5,soft_top_fraction_mean_relu_responses,0.01,0.002
cellcnn_quadratic_learnable,gated_alive,full,cuda,quadratic_relu_soft_top_fraction_v1,0,3003105692,a_4a,1,0.9785726308822632,0.5,1,5,2,3000,200,20000,5,soft_top_fraction_mean_relu_responses,0.01,0.002
cellcnn_quadratic_learnable,gated_alive,full,cuda,quadratic_relu_soft_top_fraction_v1,1,976400780,a_002,1,0.9999987363815308,0.5,1,4,2,3000,200,20000,5,soft_top_fraction_mean_relu_responses,0.01,0.002
cellcnn_quadratic_learnable,gated_alive,full,cuda,quadratic_relu_soft_top_fraction_v1,1,976400780,a_003,0,0.12015392631292343,0.5,0,4,2,3000,200,20000,5,soft_top_fraction_mean_relu_responses,0.01,0.002
cellcnn_quadratic_learnable,gated_alive,full,cuda,quadratic_relu_soft_top_fraction_v1,1,976400780,a_004,0,0.3407696008682251,0.5,0,4,2,3000,200,20000,5,soft_top_fraction_mean_relu_responses,0.01,0.002
cellcnn_quadratic_learnable,gated_alive,full,cuda,quadratic_relu_soft_top_fraction_v1,1,976400780,a_006,0,8.762956554164702e-07,0.5,0,4,2,3000,200,20000,5,soft_top_fraction_mean_relu_responses,0.01,0.002
cellcnn_quadratic_learnable,gated_alive,full,cuda,quadratic_relu_soft_top_fraction_v1,1,976400780,a_3b,0,8.1003907325794e-06,0.5,0,4,2,3000,200,20000,5,soft_top_fraction_mean_relu_responses,0.01,0.002
cellcnn_quadratic_learnable,gated_alive,full,cuda,quadratic_relu_soft_top_fraction_v1,1,976400780,a_5a,1,1.0,0.5,1,4,2,3000,200,20000,5,soft_top_fraction_mean_relu_responses,0.01,0.002
cellcnn_quadratic_learnable,gated_alive,full,cuda,quadratic_relu_soft_top_fraction_v1,2,3387213021,a_002,1,0.9999780654907227,0.5,1,5,2,3000,200,20000,5,soft_top_fraction_mean_relu_responses,0.01,0.002
cellcnn_quadratic_learnable,gated_alive,full,cuda,quadratic_relu_soft_top_fraction_v1,2,3387213021,a_004,0,0.05371232330799103,0.5,0,5,2,3000,200,20000,5,soft_top_fraction_mean_relu_responses,0.01,0.002
cellcnn_quadratic_learnable,gated_alive,full,cuda,quadratic_relu_soft_top_fraction_v1,2,3387213021,a_007,1,0.11685566455125809,0.5,0,5,2,3000,200,20000,5,soft_top_fraction_mean_relu_responses,0.01,0.002
cellcnn_quadratic_learnable,gated_alive,full,cuda,quadratic_relu_soft_top_fraction_v1,2,3387213021,a_010,0,0.03934250734746456,0.5,0,5,2,3000,200,20000,5,soft_top_fraction_mean_relu_responses,0.01,0.002
cellcnn_quadratic_learnable,gated_alive,full,cuda,quadratic_relu_soft_top_fraction_v1,2,3387213021,a_1a,0,0.006357067311182618,0.5,0,5,2,3000,200,20000,5,soft_top_fraction_mean_relu_responses,0.01,0.002
cellcnn_quadratic_learnable,gated_alive,full,cuda,quadratic_relu_soft_top_fraction_v1,2,3387213021,a_3b,0,0.0005686337011866271,0.5,0,5,2,3000,200,20000,5,soft_top_fraction_mean_relu_responses,0.01,0.002
cellcnn_quadratic_learnable,gated_alive,full,cuda,quadratic_relu_soft_top_fraction_v1,3,1360466708,a_006,0,0.01700385585427284,0.5,0,4,1,3000,200,20000,5,soft_top_fraction_mean_relu_responses,0.01,0.002
cellcnn_quadratic_learnable,gated_alive,full,cuda,quadratic_relu_soft_top_fraction_v1,3,1360466708,a_009,0,0.27903045117855074,0.5,0,4,1,3000,200,20000,5,soft_top_fraction_mean_relu_responses,0.01,0.002
cellcnn_quadratic_learnable,gated_alive,full,cuda,quadratic_relu_soft_top_fraction_v1,3,1360466708,a_011,0,0.0025910523952916266,0.5,0,4,1,3000,200,20000,5,soft_top_fraction_mean_relu_responses,0.01,0.002
cellcnn_quadratic_learnable,gated_alive,full,cuda,quadratic_relu_soft_top_fraction_v1,3,1360466708,a_2a,0,0.12444196939468384,0.5,0,4,1,3000,200,20000,5,soft_top_fraction_mean_relu_responses,0.01,0.002
cellcnn_quadratic_learnable,gated_alive,full,cuda,quadratic_relu_soft_top_fraction_v1,3,1360466708,a_5a,1,0.9999663352966308,0.5,1,4,1,3000,200,20000,5,soft_top_fraction_mean_relu_responses,0.01,0.002
cellcnn_quadratic_learnable,gated_alive,full,cuda,quadratic_relu_soft_top_fraction_v1,3,1360466708,a_5b,1,0.9999966621398926,0.5,1,4,1,3000,200,20000,5,soft_top_fraction_mean_relu_responses,0.01,0.002
cellcnn_quadratic_learnable,gated_alive,full,cuda,quadratic_relu_soft_top_fraction_v1,4,876933080,a_001,1,0.5822858512401581,0.5,1,5,0,3000,200,20000,5,soft_top_fraction_mean_relu_responses,0.01,0.002
cellcnn_quadratic_learnable,gated_alive,full,cuda,quadratic_relu_soft_top_fraction_v1,4,876933080,a_003,0,0.09566256254911423,0.5,0,5,0,3000,200,20000,5,soft_top_fraction_mean_relu_responses,0.01,0.002
cellcnn_quadratic_learnable,gated_alive,full,cuda,quadratic_relu_soft_top_fraction_v1,4,876933080,a_010,0,0.00044945814879611136,0.5,0,5,0,3000,200,20000,5,soft_top_fraction_mean_relu_responses,0.01,0.002
cellcnn_quadratic_learnable,gated_alive,full,cuda,quadratic_relu_soft_top_fraction_v1,4,876933080,a_011,0,0.0010111690033227205,0.5,0,5,0,3000,200,20000,5,soft_top_fraction_mean_relu_responses,0.01,0.002
cellcnn_quadratic_learnable,gated_alive,full,cuda,quadratic_relu_soft_top_fraction_v1,4,876933080,a_2a,0,2.4113322797347792e-05,0.5,0,5,0,3000,200,20000,5,soft_top_fraction_mean_relu_responses,0.01,0.002
cellcnn_quadratic_learnable,gated_alive,full,cuda,quadratic_relu_soft_top_fraction_v1,4,876933080,a_4b,1,0.546866649389267,0.5,1,5,0,3000,200,20000,5,soft_top_fraction_mean_relu_responses,0.01,0.002
cellcnn_quadratic_learnable,gated_alive,full,cuda,quadratic_relu_soft_top_fraction_v1,5,3424658561,a_003,0,0.12384317815303802,0.5,0,4,0,3000,200,20000,5,soft_top_fraction_mean_relu_responses,0.01,0.002
cellcnn_quadratic_learnable,gated_alive,full,cuda,quadratic_relu_soft_top_fraction_v1,5,3424658561,a_011,0,0.0012703818967565895,0.5,0,4,0,3000,200,20000,5,soft_top_fraction_mean_relu_responses,0.01,0.002
cellcnn_quadratic_learnable,gated_alive,full,cuda,quadratic_relu_soft_top_fraction_v1,5,3424658561,a_2b,0,0.03260445147752762,0.5,0,4,0,3000,200,20000,5,soft_top_fraction_mean_relu_responses,0.01,0.002
cellcnn_quadratic_learnable,gated_alive,full,cuda,quadratic_relu_soft_top_fraction_v1,5,3424658561,a_3b,0,0.000386611235444434,0.5,0,4,0,3000,200,20000,5,soft_top_fraction_mean_relu_responses,0.01,0.002
cellcnn_quadratic_learnable,gated_alive,full,cuda,quadratic_relu_soft_top_fraction_v1,5,3424658561,a_5a,1,0.9999972581863403,0.5,1,4,0,3000,200,20000,5,soft_top_fraction_mean_relu_responses,0.01,0.002
cellcnn_quadratic_learnable,gated_alive,full,cuda,quadratic_relu_soft_top_fraction_v1,5,3424658561,a_5b,1,0.9999988794326782,0.5,1,4,0,3000,200,20000,5,soft_top_fraction_mean_relu_responses,0.01,0.002
cellcnn_quadratic_learnable,gated_alive,full,cuda,quadratic_relu_soft_top_fraction_v1,6,2760304911,a_001,1,0.36959862112998965,0.5,0,5,2,3000,200,20000,5,soft_top_fraction_mean_relu_responses,0.01,0.002
cellcnn_quadratic_learnable,gated_alive,full,cuda,quadratic_relu_soft_top_fraction_v1,6,2760304911,a_003,0,0.04065175540745258,0.5,0,5,2,3000,200,20000,5,soft_top_fraction_mean_relu_responses,0.01,0.002
cellcnn_quadratic_learnable,gated_alive,full,cuda,quadratic_relu_soft_top_fraction_v1,6,2760304911,a_1a,0,0.07933749258518219,0.5,0,5,2,3000,200,20000,5,soft_top_fraction_mean_relu_responses,0.01,0.002
cellcnn_quadratic_learnable,gated_alive,full,cuda,quadratic_relu_soft_top_fraction_v1,6,2760304911,a_2a,0,0.011034150759223848,0.5,0,5,2,3000,200,20000,5,soft_top_fraction_mean_relu_responses,0.01,0.002
cellcnn_quadratic_learnable,gated_alive,full,cuda,quadratic_relu_soft_top_fraction_v1,6,2760304911,a_2b,0,0.5321391642093658,0.5,1,5,2,3000,200,20000,5,soft_top_fraction_mean_relu_responses,0.01,0.002
cellcnn_quadratic_learnable,gated_alive,full,cuda,quadratic_relu_soft_top_fraction_v1,6,2760304911,a_5a,1,1.0,0.5,1,5,2,3000,200,20000,5,soft_top_fraction_mean_relu_responses,0.01,0.002
cellcnn_quadratic_learnable,gated_alive,full,cuda,quadratic_relu_soft_top_fraction_v1,7,2904491693,a_002,1,0.5664924025535584,0.5,1,4,1,3000,200,20000,5,soft_top_fraction_mean_relu_responses,0.01,0.002
cellcnn_quadratic_learnable,gated_alive,full,cuda,quadratic_relu_soft_top_fraction_v1,7,2904491693,a_004,0,0.06903590038418769,0.5,0,4,1,3000,200,20000,5,soft_top_fraction_mean_relu_responses,0.01,0.002
cellcnn_quadratic_learnable,gated_alive,full,cuda,quadratic_relu_soft_top_fraction_v1,7,2904491693,a_010,0,0.0970897763967514,0.5,0,4,1,3000,200,20000,5,soft_top_fraction_mean_relu_responses,0.01,0.002
cellcnn_quadratic_learnable,gated_alive,full,cuda,quadratic_relu_soft_top_fraction_v1,7,2904491693,a_012,1,0.644777262210846,0.5,1,4,1,3000,200,20000,5,soft_top_fraction_mean_relu_responses,0.01,0.002
cellcnn_quadratic_learnable,gated_alive,full,cuda,quadratic_relu_soft_top_fraction_v1,7,2904491693,a_1a,0,0.7047438979148865,0.5,1,4,1,3000,200,20000,5,soft_top_fraction_mean_relu_responses,0.01,0.002
cellcnn_quadratic_learnable,gated_alive,full,cuda,quadratic_relu_soft_top_fraction_v1,7,2904491693,a_2a,0,0.5292144298553467,0.5,1,4,1,3000,200,20000,5,soft_top_fraction_mean_relu_responses,0.01,0.002
cellcnn_quadratic_learnable,gated_alive,full,cuda,quadratic_relu_soft_top_fraction_v1,8,4245388044,a_001,1,0.2755313217639923,0.5,0,5,2,3000,200,20000,5,soft_top_fraction_mean_relu_responses,0.01,0.002
cellcnn_quadratic_learnable,gated_alive,full,cuda,quadratic_relu_soft_top_fraction_v1,8,4245388044,a_006,0,0.34847251176834104,0.5,0,5,2,3000,200,20000,5,soft_top_fraction_mean_relu_responses,0.01,0.002
cellcnn_quadratic_learnable,gated_alive,full,cuda,quadratic_relu_soft_top_fraction_v1,8,4245388044,a_010,0,0.037315912917256354,0.5,0,5,2,3000,200,20000,5,soft_top_fraction_mean_relu_responses,0.01,0.002
cellcnn_quadratic_learnable,gated_alive,full,cuda,quadratic_relu_soft_top_fraction_v1,8,4245388044,a_2a,0,0.04786190390586853,0.5,0,5,2,3000,200,20000,5,soft_top_fraction_mean_relu_responses,0.01,0.002
cellcnn_quadratic_learnable,gated_alive,full,cuda,quadratic_relu_soft_top_fraction_v1,8,4245388044,a_2b,0,0.25837365686893465,0.5,0,5,2,3000,200,20000,5,soft_top_fraction_mean_relu_responses,0.01,0.002
cellcnn_quadratic_learnable,gated_alive,full,cuda,quadratic_relu_soft_top_fraction_v1,8,4245388044,a_5a,1,0.9993085145950318,0.5,1,5,2,3000,200,20000,5,soft_top_fraction_mean_relu_responses,0.01,0.002
cellcnn_quadratic_learnable,gated_alive,full,cuda,quadratic_relu_soft_top_fraction_v1,9,1679802727,a_003,0,2.5383564570802263e-05,0.5,0,3,1,3000,200,20000,5,soft_top_fraction_mean_relu_responses,0.01,0.002
cellcnn_quadratic_learnable,gated_alive,full,cuda,quadratic_relu_soft_top_fraction_v1,9,1679802727,a_007,1,0.7929898500442505,0.5,1,3,1,3000,200,20000,5,soft_top_fraction_mean_relu_responses,0.01,0.002
cellcnn_quadratic_learnable,gated_alive,full,cuda,quadratic_relu_soft_top_fraction_v1,9,1679802727,a_011,0,3.872312822750245e-06,0.5,0,3,1,3000,200,20000,5,soft_top_fraction_mean_relu_responses,0.01,0.002
cellcnn_quadratic_learnable,gated_alive,full,cuda,quadratic_relu_soft_top_fraction_v1,9,1679802727,a_2b,0,0.0016901172464713454,0.5,0,3,1,3000,200,20000,5,soft_top_fraction_mean_relu_responses,0.01,0.002
cellcnn_quadratic_learnable,gated_alive,full,cuda,quadratic_relu_soft_top_fraction_v1,9,1679802727,a_3a,0,1.1730281158861545e-06,0.5,0,3,1,3000,200,20000,5,soft_top_fraction_mean_relu_responses,0.01,0.002
cellcnn_quadratic_learnable,gated_alive,full,cuda,quadratic_relu_soft_top_fraction_v1,9,1679802727,a_4b,1,0.8053609132766724,0.5,1,3,1,3000,200,20000,5,soft_top_fraction_mean_relu_responses,0.01,0.002
cellcnn_quadratic_learnable,gated_alive,full,cuda,quadratic_relu_soft_top_fraction_v1,10,3605303106,a_002,1,0.9120695471763611,0.5,1,4,2,3000,200,20000,5,soft_top_fraction_mean_relu_responses,0.01,0.002
cellcnn_quadratic_learnable,gated_alive,full,cuda,quadratic_relu_soft_top_fraction_v1,10,3605303106,a_003,0,0.6110706925392151,0.5,1,4,2,3000,200,20000,5,soft_top_fraction_mean_relu_responses,0.01,0.002
cellcnn_quadratic_learnable,gated_alive,full,cuda,quadratic_relu_soft_top_fraction_v1,10,3605303106,a_007,1,0.9175747394561767,0.5,1,4,2,3000,200,20000,5,soft_top_fraction_mean_relu_responses,0.01,0.002
cellcnn_quadratic_learnable,gated_alive,full,cuda,quadratic_relu_soft_top_fraction_v1,10,3605303106,a_009,0,0.690841555595398,0.5,1,4,2,3000,200,20000,5,soft_top_fraction_mean_relu_responses,0.01,0.002
cellcnn_quadratic_learnable,gated_alive,full,cuda,quadratic_relu_soft_top_fraction_v1,10,3605303106,a_010,0,0.30534420609474183,0.5,0,4,2,3000,200,20000,5,soft_top_fraction_mean_relu_responses,0.01,0.002
cellcnn_quadratic_learnable,gated_alive,full,cuda,quadratic_relu_soft_top_fraction_v1,10,3605303106,a_2a,0,0.2023996502161026,0.5,0,4,2,3000,200,20000,5,soft_top_fraction_mean_relu_responses,0.01,0.002
cellcnn_quadratic_learnable,gated_alive,full,cuda,quadratic_relu_soft_top_fraction_v1,11,1429424934,a_002,1,0.9999078989028931,0.5,1,4,2,3000,200,20000,5,soft_top_fraction_mean_relu_responses,0.01,0.002
cellcnn_quadratic_learnable,gated_alive,full,cuda,quadratic_relu_soft_top_fraction_v1,11,1429424934,a_003,0,0.6589150786399841,0.5,1,4,2,3000,200,20000,5,soft_top_fraction_mean_relu_responses,0.01,0.002
cellcnn_quadratic_learnable,gated_alive,full,cuda,quadratic_relu_soft_top_fraction_v1,11,1429424934,a_006,0,0.8017282128334046,0.5,1,4,2,3000,200,20000,5,soft_top_fraction_mean_relu_responses,0.01,0.002
cellcnn_quadratic_learnable,gated_alive,full,cuda,quadratic_relu_soft_top_fraction_v1,11,1429424934,a_010,0,0.7201263189315796,0.5,1,4,2,3000,200,20000,5,soft_top_fraction_mean_relu_responses,0.01,0.002
cellcnn_quadratic_learnable,gated_alive,full,cuda,quadratic_relu_soft_top_fraction_v1,11,1429424934,a_011,0,0.6425883412361145,0.5,1,4,2,3000,200,20000,5,soft_top_fraction_mean_relu_responses,0.01,0.002
cellcnn_quadratic_learnable,gated_alive,full,cuda,quadratic_relu_soft_top_fraction_v1,11,1429424934,a_012,1,0.8595971465110779,0.5,1,4,2,3000,200,20000,5,soft_top_fraction_mean_relu_responses,0.01,0.002
cellcnn_quadratic_learnable,gated_alive,full,cuda,quadratic_relu_soft_top_fraction_v1,12,2437408156,a_001,1,0.019983730651438235,0.5,0,5,2,3000,200,20000,5,soft_top_fraction_mean_relu_responses,0.01,0.002
cellcnn_quadratic_learnable,gated_alive,full,cuda,quadratic_relu_soft_top_fraction_v1,12,2437408156,a_003,0,0.9903299331665039,0.5,1,5,2,3000,200,20000,5,soft_top_fraction_mean_relu_responses,0.01,0.002
cellcnn_quadratic_learnable,gated_alive,full,cuda,quadratic_relu_soft_top_fraction_v1,12,2437408156,a_004,0,0.0022830000147223473,0.5,0,5,2,3000,200,20000,5,soft_top_fraction_mean_relu_responses,0.01,0.002
cellcnn_quadratic_learnable,gated_alive,full,cuda,quadratic_relu_soft_top_fraction_v1,12,2437408156,a_006,0,0.5971837639808655,0.5,1,5,2,3000,200,20000,5,soft_top_fraction_mean_relu_responses,0.01,0.002
cellcnn_quadratic_learnable,gated_alive,full,cuda,quadratic_relu_soft_top_fraction_v1,12,2437408156,a_3a,0,0.0009242776781320572,0.5,0,5,2,3000,200,20000,5,soft_top_fraction_mean_relu_responses,0.01,0.002
cellcnn_quadratic_learnable,gated_alive,full,cuda,quadratic_relu_soft_top_fraction_v1,12,2437408156,a_4a,1,0.999999737739563,0.5,1,5,2,3000,200,20000,5,soft_top_fraction_mean_relu_responses,0.01,0.002
cellcnn_quadratic_learnable,gated_alive,full,cuda,quadratic_relu_soft_top_fraction_v1,13,2569716528,a_004,0,0.002992336661554873,0.5,0,3,2,3000,200,20000,5,soft_top_fraction_mean_relu_responses,0.01,0.002
cellcnn_quadratic_learnable,gated_alive,full,cuda,quadratic_relu_soft_top_fraction_v1,13,2569716528,a_009,0,0.7359501361846924,0.5,1,3,2,3000,200,20000,5,soft_top_fraction_mean_relu_responses,0.01,0.002
cellcnn_quadratic_learnable,gated_alive,full,cuda,quadratic_relu_soft_top_fraction_v1,13,2569716528,a_1a,0,0.030228570476174353,0.5,0,3,2,3000,200,20000,5,soft_top_fraction_mean_relu_responses,0.01,0.002
cellcnn_quadratic_learnable,gated_alive,full,cuda,quadratic_relu_soft_top_fraction_v1,13,2569716528,a_3b,0,0.00013608400840894319,0.5,0,3,2,3000,200,20000,5,soft_top_fraction_mean_relu_responses,0.01,0.002
cellcnn_quadratic_learnable,gated_alive,full,cuda,quadratic_relu_soft_top_fraction_v1,13,2569716528,a_4b,1,0.16487891227006912,0.5,0,3,2,3000,200,20000,5,soft_top_fraction_mean_relu_responses,0.01,0.002
cellcnn_quadratic_learnable,gated_alive,full,cuda,quadratic_relu_soft_top_fraction_v1,13,2569716528,a_5a,1,1.0,0.5,1,3,2,3000,200,20000,5,soft_top_fraction_mean_relu_responses,0.01,0.002
cellcnn_quadratic_learnable,gated_alive,full,cuda,quadratic_relu_soft_top_fraction_v1,14,915442270,a_005,1,0.9999988079071045,0.5,1,4,1,3000,200,20000,5,soft_top_fraction_mean_relu_responses,0.01,0.002
cellcnn_quadratic_learnable,gated_alive,full,cuda,quadratic_relu_soft_top_fraction_v1,14,915442270,a_010,0,0.005768694169819355,0.5,0,4,1,3000,200,20000,5,soft_top_fraction_mean_relu_responses,0.01,0.002
cellcnn_quadratic_learnable,gated_alive,full,cuda,quadratic_relu_soft_top_fraction_v1,14,915442270,a_2a,0,0.0013831157353706657,0.5,0,4,1,3000,200,20000,5,soft_top_fraction_mean_relu_responses,0.01,0.002
cellcnn_quadratic_learnable,gated_alive,full,cuda,quadratic_relu_soft_top_fraction_v1,14,915442270,a_3a,0,7.063594239298254e-05,0.5,0,4,1,3000,200,20000,5,soft_top_fraction_mean_relu_responses,0.01,0.002
cellcnn_quadratic_learnable,gated_alive,full,cuda,quadratic_relu_soft_top_fraction_v1,14,915442270,a_3b,0,8.3399165305309e-05,0.5,0,4,1,3000,200,20000,5,soft_top_fraction_mean_relu_responses,0.01,0.002
cellcnn_quadratic_learnable,gated_alive,full,cuda,quadratic_relu_soft_top_fraction_v1,14,915442270,a_5a,1,0.9999964952468872,0.5,1,4,1,3000,200,20000,5,soft_top_fraction_mean_relu_responses,0.01,0.002
cellcnn_quadratic_learnable,gated_alive,full,cuda,quadratic_relu_soft_top_fraction_v1,15,802017219,a_002,1,0.21523942351341246,0.5,0,4,1,3000,200,20000,5,soft_top_fraction_mean_relu_responses,0.01,0.002
cellcnn_quadratic_learnable,gated_alive,full,cuda,quadratic_relu_soft_top_fraction_v1,15,802017219,a_003,0,0.21209988594055176,0.5,0,4,1,3000,200,20000,5,soft_top_fraction_mean_relu_responses,0.01,0.002
cellcnn_quadratic_learnable,gated_alive,full,cuda,quadratic_relu_soft_top_fraction_v1,15,802017219,a_011,0,0.0036451151128858326,0.5,0,4,1,3000,200,20000,5,soft_top_fraction_mean_relu_responses,0.01,0.002
cellcnn_quadratic_learnable,gated_alive,full,cuda,quadratic_relu_soft_top_fraction_v1,15,802017219,a_1a,0,0.005867162579670548,0.5,0,4,1,3000,200,20000,5,soft_top_fraction_mean_relu_responses,0.01,0.002
cellcnn_quadratic_learnable,gated_alive,full,cuda,quadratic_relu_soft_top_fraction_v1,15,802017219,a_3a,0,0.00013641179684782402,0.5,0,4,1,3000,200,20000,5,soft_top_fraction_mean_relu_responses,0.01,0.002
cellcnn_quadratic_learnable,gated_alive,full,cuda,quadratic_relu_soft_top_fraction_v1,15,802017219,a_4b,1,0.8597553968429565,0.5,1,4,1,3000,200,20000,5,soft_top_fraction_mean_relu_responses,0.01,0.002
cellcnn_quadratic_learnable,gated_alive,full,cuda,quadratic_relu_soft_top_fraction_v1,16,984129068,a_003,0,0.7689884543418884,0.5,1,4,0,3000,200,20000,5,soft_top_fraction_mean_relu_responses,0.01,0.002
cellcnn_quadratic_learnable,gated_alive,full,cuda,quadratic_relu_soft_top_fraction_v1,16,984129068,a_006,0,0.5207605719566345,0.5,1,4,0,3000,200,20000,5,soft_top_fraction_mean_relu_responses,0.01,0.002
cellcnn_quadratic_learnable,gated_alive,full,cuda,quadratic_relu_soft_top_fraction_v1,16,984129068,a_012,1,0.9056647300720215,0.5,1,4,0,3000,200,20000,5,soft_top_fraction_mean_relu_responses,0.01,0.002
cellcnn_quadratic_learnable,gated_alive,full,cuda,quadratic_relu_soft_top_fraction_v1,16,984129068,a_2a,0,0.20112236440181733,0.5,0,4,0,3000,200,20000,5,soft_top_fraction_mean_relu_responses,0.01,0.002
cellcnn_quadratic_learnable,gated_alive,full,cuda,quadratic_relu_soft_top_fraction_v1,16,984129068,a_2b,0,0.15849060267210008,0.5,0,4,0,3000,200,20000,5,soft_top_fraction_mean_relu_responses,0.01,0.002
cellcnn_quadratic_learnable,gated_alive,full,cuda,quadratic_relu_soft_top_fraction_v1,16,984129068,a_5a,1,0.9999840736389161,0.5,1,4,0,3000,200,20000,5,soft_top_fraction_mean_relu_responses,0.01,0.002
cellcnn_quadratic_learnable,gated_alive,full,cuda,quadratic_relu_soft_top_fraction_v1,17,2889465206,a_004,0,0.7385879039764405,0.5,1,5,0,3000,200,20000,5,soft_top_fraction_mean_relu_responses,0.01,0.002
cellcnn_quadratic_learnable,gated_alive,full,cuda,quadratic_relu_soft_top_fraction_v1,17,2889465206,a_007,1,0.01758675407618284,0.5,0,5,0,3000,200,20000,5,soft_top_fraction_mean_relu_responses,0.01,0.002
cellcnn_quadratic_learnable,gated_alive,full,cuda,quadratic_relu_soft_top_fraction_v1,17,2889465206,a_009,0,0.011014983616769313,0.5,0,5,0,3000,200,20000,5,soft_top_fraction_mean_relu_responses,0.01,0.002
cellcnn_quadratic_learnable,gated_alive,full,cuda,quadratic_relu_soft_top_fraction_v1,17,2889465206,a_011,0,0.009235701244324445,0.5,0,5,0,3000,200,20000,5,soft_top_fraction_mean_relu_responses,0.01,0.002
cellcnn_quadratic_learnable,gated_alive,full,cuda,quadratic_relu_soft_top_fraction_v1,17,2889465206,a_2a,0,0.21472267359495162,0.5,0,5,0,3000,200,20000,5,soft_top_fraction_mean_relu_responses,0.01,0.002
cellcnn_quadratic_learnable,gated_alive,full,cuda,quadratic_relu_soft_top_fraction_v1,17,2889465206,a_4a,1,0.9501190304756164,0.5,1,5,0,3000,200,20000,5,soft_top_fraction_mean_relu_responses,0.01,0.002
cellcnn_quadratic_learnable,gated_alive,full,cuda,quadratic_relu_soft_top_fraction_v1,18,2634853374,a_003,0,0.3982917606830597,0.5,0,4,1,3000,200,20000,5,soft_top_fraction_mean_relu_responses,0.01,0.002
cellcnn_quadratic_learnable,gated_alive,full,cuda,quadratic_relu_soft_top_fraction_v1,18,2634853374,a_004,0,0.20215047001838685,0.5,0,4,1,3000,200,20000,5,soft_top_fraction_mean_relu_responses,0.01,0.002
cellcnn_quadratic_learnable,gated_alive,full,cuda,quadratic_relu_soft_top_fraction_v1,18,2634853374,a_005,1,0.9999976873397827,0.5,1,4,1,3000,200,20000,5,soft_top_fraction_mean_relu_responses,0.01,0.002
cellcnn_quadratic_learnable,gated_alive,full,cuda,quadratic_relu_soft_top_fraction_v1,18,2634853374,a_1a,0,0.37422100603580477,0.5,0,4,1,3000,200,20000,5,soft_top_fraction_mean_relu_responses,0.01,0.002
cellcnn_quadratic_learnable,gated_alive,full,cuda,quadratic_relu_soft_top_fraction_v1,18,2634853374,a_3a,0,0.016451672837138175,0.5,0,4,1,3000,200,20000,5,soft_top_fraction_mean_relu_responses,0.01,0.002
cellcnn_quadratic_learnable,gated_alive,full,cuda,quadratic_relu_soft_top_fraction_v1,18,2634853374,a_4a,1,0.9999656200408935,0.5,1,4,1,3000,200,20000,5,soft_top_fraction_mean_relu_responses,0.01,0.002
cellcnn_quadratic_learnable,gated_alive,full,cuda,quadratic_relu_soft_top_fraction_v1,19,4045012504,a_003,0,0.7717917561531067,0.5,1,4,1,3000,200,20000,5,soft_top_fraction_mean_relu_responses,0.01,0.002
cellcnn_quadratic_learnable,gated_alive,full,cuda,quadratic_relu_soft_top_fraction_v1,19,4045012504,a_005,1,0.9999811172485351,0.5,1,4,1,3000,200,20000,5,soft_top_fraction_mean_relu_responses,0.01,0.002
cellcnn_quadratic_learnable,gated_alive,full,cuda,quadratic_relu_soft_top_fraction_v1,19,4045012504,a_006,0,0.6237983465194702,0.5,1,4,1,3000,200,20000,5,soft_top_fraction_mean_relu_responses,0.01,0.002
cellcnn_quadratic_learnable,gated_alive,full,cuda,quadratic_relu_soft_top_fraction_v1,19,4045012504,a_2a,0,0.06197802945971489,0.5,0,4,1,3000,200,20000,5,soft_top_fraction_mean_relu_responses,0.01,0.002
cellcnn_quadratic_learnable,gated_alive,full,cuda,quadratic_relu_soft_top_fraction_v1,19,4045012504,a_2b,0,0.03556673415005207,0.5,0,4,1,3000,200,20000,5,soft_top_fraction_mean_relu_responses,0.01,0.002
cellcnn_quadratic_learnable,gated_alive,full,cuda,quadratic_relu_soft_top_fraction_v1,19,4045012504,a_4b,1,0.601949828863144,0.5,1,4,1,3000,200,20000,5,soft_top_fraction_mean_relu_responses,0.01,0.002
cellcnn_quadratic_learnable,gated_alive,full,cuda,quadratic_relu_soft_top_fraction_v1,20,3032918238,a_002,1,0.0814762644469738,0.5,0,3,2,3000,200,20000,5,soft_top_fraction_mean_relu_responses,0.01,0.002
cellcnn_quadratic_learnable,gated_alive,full,cuda,quadratic_relu_soft_top_fraction_v1,20,3032918238,a_003,0,0.08697570636868476,0.5,0,3,2,3000,200,20000,5,soft_top_fraction_mean_relu_responses,0.01,0.002
cellcnn_quadratic_learnable,gated_alive,full,cuda,quadratic_relu_soft_top_fraction_v1,20,3032918238,a_009,0,0.2881378948688507,0.5,0,3,2,3000,200,20000,5,soft_top_fraction_mean_relu_responses,0.01,0.002
cellcnn_quadratic_learnable,gated_alive,full,cuda,quadratic_relu_soft_top_fraction_v1,20,3032918238,a_011,0,0.00100655525457114,0.5,0,3,2,3000,200,20000,5,soft_top_fraction_mean_relu_responses,0.01,0.002
cellcnn_quadratic_learnable,gated_alive,full,cuda,quadratic_relu_soft_top_fraction_v1,20,3032918238,a_012,1,0.9989826917648316,0.5,1,3,2,3000,200,20000,5,soft_top_fraction_mean_relu_responses,0.01,0.002
cellcnn_quadratic_learnable,gated_alive,full,cuda,quadratic_relu_soft_top_fraction_v1,20,3032918238,a_2b,0,0.03548967130482197,0.5,0,3,2,3000,200,20000,5,soft_top_fraction_mean_relu_responses,0.01,0.002
cellcnn_quadratic_learnable,gated_alive,full,cuda,quadratic_relu_soft_top_fraction_v1,21,1066207224,a_006,0,0.4648976981639862,0.5,0,3,0,3000,200,20000,5,soft_top_fraction_mean_relu_responses,0.01,0.002
cellcnn_quadratic_learnable,gated_alive,full,cuda,quadratic_relu_soft_top_fraction_v1,21,1066207224,a_009,0,0.3149044752120972,0.5,0,3,0,3000,200,20000,5,soft_top_fraction_mean_relu_responses,0.01,0.002
cellcnn_quadratic_learnable,gated_alive,full,cuda,quadratic_relu_soft_top_fraction_v1,21,1066207224,a_010,0,0.20975230634212494,0.5,0,3,0,3000,200,20000,5,soft_top_fraction_mean_relu_responses,0.01,0.002
cellcnn_quadratic_learnable,gated_alive,full,cuda,quadratic_relu_soft_top_fraction_v1,21,1066207224,a_012,1,0.6670404672622681,0.5,1,3,0,3000,200,20000,5,soft_top_fraction_mean_relu_responses,0.01,0.002
cellcnn_quadratic_learnable,gated_alive,full,cuda,quadratic_relu_soft_top_fraction_v1,21,1066207224,a_3a,0,0.006920280121266842,0.5,0,3,0,3000,200,20000,5,soft_top_fraction_mean_relu_responses,0.01,0.002
cellcnn_quadratic_learnable,gated_alive,full,cuda,quadratic_relu_soft_top_fraction_v1,21,1066207224,a_5a,1,0.9973215460777283,0.5,1,3,0,3000,200,20000,5,soft_top_fraction_mean_relu_responses,0.01,0.002
cellcnn_quadratic_learnable,gated_alive,full,cuda,quadratic_relu_soft_top_fraction_v1,22,3929519758,a_004,0,0.8132218480110168,0.5,1,3,2,3000,200,20000,5,soft_top_fraction_mean_relu_responses,0.01,0.002
cellcnn_quadratic_learnable,gated_alive,full,cuda,quadratic_relu_soft_top_fraction_v1,22,3929519758,a_005,1,0.7737150549888611,0.5,1,3,2,3000,200,20000,5,soft_top_fraction_mean_relu_responses,0.01,0.002
cellcnn_quadratic_learnable,gated_alive,full,cuda,quadratic_relu_soft_top_fraction_v1,22,3929519758,a_010,0,0.9358741283416748,0.5,1,3,2,3000,200,20000,5,soft_top_fraction_mean_relu_responses,0.01,0.002
cellcnn_quadratic_learnable,gated_alive,full,cuda,quadratic_relu_soft_top_fraction_v1,22,3929519758,a_2a,0,0.47394479513168336,0.5,0,3,2,3000,200,20000,5,soft_top_fraction_mean_relu_responses,0.01,0.002
cellcnn_quadratic_learnable,gated_alive,full,cuda,quadratic_relu_soft_top_fraction_v1,22,3929519758,a_3b,0,0.350005966424942,0.5,0,3,2,3000,200,20000,5,soft_top_fraction_mean_relu_responses,0.01,0.002
cellcnn_quadratic_learnable,gated_alive,full,cuda,quadratic_relu_soft_top_fraction_v1,22,3929519758,a_4a,1,0.45729054808616637,0.5,0,3,2,3000,200,20000,5,soft_top_fraction_mean_relu_responses,0.01,0.002
cellcnn_quadratic_learnable,gated_alive,full,cuda,quadratic_relu_soft_top_fraction_v1,23,4075413513,a_007,1,0.7922670245170593,0.5,1,4,0,3000,200,20000,5,soft_top_fraction_mean_relu_responses,0.01,0.002
cellcnn_quadratic_learnable,gated_alive,full,cuda,quadratic_relu_soft_top_fraction_v1,23,4075413513,a_009,0,0.2042025223374367,0.5,0,4,0,3000,200,20000,5,soft_top_fraction_mean_relu_responses,0.01,0.002
cellcnn_quadratic_learnable,gated_alive,full,cuda,quadratic_relu_soft_top_fraction_v1,23,4075413513,a_010,0,0.017799314856529237,0.5,0,4,0,3000,200,20000,5,soft_top_fraction_mean_relu_responses,0.01,0.002
cellcnn_quadratic_learnable,gated_alive,full,cuda,quadratic_relu_soft_top_fraction_v1,23,4075413513,a_011,0,0.14631007015705108,0.5,0,4,0,3000,200,20000,5,soft_top_fraction_mean_relu_responses,0.01,0.002
cellcnn_quadratic_learnable,gated_alive,full,cuda,quadratic_relu_soft_top_fraction_v1,23,4075413513,a_2a,0,0.009005475742742419,0.5,0,4,0,3000,200,20000,5,soft_top_fraction_mean_relu_responses,0.01,0.002
cellcnn_quadratic_learnable,gated_alive,full,cuda,quadratic_relu_soft_top_fraction_v1,23,4075413513,a_5b,1,0.9999580383300781,0.5,1,4,0,3000,200,20000,5,soft_top_fraction_mean_relu_responses,0.01,0.002
cellcnn_quadratic_learnable,gated_alive,full,cuda,quadratic_relu_soft_top_fraction_v1,24,3145778132,a_003,0,0.7662525236606598,0.5,1,5,0,3000,200,20000,5,soft_top_fraction_mean_relu_responses,0.01,0.002
cellcnn_quadratic_learnable,gated_alive,full,cuda,quadratic_relu_soft_top_fraction_v1,24,3145778132,a_004,0,0.001996012032032013,0.5,0,5,0,3000,200,20000,5,soft_top_fraction_mean_relu_responses,0.01,0.002
cellcnn_quadratic_learnable,gated_alive,full,cuda,quadratic_relu_soft_top_fraction_v1,24,3145778132,a_2a,0,0.01655444372445345,0.5,0,5,0,3000,200,20000,5,soft_top_fraction_mean_relu_responses,0.01,0.002
cellcnn_quadratic_learnable,gated_alive,full,cuda,quadratic_relu_soft_top_fraction_v1,24,3145778132,a_3a,0,5.326901117541639e-07,0.5,0,5,0,3000,200,20000,5,soft_top_fraction_mean_relu_responses,0.01,0.002
cellcnn_quadratic_learnable,gated_alive,full,cuda,quadratic_relu_soft_top_fraction_v1,24,3145778132,a_4a,1,0.9999999761581421,0.5,1,5,0,3000,200,20000,5,soft_top_fraction_mean_relu_responses,0.01,0.002
cellcnn_quadratic_learnable,gated_alive,full,cuda,quadratic_relu_soft_top_fraction_v1,24,3145778132,a_5b,1,1.0,0.5,1,5,0,3000,200,20000,5,soft_top_fraction_mean_relu_responses,0.01,0.002
cellcnn_quadratic_learnable,gated_alive,full,cuda,quadratic_relu_soft_top_fraction_v1,25,2865763038,a_007,1,0.8799169182777404,0.5,1,5,2,3000,200,20000,5,soft_top_fraction_mean_relu_responses,0.01,0.002
cellcnn_quadratic_learnable,gated_alive,full,cuda,quadratic_relu_soft_top_fraction_v1,25,2865763038,a_011,0,2.3827677978260908e-05,0.5,0,5,2,3000,200,20000,5,soft_top_fraction_mean_relu_responses,0.01,0.002
cellcnn_quadratic_learnable,gated_alive,full,cuda,quadratic_relu_soft_top_fraction_v1,25,2865763038,a_1a,0,0.0011234044446609913,0.5,0,5,2,3000,200,20000,5,soft_top_fraction_mean_relu_responses,0.01,0.002
cellcnn_quadratic_learnable,gated_alive,full,cuda,quadratic_relu_soft_top_fraction_v1,25,2865763038,a_2b,0,0.0003718229738296941,0.5,0,5,2,3000,200,20000,5,soft_top_fraction_mean_relu_responses,0.01,0.002
cellcnn_quadratic_learnable,gated_alive,full,cuda,quadratic_relu_soft_top_fraction_v1,25,2865763038,a_3b,0,9.714529005577787e-06,0.5,0,5,2,3000,200,20000,5,soft_top_fraction_mean_relu_responses,0.01,0.002
cellcnn_quadratic_learnable,gated_alive,full,cuda,quadratic_relu_soft_top_fraction_v1,25,2865763038,a_4b,1,0.6075820922851562,0.5,1,5,2,3000,200,20000,5,soft_top_fraction_mean_relu_responses,0.01,0.002
cellcnn_quadratic_learnable,gated_alive,full,cuda,quadratic_relu_soft_top_fraction_v1,26,561033802,a_003,0,0.8996323823928833,0.5,1,3,1,3000,200,20000,5,soft_top_fraction_mean_relu_responses,0.01,0.002
cellcnn_quadratic_learnable,gated_alive,full,cuda,quadratic_relu_soft_top_fraction_v1,26,561033802,a_004,0,0.1171767458319664,0.5,0,3,1,3000,200,20000,5,soft_top_fraction_mean_relu_responses,0.01,0.002
cellcnn_quadratic_learnable,gated_alive,full,cuda,quadratic_relu_soft_top_fraction_v1,26,561033802,a_007,1,0.9615261435508728,0.5,1,3,1,3000,200,20000,5,soft_top_fraction_mean_relu_responses,0.01,0.002
cellcnn_quadratic_learnable,gated_alive,full,cuda,quadratic_relu_soft_top_fraction_v1,26,561033802,a_010,0,0.0937003254890442,0.5,0,3,1,3000,200,20000,5,soft_top_fraction_mean_relu_responses,0.01,0.002
cellcnn_quadratic_learnable,gated_alive,full,cuda,quadratic_relu_soft_top_fraction_v1,26,561033802,a_3b,0,0.029019463434815408,0.5,0,3,1,3000,200,20000,5,soft_top_fraction_mean_relu_responses,0.01,0.002
cellcnn_quadratic_learnable,gated_alive,full,cuda,quadratic_relu_soft_top_fraction_v1,26,561033802,a_4a,1,0.999970817565918,0.5,1,3,1,3000,200,20000,5,soft_top_fraction_mean_relu_responses,0.01,0.002
cellcnn_quadratic_learnable,gated_alive,full,cuda,quadratic_relu_soft_top_fraction_v1,27,411878496,a_001,1,0.03950606733560562,0.5,0,5,0,3000,200,20000,5,soft_top_fraction_mean_relu_responses,0.01,0.002
cellcnn_quadratic_learnable,gated_alive,full,cuda,quadratic_relu_soft_top_fraction_v1,27,411878496,a_006,0,3.1215423177854975e-06,0.5,0,5,0,3000,200,20000,5,soft_top_fraction_mean_relu_responses,0.01,0.002
cellcnn_quadratic_learnable,gated_alive,full,cuda,quadratic_relu_soft_top_fraction_v1,27,411878496,a_011,0,3.013087598446873e-06,0.5,0,5,0,3000,200,20000,5,soft_top_fraction_mean_relu_responses,0.01,0.002
cellcnn_quadratic_learnable,gated_alive,full,cuda,quadratic_relu_soft_top_fraction_v1,27,411878496,a_2b,0,0.020520475693047047,0.5,0,5,0,3000,200,20000,5,soft_top_fraction_mean_relu_responses,0.01,0.002
cellcnn_quadratic_learnable,gated_alive,full,cuda,quadratic_relu_soft_top_fraction_v1,27,411878496,a_3a,0,3.562513786192767e-08,0.5,0,5,0,3000,200,20000,5,soft_top_fraction_mean_relu_responses,0.01,0.002
cellcnn_quadratic_learnable,gated_alive,full,cuda,quadratic_relu_soft_top_fraction_v1,27,411878496,a_5b,1,1.0,0.5,1,5,0,3000,200,20000,5,soft_top_fraction_mean_relu_responses,0.01,0.002
cellcnn_quadratic_learnable,gated_alive,full,cuda,quadratic_relu_soft_top_fraction_v1,28,1143809828,a_003,0,0.0596517127007246,0.5,0,4,0,3000,200,20000,5,soft_top_fraction_mean_relu_responses,0.01,0.002
cellcnn_quadratic_learnable,gated_alive,full,cuda,quadratic_relu_soft_top_fraction_v1,28,1143809828,a_004,0,0.13763474076986312,0.5,0,4,0,3000,200,20000,5,soft_top_fraction_mean_relu_responses,0.01,0.002
cellcnn_quadratic_learnable,gated_alive,full,cuda,quadratic_relu_soft_top_fraction_v1,28,1143809828,a_3a,0,1.6645635355416743e-06,0.5,0,4,0,3000,200,20000,5,soft_top_fraction_mean_relu_responses,0.01,0.002
cellcnn_quadratic_learnable,gated_alive,full,cuda,quadratic_relu_soft_top_fraction_v1,28,1143809828,a_3b,0,6.514879351016134e-05,0.5,0,4,0,3000,200,20000,5,soft_top_fraction_mean_relu_responses,0.01,0.002
cellcnn_quadratic_learnable,gated_alive,full,cuda,quadratic_relu_soft_top_fraction_v1,28,1143809828,a_4b,1,0.8352529287338257,0.5,1,4,0,3000,200,20000,5,soft_top_fraction_mean_relu_responses,0.01,0.002
cellcnn_quadratic_learnable,gated_alive,full,cuda,quadratic_relu_soft_top_fraction_v1,28,1143809828,a_5b,1,0.9999998092651368,0.5,1,4,0,3000,200,20000,5,soft_top_fraction_mean_relu_responses,0.01,0.002
cellcnn_quadratic_learnable,gated_alive,full,cuda,quadratic_relu_soft_top_fraction_v1,29,1897686915,a_004,0,0.14386456906795503,0.5,0,5,2,3000,200,20000,5,soft_top_fraction_mean_relu_responses,0.01,0.002
cellcnn_quadratic_learnable,gated_alive,full,cuda,quadratic_relu_soft_top_fraction_v1,29,1897686915,a_009,0,0.3871112704277039,0.5,0,5,2,3000,200,20000,5,soft_top_fraction_mean_relu_responses,0.01,0.002
cellcnn_quadratic_learnable,gated_alive,full,cuda,quadratic_relu_soft_top_fraction_v1,29,1897686915,a_012,1,0.9902031779289245,0.5,1,5,2,3000,200,20000,5,soft_top_fraction_mean_relu_responses,0.01,0.002
cellcnn_quadratic_learnable,gated_alive,full,cuda,quadratic_relu_soft_top_fraction_v1,29,1897686915,a_2b,0,0.20043753683567048,0.5,0,5,2,3000,200,20000,5,soft_top_fraction_mean_relu_responses,0.01,0.002
cellcnn_quadratic_learnable,gated_alive,full,cuda,quadratic_relu_soft_top_fraction_v1,29,1897686915,a_3b,0,0.0011698810791131108,0.5,0,5,2,3000,200,20000,5,soft_top_fraction_mean_relu_responses,0.01,0.002
cellcnn_quadratic_learnable,gated_alive,full,cuda,quadratic_relu_soft_top_fraction_v1,29,1897686915,a_5b,1,0.9999985694885254,0.5,1,5,2,3000,200,20000,5,soft_top_fraction_mean_relu_responses,0.01,0.002
cellcnn_quadratic_learnable,gated_alive,full,cuda,quadratic_relu_soft_top_fraction_v1,30,310984977,a_004,0,0.3230519562959671,0.5,0,5,1,3000,200,20000,5,soft_top_fraction_mean_relu_responses,0.01,0.002
cellcnn_quadratic_learnable,gated_alive,full,cuda,quadratic_relu_soft_top_fraction_v1,30,310984977,a_005,1,0.9999867439270019,0.5,1,5,1,3000,200,20000,5,soft_top_fraction_mean_relu_responses,0.01,0.002
cellcnn_quadratic_learnable,gated_alive,full,cuda,quadratic_relu_soft_top_fraction_v1,30,310984977,a_007,1,0.7328473687171936,0.5,1,5,1,3000,200,20000,5,soft_top_fraction_mean_relu_responses,0.01,0.002
cellcnn_quadratic_learnable,gated_alive,full,cuda,quadratic_relu_soft_top_fraction_v1,30,310984977,a_1a,0,0.003969705104827881,0.5,0,5,1,3000,200,20000,5,soft_top_fraction_mean_relu_responses,0.01,0.002
cellcnn_quadratic_learnable,gated_alive,full,cuda,quadratic_relu_soft_top_fraction_v1,30,310984977,a_2b,0,0.036695926636457446,0.5,0,5,1,3000,200,20000,5,soft_top_fraction_mean_relu_responses,0.01,0.002
cellcnn_quadratic_learnable,gated_alive,full,cuda,quadratic_relu_soft_top_fraction_v1,30,310984977,a_3a,0,0.0016071869526058436,0.5,0,5,1,3000,200,20000,5,soft_top_fraction_mean_relu_responses,0.01,0.002
cellcnn_quadratic_learnable,gated_alive,full,cuda,quadratic_relu_soft_top_fraction_v1,31,3807402261,a_001,1,0.02718376778066158,0.5,0,5,0,3000,200,20000,5,soft_top_fraction_mean_relu_responses,0.01,0.002
cellcnn_quadratic_learnable,gated_alive,full,cuda,quadratic_relu_soft_top_fraction_v1,31,3807402261,a_003,0,0.3898095488548279,0.5,0,5,0,3000,200,20000,5,soft_top_fraction_mean_relu_responses,0.01,0.002
cellcnn_quadratic_learnable,gated_alive,full,cuda,quadratic_relu_soft_top_fraction_v1,31,3807402261,a_004,0,0.005168736376799643,0.5,0,5,0,3000,200,20000,5,soft_top_fraction_mean_relu_responses,0.01,0.002
cellcnn_quadratic_learnable,gated_alive,full,cuda,quadratic_relu_soft_top_fraction_v1,31,3807402261,a_007,1,0.16882777586579323,0.5,0,5,0,3000,200,20000,5,soft_top_fraction_mean_relu_responses,0.01,0.002
cellcnn_quadratic_learnable,gated_alive,full,cuda,quadratic_relu_soft_top_fraction_v1,31,3807402261,a_010,0,2.3872558267612475e-05,0.5,0,5,0,3000,200,20000,5,soft_top_fraction_mean_relu_responses,0.01,0.002
cellcnn_quadratic_learnable,gated_alive,full,cuda,quadratic_relu_soft_top_fraction_v1,31,3807402261,a_1a,0,0.0004819522706384305,0.5,0,5,0,3000,200,20000,5,soft_top_fraction_mean_relu_responses,0.01,0.002
cellcnn_quadratic_learnable,gated_alive,full,cuda,quadratic_relu_soft_top_fraction_v1,32,2035922533,a_003,0,0.7979906916618347,0.5,1,4,0,3000,200,20000,5,soft_top_fraction_mean_relu_responses,0.01,0.002
cellcnn_quadratic_learnable,gated_alive,full,cuda,quadratic_relu_soft_top_fraction_v1,32,2035922533,a_009,0,0.3967731833457947,0.5,0,4,0,3000,200,20000,5,soft_top_fraction_mean_relu_responses,0.01,0.002
cellcnn_quadratic_learnable,gated_alive,full,cuda,quadratic_relu_soft_top_fraction_v1,32,2035922533,a_011,0,0.00401836303062737,0.5,0,4,0,3000,200,20000,5,soft_top_fraction_mean_relu_responses,0.01,0.002
cellcnn_quadratic_learnable,gated_alive,full,cuda,quadratic_relu_soft_top_fraction_v1,32,2035922533,a_012,1,0.9102160215377808,0.5,1,4,0,3000,200,20000,5,soft_top_fraction_mean_relu_responses,0.01,0.002
cellcnn_quadratic_learnable,gated_alive,full,cuda,quadratic_relu_soft_top_fraction_v1,32,2035922533,a_3a,0,0.0022290039341896772,0.5,0,4,0,3000,200,20000,5,soft_top_fraction_mean_relu_responses,0.01,0.002
cellcnn_quadratic_learnable,gated_alive,full,cuda,quadratic_relu_soft_top_fraction_v1,32,2035922533,a_4a,1,0.999788498878479,0.5,1,4,0,3000,200,20000,5,soft_top_fraction_mean_relu_responses,0.01,0.002
cellcnn_quadratic_learnable,gated_alive,full,cuda,quadratic_relu_soft_top_fraction_v1,33,2995539971,a_007,1,0.9997824907302857,0.5,1,3,0,3000,200,20000,5,soft_top_fraction_mean_relu_responses,0.01,0.002
cellcnn_quadratic_learnable,gated_alive,full,cuda,quadratic_relu_soft_top_fraction_v1,33,2995539971,a_009,0,0.9442782163619995,0.5,1,3,0,3000,200,20000,5,soft_top_fraction_mean_relu_responses,0.01,0.002
cellcnn_quadratic_learnable,gated_alive,full,cuda,quadratic_relu_soft_top_fraction_v1,33,2995539971,a_011,0,3.3767024376629706e-07,0.5,0,3,0,3000,200,20000,5,soft_top_fraction_mean_relu_responses,0.01,0.002
cellcnn_quadratic_learnable,gated_alive,full,cuda,quadratic_relu_soft_top_fraction_v1,33,2995539971,a_2b,0,4.0927273948909716e-05,0.5,0,3,0,3000,200,20000,5,soft_top_fraction_mean_relu_responses,0.01,0.002
cellcnn_quadratic_learnable,gated_alive,full,cuda,quadratic_relu_soft_top_fraction_v1,33,2995539971,a_3a,0,5.622222927215148e-08,0.5,0,3,0,3000,200,20000,5,soft_top_fraction_mean_relu_responses,0.01,0.002
cellcnn_quadratic_learnable,gated_alive,full,cuda,quadratic_relu_soft_top_fraction_v1,33,2995539971,a_4b,1,0.008859830209985375,0.5,0,3,0,3000,200,20000,5,soft_top_fraction_mean_relu_responses,0.01,0.002
cellcnn_quadratic_learnable,gated_alive,full,cuda,quadratic_relu_soft_top_fraction_v1,34,913046978,a_005,1,0.9997242331504822,0.5,1,3,2,3000,200,20000,5,soft_top_fraction_mean_relu_responses,0.01,0.002
cellcnn_quadratic_learnable,gated_alive,full,cuda,quadratic_relu_soft_top_fraction_v1,34,913046978,a_009,0,0.35190643072128297,0.5,0,3,2,3000,200,20000,5,soft_top_fraction_mean_relu_responses,0.01,0.002
cellcnn_quadratic_learnable,gated_alive,full,cuda,quadratic_relu_soft_top_fraction_v1,34,913046978,a_010,0,0.10661486238241195,0.5,0,3,2,3000,200,20000,5,soft_top_fraction_mean_relu_responses,0.01,0.002
cellcnn_quadratic_learnable,gated_alive,full,cuda,quadratic_relu_soft_top_fraction_v1,34,913046978,a_011,0,0.008534109778702259,0.5,0,3,2,3000,200,20000,5,soft_top_fraction_mean_relu_responses,0.01,0.002
cellcnn_quadratic_learnable,gated_alive,full,cuda,quadratic_relu_soft_top_fraction_v1,34,913046978,a_2a,0,0.1682990938425064,0.5,0,3,2,3000,200,20000,5,soft_top_fraction_mean_relu_responses,0.01,0.002
cellcnn_quadratic_learnable,gated_alive,full,cuda,quadratic_relu_soft_top_fraction_v1,34,913046978,a_5a,1,0.9999273777008056,0.5,1,3,2,3000,200,20000,5,soft_top_fraction_mean_relu_responses,0.01,0.002
cellcnn_quadratic_learnable,gated_alive,full,cuda,quadratic_relu_soft_top_fraction_v1,35,1402190273,a_004,0,0.005164849804714322,0.5,0,5,1,3000,200,20000,5,soft_top_fraction_mean_relu_responses,0.01,0.002
cellcnn_quadratic_learnable,gated_alive,full,cuda,quadratic_relu_soft_top_fraction_v1,35,1402190273,a_009,0,0.22532951533794404,0.5,0,5,1,3000,200,20000,5,soft_top_fraction_mean_relu_responses,0.01,0.002
cellcnn_quadratic_learnable,gated_alive,full,cuda,quadratic_relu_soft_top_fraction_v1,35,1402190273,a_012,1,0.9969694137573242,0.5,1,5,1,3000,200,20000,5,soft_top_fraction_mean_relu_responses,0.01,0.002
cellcnn_quadratic_learnable,gated_alive,full,cuda,quadratic_relu_soft_top_fraction_v1,35,1402190273,a_2b,0,0.04420172609388828,0.5,0,5,1,3000,200,20000,5,soft_top_fraction_mean_relu_responses,0.01,0.002
cellcnn_quadratic_learnable,gated_alive,full,cuda,quadratic_relu_soft_top_fraction_v1,35,1402190273,a_3a,0,0.000163417003932409,0.5,0,5,1,3000,200,20000,5,soft_top_fraction_mean_relu_responses,0.01,0.002
cellcnn_quadratic_learnable,gated_alive,full,cuda,quadratic_relu_soft_top_fraction_v1,35,1402190273,a_5b,1,1.0,0.5,1,5,1,3000,200,20000,5,soft_top_fraction_mean_relu_responses,0.01,0.002
cellcnn_quadratic_learnable,gated_alive,full,cuda,quadratic_relu_soft_top_fraction_v1,36,498139153,a_003,0,0.06846962235867977,0.5,0,5,0,3000,200,20000,5,soft_top_fraction_mean_relu_responses,0.01,0.002
cellcnn_quadratic_learnable,gated_alive,full,cuda,quadratic_relu_soft_top_fraction_v1,36,498139153,a_009,0,0.5445497632026672,0.5,1,5,0,3000,200,20000,5,soft_top_fraction_mean_relu_responses,0.01,0.002
cellcnn_quadratic_learnable,gated_alive,full,cuda,quadratic_relu_soft_top_fraction_v1,36,498139153,a_011,0,0.0004785209661349654,0.5,0,5,0,3000,200,20000,5,soft_top_fraction_mean_relu_responses,0.01,0.002
cellcnn_quadratic_learnable,gated_alive,full,cuda,quadratic_relu_soft_top_fraction_v1,36,498139153,a_3a,0,4.4084050023229794e-05,0.5,0,5,0,3000,200,20000,5,soft_top_fraction_mean_relu_responses,0.01,0.002
cellcnn_quadratic_learnable,gated_alive,full,cuda,quadratic_relu_soft_top_fraction_v1,36,498139153,a_4b,1,0.00804848512634635,0.5,0,5,0,3000,200,20000,5,soft_top_fraction_mean_relu_responses,0.01,0.002
cellcnn_quadratic_learnable,gated_alive,full,cuda,quadratic_relu_soft_top_fraction_v1,36,498139153,a_5b,1,0.9999951124191284,0.5,1,5,0,3000,200,20000,5,soft_top_fraction_mean_relu_responses,0.01,0.002
cellcnn_quadratic_learnable,gated_alive,full,cuda,quadratic_relu_soft_top_fraction_v1,37,3152197458,a_004,0,0.5107739329338074,0.5,1,5,2,3000,200,20000,5,soft_top_fraction_mean_relu_responses,0.01,0.002
cellcnn_quadratic_learnable,gated_alive,full,cuda,quadratic_relu_soft_top_fraction_v1,37,3152197458,a_007,1,0.7070955634117126,0.5,1,5,2,3000,200,20000,5,soft_top_fraction_mean_relu_responses,0.01,0.002
cellcnn_quadratic_learnable,gated_alive,full,cuda,quadratic_relu_soft_top_fraction_v1,37,3152197458,a_011,0,0.003591277077794075,0.5,0,5,2,3000,200,20000,5,soft_top_fraction_mean_relu_responses,0.01,0.002
cellcnn_quadratic_learnable,gated_alive,full,cuda,quadratic_relu_soft_top_fraction_v1,37,3152197458,a_2a,0,0.0359917476773262,0.5,0,5,2,3000,200,20000,5,soft_top_fraction_mean_relu_responses,0.01,0.002
cellcnn_quadratic_learnable,gated_alive,full,cuda,quadratic_relu_soft_top_fraction_v1,37,3152197458,a_2b,0,0.049174641259014606,0.5,0,5,2,3000,200,20000,5,soft_top_fraction_mean_relu_responses,0.01,0.002
cellcnn_quadratic_learnable,gated_alive,full,cuda,quadratic_relu_soft_top_fraction_v1,37,3152197458,a_4a,1,0.9907055735588074,0.5,1,5,2,3000,200,20000,5,soft_top_fraction_mean_relu_responses,0.01,0.002
cellcnn_quadratic_learnable,gated_alive,full,cuda,quadratic_relu_soft_top_fraction_v1,38,3325497001,a_002,1,0.9328800439834595,0.5,1,3,2,3000,200,20000,5,soft_top_fraction_mean_relu_responses,0.01,0.002
cellcnn_quadratic_learnable,gated_alive,full,cuda,quadratic_relu_soft_top_fraction_v1,38,3325497001,a_004,0,0.02776753231883049,0.5,0,3,2,3000,200,20000,5,soft_top_fraction_mean_relu_responses,0.01,0.002
cellcnn_quadratic_learnable,gated_alive,full,cuda,quadratic_relu_soft_top_fraction_v1,38,3325497001,a_006,0,0.0013066949089989067,0.5,0,3,2,3000,200,20000,5,soft_top_fraction_mean_relu_responses,0.01,0.002
cellcnn_quadratic_learnable,gated_alive,full,cuda,quadratic_relu_soft_top_fraction_v1,38,3325497001,a_011,0,0.22375918924808502,0.5,0,3,2,3000,200,20000,5,soft_top_fraction_mean_relu_responses,0.01,0.002
cellcnn_quadratic_learnable,gated_alive,full,cuda,quadratic_relu_soft_top_fraction_v1,38,3325497001,a_3a,0,0.0026623968267813327,0.5,0,3,2,3000,200,20000,5,soft_top_fraction_mean_relu_responses,0.01,0.002
cellcnn_quadratic_learnable,gated_alive,full,cuda,quadratic_relu_soft_top_fraction_v1,38,3325497001,a_5b,1,0.9998608231544495,0.5,1,3,2,3000,200,20000,5,soft_top_fraction_mean_relu_responses,0.01,0.002
cellcnn_quadratic_learnable,gated_alive,full,cuda,quadratic_relu_soft_top_fraction_v1,39,945472433,a_001,1,0.720576548576355,0.5,1,3,2,3000,200,20000,5,soft_top_fraction_mean_relu_responses,0.01,0.002
cellcnn_quadratic_learnable,gated_alive,full,cuda,quadratic_relu_soft_top_fraction_v1,39,945472433,a_009,0,0.40177894830703736,0.5,0,3,2,3000,200,20000,5,soft_top_fraction_mean_relu_responses,0.01,0.002
cellcnn_quadratic_learnable,gated_alive,full,cuda,quadratic_relu_soft_top_fraction_v1,39,945472433,a_1a,0,0.6501968443393707,0.5,1,3,2,3000,200,20000,5,soft_top_fraction_mean_relu_responses,0.01,0.002
cellcnn_quadratic_learnable,gated_alive,full,cuda,quadratic_relu_soft_top_fraction_v1,39,945472433,a_2b,0,0.062445560842752455,0.5,0,3,2,3000,200,20000,5,soft_top_fraction_mean_relu_responses,0.01,0.002
cellcnn_quadratic_learnable,gated_alive,full,cuda,quadratic_relu_soft_top_fraction_v1,39,945472433,a_3a,0,0.019228350557386874,0.5,0,3,2,3000,200,20000,5,soft_top_fraction_mean_relu_responses,0.01,0.002
cellcnn_quadratic_learnable,gated_alive,full,cuda,quadratic_relu_soft_top_fraction_v1,39,945472433,a_4a,1,0.9993261933326721,0.5,1,3,2,3000,200,20000,5,soft_top_fraction_mean_relu_responses,0.01,0.002
cellcnn_quadratic_learnable,gated_alive,full,cuda,quadratic_relu_soft_top_fraction_v1,40,3070822591,a_001,1,0.00021822093694936484,0.5,0,5,1,3000,200,20000,5,soft_top_fraction_mean_relu_responses,0.01,0.002
cellcnn_quadratic_learnable,gated_alive,full,cuda,quadratic_relu_soft_top_fraction_v1,40,3070822591,a_003,0,0.9999778747558594,0.5,1,5,1,3000,200,20000,5,soft_top_fraction_mean_relu_responses,0.01,0.002
cellcnn_quadratic_learnable,gated_alive,full,cuda,quadratic_relu_soft_top_fraction_v1,40,3070822591,a_005,1,0.9999788522720336,0.5,1,5,1,3000,200,20000,5,soft_top_fraction_mean_relu_responses,0.01,0.002
cellcnn_quadratic_learnable,gated_alive,full,cuda,quadratic_relu_soft_top_fraction_v1,40,3070822591,a_006,0,0.8949172973632813,0.5,1,5,1,3000,200,20000,5,soft_top_fraction_mean_relu_responses,0.01,0.002
cellcnn_quadratic_learnable,gated_alive,full,cuda,quadratic_relu_soft_top_fraction_v1,40,3070822591,a_2a,0,0.06356006003916263,0.5,0,5,1,3000,200,20000,5,soft_top_fraction_mean_relu_responses,0.01,0.002
cellcnn_quadratic_learnable,gated_alive,full,cuda,quadratic_relu_soft_top_fraction_v1,40,3070822591,a_3b,0,0.00016822655161377042,0.5,0,5,1,3000,200,20000,5,soft_top_fraction_mean_relu_responses,0.01,0.002
cellcnn_quadratic_learnable,gated_alive,full,cuda,quadratic_relu_soft_top_fraction_v1,41,350446006,a_001,1,0.3291900038719177,0.5,0,5,1,3000,200,20000,5,soft_top_fraction_mean_relu_responses,0.01,0.002
cellcnn_quadratic_learnable,gated_alive,full,cuda,quadratic_relu_soft_top_fraction_v1,41,350446006,a_006,0,0.2928252339363098,0.5,0,5,1,3000,200,20000,5,soft_top_fraction_mean_relu_responses,0.01,0.002
cellcnn_quadratic_learnable,gated_alive,full,cuda,quadratic_relu_soft_top_fraction_v1,41,350446006,a_009,0,0.27754443883895874,0.5,0,5,1,3000,200,20000,5,soft_top_fraction_mean_relu_responses,0.01,0.002
cellcnn_quadratic_learnable,gated_alive,full,cuda,quadratic_relu_soft_top_fraction_v1,41,350446006,a_2b,0,0.3537868559360504,0.5,0,5,1,3000,200,20000,5,soft_top_fraction_mean_relu_responses,0.01,0.002
cellcnn_quadratic_learnable,gated_alive,full,cuda,quadratic_relu_soft_top_fraction_v1,41,350446006,a_3a,0,0.3062242865562439,0.5,0,5,1,3000,200,20000,5,soft_top_fraction_mean_relu_responses,0.01,0.002
cellcnn_quadratic_learnable,gated_alive,full,cuda,quadratic_relu_soft_top_fraction_v1,41,350446006,a_4a,1,0.6957151770591736,0.5,1,5,1,3000,200,20000,5,soft_top_fraction_mean_relu_responses,0.01,0.002
cellcnn_quadratic_learnable,gated_alive,full,cuda,quadratic_relu_soft_top_fraction_v1,42,1681873724,a_009,0,0.9191550135612487,0.5,1,4,2,3000,200,20000,5,soft_top_fraction_mean_relu_responses,0.01,0.002
cellcnn_quadratic_learnable,gated_alive,full,cuda,quadratic_relu_soft_top_fraction_v1,42,1681873724,a_012,1,0.9993637084960938,0.5,1,4,2,3000,200,20000,5,soft_top_fraction_mean_relu_responses,0.01,0.002
cellcnn_quadratic_learnable,gated_alive,full,cuda,quadratic_relu_soft_top_fraction_v1,42,1681873724,a_1a,0,0.5619362175464631,0.5,1,4,2,3000,200,20000,5,soft_top_fraction_mean_relu_responses,0.01,0.002
cellcnn_quadratic_learnable,gated_alive,full,cuda,quadratic_relu_soft_top_fraction_v1,42,1681873724,a_2a,0,0.00221724649600219,0.5,0,4,2,3000,200,20000,5,soft_top_fraction_mean_relu_responses,0.01,0.002
cellcnn_quadratic_learnable,gated_alive,full,cuda,quadratic_relu_soft_top_fraction_v1,42,1681873724,a_2b,0,0.005255993292666972,0.5,0,4,2,3000,200,20000,5,soft_top_fraction_mean_relu_responses,0.01,0.002
cellcnn_quadratic_learnable,gated_alive,full,cuda,quadratic_relu_soft_top_fraction_v1,42,1681873724,a_4b,1,0.7295423090457916,0.5,1,4,2,3000,200,20000,5,soft_top_fraction_mean_relu_responses,0.01,0.002
cellcnn_quadratic_learnable,gated_alive,full,cuda,quadratic_relu_soft_top_fraction_v1,43,686746376,a_006,0,2.4978523015306563e-06,0.5,0,3,0,3000,200,20000,5,soft_top_fraction_mean_relu_responses,0.01,0.002
cellcnn_quadratic_learnable,gated_alive,full,cuda,quadratic_relu_soft_top_fraction_v1,43,686746376,a_007,1,0.8656960725784302,0.5,1,3,0,3000,200,20000,5,soft_top_fraction_mean_relu_responses,0.01,0.002
cellcnn_quadratic_learnable,gated_alive,full,cuda,quadratic_relu_soft_top_fraction_v1,43,686746376,a_011,0,0.0047616973286494614,0.5,0,3,0,3000,200,20000,5,soft_top_fraction_mean_relu_responses,0.01,0.002
cellcnn_quadratic_learnable,gated_alive,full,cuda,quadratic_relu_soft_top_fraction_v1,43,686746376,a_1a,0,0.086549411714077,0.5,0,3,0,3000,200,20000,5,soft_top_fraction_mean_relu_responses,0.01,0.002
cellcnn_quadratic_learnable,gated_alive,full,cuda,quadratic_relu_soft_top_fraction_v1,43,686746376,a_2b,0,0.0014501249534077942,0.5,0,3,0,3000,200,20000,5,soft_top_fraction_mean_relu_responses,0.01,0.002
cellcnn_quadratic_learnable,gated_alive,full,cuda,quadratic_relu_soft_top_fraction_v1,43,686746376,a_5b,1,0.9999993085861206,0.5,1,3,0,3000,200,20000,5,soft_top_fraction_mean_relu_responses,0.01,0.002
cellcnn_quadratic_learnable,gated_alive,full,cuda,quadratic_relu_soft_top_fraction_v1,44,3195502165,a_002,1,0.9925113558769226,0.5,1,5,0,3000,200,20000,5,soft_top_fraction_mean_relu_responses,0.01,0.002
cellcnn_quadratic_learnable,gated_alive,full,cuda,quadratic_relu_soft_top_fraction_v1,44,3195502165,a_006,0,0.006279654242098332,0.5,0,5,0,3000,200,20000,5,soft_top_fraction_mean_relu_responses,0.01,0.002
cellcnn_quadratic_learnable,gated_alive,full,cuda,quadratic_relu_soft_top_fraction_v1,44,3195502165,a_010,0,0.12035334557294845,0.5,0,5,0,3000,200,20000,5,soft_top_fraction_mean_relu_responses,0.01,0.002
cellcnn_quadratic_learnable,gated_alive,full,cuda,quadratic_relu_soft_top_fraction_v1,44,3195502165,a_1a,0,0.008200985845178366,0.5,0,5,0,3000,200,20000,5,soft_top_fraction_mean_relu_responses,0.01,0.002
cellcnn_quadratic_learnable,gated_alive,full,cuda,quadratic_relu_soft_top_fraction_v1,44,3195502165,a_3a,0,3.047681138923508e-06,0.5,0,5,0,3000,200,20000,5,soft_top_fraction_mean_relu_responses,0.01,0.002
cellcnn_quadratic_learnable,gated_alive,full,cuda,quadratic_relu_soft_top_fraction_v1,44,3195502165,a_5a,1,0.9999996423721313,0.5,1,5,0,3000,200,20000,5,soft_top_fraction_mean_relu_responses,0.01,0.002
cellcnn_quadratic_learnable,gated_alive,full,cuda,quadratic_relu_soft_top_fraction_v1,45,1460719170,a_003,0,0.9985733389854431,0.5,1,5,2,3000,200,20000,5,soft_top_fraction_mean_relu_responses,0.01,0.002
cellcnn_quadratic_learnable,gated_alive,full,cuda,quadratic_relu_soft_top_fraction_v1,45,1460719170,a_005,1,1.0,0.5,1,5,2,3000,200,20000,5,soft_top_fraction_mean_relu_responses,0.01,0.002
cellcnn_quadratic_learnable,gated_alive,full,cuda,quadratic_relu_soft_top_fraction_v1,45,1460719170,a_009,0,0.8470776319503784,0.5,1,5,2,3000,200,20000,5,soft_top_fraction_mean_relu_responses,0.01,0.002
cellcnn_quadratic_learnable,gated_alive,full,cuda,quadratic_relu_soft_top_fraction_v1,45,1460719170,a_3a,0,0.0002810119738569483,0.5,0,5,2,3000,200,20000,5,soft_top_fraction_mean_relu_responses,0.01,0.002
cellcnn_quadratic_learnable,gated_alive,full,cuda,quadratic_relu_soft_top_fraction_v1,45,1460719170,a_3b,0,0.00036737583868671206,0.5,0,5,2,3000,200,20000,5,soft_top_fraction_mean_relu_responses,0.01,0.002
cellcnn_quadratic_learnable,gated_alive,full,cuda,quadratic_relu_soft_top_fraction_v1,45,1460719170,a_5b,1,1.0,0.5,1,5,2,3000,200,20000,5,soft_top_fraction_mean_relu_responses,0.01,0.002
cellcnn_quadratic_learnable,gated_alive,full,cuda,quadratic_relu_soft_top_fraction_v1,46,2033282004,a_001,1,0.1325734183192253,0.5,0,4,2,3000,200,20000,5,soft_top_fraction_mean_relu_responses,0.01,0.002
cellcnn_quadratic_learnable,gated_alive,full,cuda,quadratic_relu_soft_top_fraction_v1,46,2033282004,a_003,0,0.7991008043289185,0.5,1,4,2,3000,200,20000,5,soft_top_fraction_mean_relu_responses,0.01,0.002
cellcnn_quadratic_learnable,gated_alive,full,cuda,quadratic_relu_soft_top_fraction_v1,46,2033282004,a_010,0,0.002622852614149451,0.5,0,4,2,3000,200,20000,5,soft_top_fraction_mean_relu_responses,0.01,0.002
cellcnn_quadratic_learnable,gated_alive,full,cuda,quadratic_relu_soft_top_fraction_v1,46,2033282004,a_011,0,0.0021060129860416056,0.5,0,4,2,3000,200,20000,5,soft_top_fraction_mean_relu_responses,0.01,0.002
cellcnn_quadratic_learnable,gated_alive,full,cuda,quadratic_relu_soft_top_fraction_v1,46,2033282004,a_012,1,0.9565563082695008,0.5,1,4,2,3000,200,20000,5,soft_top_fraction_mean_relu_responses,0.01,0.002
cellcnn_quadratic_learnable,gated_alive,full,cuda,quadratic_relu_soft_top_fraction_v1,46,2033282004,a_3a,0,0.017150098457932472,0.5,0,4,2,3000,200,20000,5,soft_top_fraction_mean_relu_responses,0.01,0.002
cellcnn_quadratic_learnable,gated_alive,full,cuda,quadratic_relu_soft_top_fraction_v1,47,1997989380,a_003,0,0.1099935494363308,0.5,0,5,2,3000,200,20000,5,soft_top_fraction_mean_relu_responses,0.01,0.002
cellcnn_quadratic_learnable,gated_alive,full,cuda,quadratic_relu_soft_top_fraction_v1,47,1997989380,a_009,0,0.9979227900505065,0.5,1,5,2,3000,200,20000,5,soft_top_fraction_mean_relu_responses,0.01,0.002
cellcnn_quadratic_learnable,gated_alive,full,cuda,quadratic_relu_soft_top_fraction_v1,47,1997989380,a_1a,0,0.7344012975692749,0.5,1,5,2,3000,200,20000,5,soft_top_fraction_mean_relu_responses,0.01,0.002
cellcnn_quadratic_learnable,gated_alive,full,cuda,quadratic_relu_soft_top_fraction_v1,47,1997989380,a_2b,0,0.0004114036040846258,0.5,0,5,2,3000,200,20000,5,soft_top_fraction_mean_relu_responses,0.01,0.002
cellcnn_quadratic_learnable,gated_alive,full,cuda,quadratic_relu_soft_top_fraction_v1,47,1997989380,a_4b,1,0.9817548274993897,0.5,1,5,2,3000,200,20000,5,soft_top_fraction_mean_relu_responses,0.01,0.002
cellcnn_quadratic_learnable,gated_alive,full,cuda,quadratic_relu_soft_top_fraction_v1,47,1997989380,a_5a,1,1.0,0.5,1,5,2,3000,200,20000,5,soft_top_fraction_mean_relu_responses,0.01,0.002
cellcnn_quadratic_learnable,gated_alive,full,cuda,quadratic_relu_soft_top_fraction_v1,48,2042481486,a_001,1,0.4223296344280243,0.5,0,3,0,3000,200,20000,5,soft_top_fraction_mean_relu_responses,0.01,0.002
cellcnn_quadratic_learnable,gated_alive,full,cuda,quadratic_relu_soft_top_fraction_v1,48,2042481486,a_002,1,0.18464600294828415,0.5,0,3,0,3000,200,20000,5,soft_top_fraction_mean_relu_responses,0.01,0.002
cellcnn_quadratic_learnable,gated_alive,full,cuda,quadratic_relu_soft_top_fraction_v1,48,2042481486,a_004,0,0.0001363673152809497,0.5,0,3,0,3000,200,20000,5,soft_top_fraction_mean_relu_responses,0.01,0.002
cellcnn_quadratic_learnable,gated_alive,full,cuda,quadratic_relu_soft_top_fraction_v1,48,2042481486,a_010,0,5.018193769501522e-05,0.5,0,3,0,3000,200,20000,5,soft_top_fraction_mean_relu_responses,0.01,0.002
cellcnn_quadratic_learnable,gated_alive,full,cuda,quadratic_relu_soft_top_fraction_v1,48,2042481486,a_1a,0,0.0007735014602076262,0.5,0,3,0,3000,200,20000,5,soft_top_fraction_mean_relu_responses,0.01,0.002
cellcnn_quadratic_learnable,gated_alive,full,cuda,quadratic_relu_soft_top_fraction_v1,48,2042481486,a_3b,0,1.6439297834125453e-08,0.5,0,3,0,3000,200,20000,5,soft_top_fraction_mean_relu_responses,0.01,0.002
cellcnn_quadratic_learnable,gated_alive,full,cuda,quadratic_relu_soft_top_fraction_v1,49,1144269602,a_001,1,0.5434216618537903,0.5,1,5,1,3000,200,20000,5,soft_top_fraction_mean_relu_responses,0.01,0.002
cellcnn_quadratic_learnable,gated_alive,full,cuda,quadratic_relu_soft_top_fraction_v1,49,1144269602,a_003,0,0.9957072019577027,0.5,1,5,1,3000,200,20000,5,soft_top_fraction_mean_relu_responses,0.01,0.002
cellcnn_quadratic_learnable,gated_alive,full,cuda,quadratic_relu_soft_top_fraction_v1,49,1144269602,a_004,0,0.001838229363784194,0.5,0,5,1,3000,200,20000,5,soft_top_fraction_mean_relu_responses,0.01,0.002
cellcnn_quadratic_learnable,gated_alive,full,cuda,quadratic_relu_soft_top_fraction_v1,49,1144269602,a_009,0,0.8508817672729492,0.5,1,5,1,3000,200,20000,5,soft_top_fraction_mean_relu_responses,0.01,0.002
cellcnn_quadratic_learnable,gated_alive,full,cuda,quadratic_relu_soft_top_fraction_v1,49,1144269602,a_1a,0,0.4524129509925842,0.5,0,5,1,3000,200,20000,5,soft_top_fraction_mean_relu_responses,0.01,0.002
cellcnn_quadratic_learnable,gated_alive,full,cuda,quadratic_relu_soft_top_fraction_v1,49,1144269602,a_4a,1,0.9999999046325684,0.5,1,5,1,3000,200,20000,5,soft_top_fraction_mean_relu_responses,0.01,0.002
