method_label,split_id,roc_auc,average_precision,pr_auc,balanced_accuracy
CellCNN,0,1.0,1.0,1.0,0.875
CellCNN,1,1.0,1.0,1.0,1.0
CellCNN,2,1.0,1.0,1.0,0.75
CellCNN,3,1.0,1.0,1.0,0.875
CellCNN,4,0.875,0.8333333333333333,0.7916666666666666,0.625
CellCNN,5,1.0,1.0,1.0,0.875
CellCNN,6,0.625,0.7,0.6625,0.625
CellCNN,7,0.75,0.75,0.7083333333333333,0.5
CellCNN,8,0.5,0.6666666666666666,0.6333333333333333,0.5
CellCNN,9,1.0,1.0,1.0,0.75
CellCNN,10,0.875,0.8333333333333333,0.7916666666666666,0.5
CellCNN,11,0.875,0.8333333333333333,0.7916666666666666,0.75
CellCNN,12,0.75,0.75,0.7083333333333333,0.5
CellCNN,13,1.0,1.0,1.0,0.75
CellCNN,14,1.0,1.0,1.0,0.875
CellCNN,15,0.625,0.5,0.3333333333333333,0.5
CellCNN,16,0.625,0.7,0.6625,0.5
CellCNN,17,0.625,0.7,0.6625,0.5
CellCNN,18,1.0,1.0,1.0,0.75
CellCNN,19,0.5,0.6666666666666666,0.6333333333333333,0.5
CellCNN,20,0.75,0.75,0.7083333333333333,0.625
CellCNN,21,0.625,0.7,0.6625,0.375
CellCNN,22,0.625,0.7,0.6625,0.5
CellCNN,23,0.625,0.7,0.6625,0.625
CellCNN,24,1.0,1.0,1.0,0.875
CellCNN,25,0.875,0.8333333333333333,0.7916666666666666,0.875
CellCNN,26,0.875,0.8333333333333333,0.7916666666666666,0.625
CellCNN,27,0.75,0.75,0.7083333333333333,0.5
CellCNN,28,1.0,1.0,1.0,0.875
CellCNN,29,1.0,1.0,1.0,1.0
CellCNN,30,0.875,0.8333333333333333,0.7916666666666666,0.75
CellCNN,31,0.875,0.8333333333333333,0.7916666666666666,0.5
CellCNN,32,1.0,1.0,1.0,0.75
CellCNN,33,0.75,0.75,0.7083333333333333,0.75
CellCNN,34,0.875,0.8333333333333333,0.7916666666666666,0.75
CellCNN,35,0.875,0.8333333333333333,0.7916666666666666,0.625
CellCNN,36,0.875,0.8333333333333333,0.7916666666666666,0.875
CellCNN,37,1.0,1.0,1.0,0.75
CellCNN,38,0.375,0.41666666666666663,0.2583333333333333,0.375
CellCNN,39,0.875,0.8333333333333333,0.7916666666666666,0.875
CellCNN,40,0.375,0.41666666666666663,0.2583333333333333,0.5
CellCNN,41,0.5,0.41666666666666663,0.29166666666666663,0.5
CellCNN,42,0.625,0.5,0.3333333333333333,0.5
CellCNN,43,0.875,0.8333333333333333,0.7916666666666666,0.875
CellCNN,44,0.5,0.6666666666666666,0.6333333333333333,0.75
CellCNN,45,1.0,1.0,1.0,0.625
CellCNN,46,1.0,1.0,1.0,0.75
CellCNN,47,0.75,0.75,0.7083333333333333,0.625
CellCNN,48,0.75,0.5833333333333333,0.41666666666666663,0.625
CellCNN,49,0.625,0.7,0.6625,0.375
CellCNN,50,0.75,0.75,0.7083333333333333,0.625
CellCNN,51,1.0,1.0,1.0,0.875
CellCNN,52,1.0,1.0,1.0,0.75
CellCNN,53,1.0,1.0,1.0,1.0
CellCNN,54,0.25,0.325,0.225,0.125
CellCNN,55,1.0,1.0,1.0,1.0
CellCNN,56,0.75,0.75,0.7083333333333333,0.625
CellCNN,57,0.875,0.8333333333333333,0.7916666666666666,0.75
CellCNN,58,1.0,1.0,1.0,0.875
CellCNN,59,0.75,0.75,0.7083333333333333,0.5
CellCNN,60,0.75,0.5833333333333333,0.41666666666666663,0.75
CellCNN,61,0.625,0.7,0.6625,0.5
CellCNN,62,1.0,1.0,1.0,0.75
CellCNN,63,0.875,0.8333333333333333,0.7916666666666666,0.5
CellCNN,64,0.875,0.8333333333333333,0.7916666666666666,0.875
CellCNN,65,1.0,1.0,1.0,1.0
CellCNN,66,1.0,1.0,1.0,0.5
CellCNN,67,0.875,0.8333333333333333,0.7916666666666666,0.625
CellCNN,68,0.75,0.75,0.7083333333333333,0.75
CellCNN,69,0.75,0.5833333333333333,0.41666666666666663,0.375
CellCNN,70,0.625,0.7,0.6625,0.625
CellCNN,71,0.75,0.75,0.7083333333333333,0.5
CellCNN,72,0.875,0.8333333333333333,0.7916666666666666,0.625
CellCNN,73,0.75,0.75,0.7083333333333333,0.625
CellCNN,74,0.5,0.45,0.2875,0.5
CellCNN,75,0.875,0.8333333333333333,0.7916666666666666,0.625
CellCNN,76,1.0,1.0,1.0,0.75
CellCNN,77,0.875,0.8333333333333333,0.7916666666666666,0.75
CellCNN,78,1.0,1.0,1.0,0.75
CellCNN,79,1.0,1.0,1.0,1.0
CellCNN,80,0.625,0.7,0.6625,0.5
CellCNN,81,0.75,0.75,0.7083333333333333,0.625
CellCNN,82,1.0,1.0,1.0,0.875
CellCNN,83,1.0,1.0,1.0,1.0
CellCNN,84,0.375,0.41666666666666663,0.2583333333333333,0.375
CellCNN,85,0.75,0.75,0.7083333333333333,0.5
CellCNN,86,1.0,1.0,1.0,1.0
CellCNN,87,0.75,0.75,0.7083333333333333,0.75
CellCNN,88,1.0,1.0,1.0,0.75
CellCNN,89,0.875,0.8333333333333333,0.7916666666666666,0.75
CellCNN,90,0.875,0.8333333333333333,0.7916666666666666,0.75
CellCNN,91,0.75,0.5833333333333333,0.41666666666666663,0.625
CellCNN,92,1.0,1.0,1.0,1.0
CellCNN,93,0.75,0.75,0.7083333333333333,0.75
CellCNN,94,0.375,0.41666666666666663,0.2583333333333333,0.25
CellCNN,95,1.0,1.0,1.0,0.875
CellCNN,96,0.25,0.325,0.225,0.25
CellCNN,97,0.625,0.7,0.6625,0.625
CellCNN,98,0.875,0.8333333333333333,0.7916666666666666,0.875
CellCNN,99,0.875,0.8333333333333333,0.7916666666666666,0.75
Lineare Single-Cell-SVM,0,1.0,1.0,1.0,0.75
Lineare Single-Cell-SVM,1,0.875,0.8333333333333333,0.7916666666666666,0.625
Lineare Single-Cell-SVM,2,0.75,0.75,0.7083333333333333,0.5
Lineare Single-Cell-SVM,3,1.0,1.0,1.0,1.0
Lineare Single-Cell-SVM,4,0.5,0.45,0.2875,0.5
Lineare Single-Cell-SVM,5,1.0,1.0,1.0,0.75
Lineare Single-Cell-SVM,6,0.5,0.6666666666666666,0.6333333333333333,0.75
Lineare Single-Cell-SVM,7,0.625,0.7,0.6625,0.5
Lineare Single-Cell-SVM,8,0.75,0.75,0.7083333333333333,0.5
Lineare Single-Cell-SVM,9,0.625,0.5,0.3333333333333333,0.5
Lineare Single-Cell-SVM,10,0.875,0.8333333333333333,0.7916666666666666,0.5
Lineare Single-Cell-SVM,11,0.75,0.75,0.7083333333333333,0.75
Lineare Single-Cell-SVM,12,0.75,0.75,0.7083333333333333,0.75
Lineare Single-Cell-SVM,13,0.875,0.8333333333333333,0.7916666666666666,0.75
Lineare Single-Cell-SVM,14,1.0,1.0,1.0,0.5
Lineare Single-Cell-SVM,15,0.75,0.5833333333333333,0.41666666666666663,0.625
Lineare Single-Cell-SVM,16,0.5,0.6666666666666666,0.6333333333333333,0.375
Lineare Single-Cell-SVM,17,0.875,0.8333333333333333,0.7916666666666666,0.75
Lineare Single-Cell-SVM,18,1.0,1.0,1.0,0.5
Lineare Single-Cell-SVM,19,0.875,0.8333333333333333,0.7916666666666666,0.625
Lineare Single-Cell-SVM,20,0.75,0.5833333333333333,0.41666666666666663,0.375
Lineare Single-Cell-SVM,21,0.625,0.7,0.6625,0.375
Lineare Single-Cell-SVM,22,1.0,1.0,1.0,0.75
Lineare Single-Cell-SVM,23,0.875,0.8333333333333333,0.7916666666666666,0.625
Lineare Single-Cell-SVM,24,1.0,1.0,1.0,0.875
Lineare Single-Cell-SVM,25,0.75,0.75,0.7083333333333333,0.5
Lineare Single-Cell-SVM,26,0.875,0.8333333333333333,0.7916666666666666,0.875
Lineare Single-Cell-SVM,27,0.75,0.75,0.7083333333333333,0.5
Lineare Single-Cell-SVM,28,0.875,0.8333333333333333,0.7916666666666666,0.875
Lineare Single-Cell-SVM,29,0.875,0.8333333333333333,0.7916666666666666,0.5
Lineare Single-Cell-SVM,30,0.75,0.75,0.7083333333333333,0.5
Lineare Single-Cell-SVM,31,0.625,0.5,0.3333333333333333,0.375
Lineare Single-Cell-SVM,32,0.875,0.8333333333333333,0.7916666666666666,0.625
Lineare Single-Cell-SVM,33,1.0,1.0,1.0,0.5
Lineare Single-Cell-SVM,34,1.0,1.0,1.0,0.5
Lineare Single-Cell-SVM,35,0.875,0.8333333333333333,0.7916666666666666,0.75
Lineare Single-Cell-SVM,36,0.75,0.75,0.7083333333333333,0.625
Lineare Single-Cell-SVM,37,0.875,0.8333333333333333,0.7916666666666666,0.625
Lineare Single-Cell-SVM,38,1.0,1.0,1.0,0.875
Lineare Single-Cell-SVM,39,0.875,0.8333333333333333,0.7916666666666666,0.75
Lineare Single-Cell-SVM,40,0.5,0.6666666666666666,0.6333333333333333,0.5
Lineare Single-Cell-SVM,41,0.75,0.75,0.7083333333333333,0.75
Lineare Single-Cell-SVM,42,0.5,0.6666666666666666,0.6333333333333333,0.5
Lineare Single-Cell-SVM,43,1.0,1.0,1.0,0.75
Lineare Single-Cell-SVM,44,1.0,1.0,1.0,1.0
Lineare Single-Cell-SVM,45,0.875,0.8333333333333333,0.7916666666666666,0.875
Lineare Single-Cell-SVM,46,0.625,0.5,0.3333333333333333,0.5
Lineare Single-Cell-SVM,47,0.875,0.8333333333333333,0.7916666666666666,0.75
Lineare Single-Cell-SVM,48,0.75,0.75,0.7083333333333333,0.5
Lineare Single-Cell-SVM,49,0.625,0.7,0.6625,0.625
Lineare Single-Cell-SVM,50,0.75,0.75,0.7083333333333333,0.5
Lineare Single-Cell-SVM,51,1.0,1.0,1.0,0.75
Lineare Single-Cell-SVM,52,0.875,0.8333333333333333,0.7916666666666666,0.75
Lineare Single-Cell-SVM,53,0.875,0.8333333333333333,0.7916666666666666,0.5
Lineare Single-Cell-SVM,54,0.5,0.45,0.2875,0.625
Lineare Single-Cell-SVM,55,1.0,1.0,1.0,0.75
Lineare Single-Cell-SVM,56,0.75,0.75,0.7083333333333333,0.5
Lineare Single-Cell-SVM,57,0.5,0.6666666666666666,0.6333333333333333,0.5
Lineare Single-Cell-SVM,58,0.875,0.8333333333333333,0.7916666666666666,0.5
Lineare Single-Cell-SVM,59,1.0,1.0,1.0,0.5
Lineare Single-Cell-SVM,60,1.0,1.0,1.0,0.75
Lineare Single-Cell-SVM,61,0.625,0.7,0.6625,0.75
Lineare Single-Cell-SVM,62,1.0,1.0,1.0,0.75
Lineare Single-Cell-SVM,63,0.875,0.8333333333333333,0.7916666666666666,0.5
Lineare Single-Cell-SVM,64,0.875,0.8333333333333333,0.7916666666666666,0.75
Lineare Single-Cell-SVM,65,1.0,1.0,1.0,0.75
Lineare Single-Cell-SVM,66,0.125,0.29166666666666663,0.19583333333333333,0.5
Lineare Single-Cell-SVM,67,0.875,0.8333333333333333,0.7916666666666666,0.75
Lineare Single-Cell-SVM,68,1.0,1.0,1.0,0.875
Lineare Single-Cell-SVM,69,0.625,0.5,0.3333333333333333,0.5
Lineare Single-Cell-SVM,70,0.5,0.6666666666666666,0.6333333333333333,0.5
Lineare Single-Cell-SVM,71,0.625,0.7,0.6625,0.5
Lineare Single-Cell-SVM,72,1.0,1.0,1.0,0.5
Lineare Single-Cell-SVM,73,0.75,0.75,0.7083333333333333,0.625
Lineare Single-Cell-SVM,74,0.25,0.325,0.225,0.5
Lineare Single-Cell-SVM,75,0.625,0.7,0.6625,0.5
Lineare Single-Cell-SVM,76,1.0,1.0,1.0,0.625
Lineare Single-Cell-SVM,77,0.75,0.75,0.7083333333333333,0.75
Lineare Single-Cell-SVM,78,0.625,0.5,0.3333333333333333,0.5
Lineare Single-Cell-SVM,79,1.0,1.0,1.0,1.0
Lineare Single-Cell-SVM,80,0.875,0.8333333333333333,0.7916666666666666,0.625
Lineare Single-Cell-SVM,81,0.5,0.41666666666666663,0.29166666666666663,0.375
Lineare Single-Cell-SVM,82,1.0,1.0,1.0,0.625
Lineare Single-Cell-SVM,83,0.75,0.75,0.7083333333333333,0.5
Lineare Single-Cell-SVM,84,0.375,0.41666666666666663,0.2583333333333333,0.375
Lineare Single-Cell-SVM,85,0.875,0.8333333333333333,0.7916666666666666,0.75
Lineare Single-Cell-SVM,86,1.0,1.0,1.0,0.75
Lineare Single-Cell-SVM,87,0.625,0.5,0.3333333333333333,0.5
Lineare Single-Cell-SVM,88,0.75,0.5833333333333333,0.41666666666666663,0.5
Lineare Single-Cell-SVM,89,0.5,0.45,0.2875,0.625
Lineare Single-Cell-SVM,90,0.75,0.75,0.7083333333333333,0.625
Lineare Single-Cell-SVM,91,0.5,0.45,0.2875,0.5
Lineare Single-Cell-SVM,92,0.75,0.75,0.7083333333333333,0.5
Lineare Single-Cell-SVM,93,0.5,0.6666666666666666,0.6333333333333333,0.5
Lineare Single-Cell-SVM,94,0.5,0.6666666666666666,0.6333333333333333,0.25
Lineare Single-Cell-SVM,95,1.0,1.0,1.0,1.0
Lineare Single-Cell-SVM,96,1.0,1.0,1.0,0.5
Lineare Single-Cell-SVM,97,0.625,0.7,0.6625,0.625
Lineare Single-Cell-SVM,98,1.0,1.0,1.0,0.75
Lineare Single-Cell-SVM,99,0.875,0.8333333333333333,0.7916666666666666,0.75
