method,gate,run_mode,device,implementation_version,split_id,split_seed,donor_id,y_true,score,decision_threshold,y_pred,filter_count,selected_inner_fold,training_cells_per_input,training_inputs_per_donor,prediction_cells_per_input,prediction_inputs_per_donor,top_fraction
cellcnn,gated_alive,full,cuda,pytorch_materialized_v1,0,3003105692,a_002,1,0.9816826820373535,0.5,1,4,1,3000,200,20000,5,0.01
cellcnn,gated_alive,full,cuda,pytorch_materialized_v1,0,3003105692,a_004,0,0.041548972576856615,0.5,0,4,1,3000,200,20000,5,0.01
cellcnn,gated_alive,full,cuda,pytorch_materialized_v1,0,3003105692,a_006,0,0.4476304590702057,0.5,0,4,1,3000,200,20000,5,0.01
cellcnn,gated_alive,full,cuda,pytorch_materialized_v1,0,3003105692,a_1a,0,0.9159847497940063,0.5,1,4,1,3000,200,20000,5,0.01
cellcnn,gated_alive,full,cuda,pytorch_materialized_v1,0,3003105692,a_2a,0,0.1475097954273224,0.5,0,4,1,3000,200,20000,5,0.01
cellcnn,gated_alive,full,cuda,pytorch_materialized_v1,0,3003105692,a_4a,1,0.9466762900352478,0.5,1,4,1,3000,200,20000,5,0.01
cellcnn,gated_alive,full,cuda,pytorch_materialized_v1,1,976400780,a_002,1,0.9996696829795837,0.5,1,5,2,3000,200,20000,5,0.01
cellcnn,gated_alive,full,cuda,pytorch_materialized_v1,1,976400780,a_003,0,0.1538398265838623,0.5,0,5,2,3000,200,20000,5,0.01
cellcnn,gated_alive,full,cuda,pytorch_materialized_v1,1,976400780,a_004,0,0.04349193684756756,0.5,0,5,2,3000,200,20000,5,0.01
cellcnn,gated_alive,full,cuda,pytorch_materialized_v1,1,976400780,a_006,0,1.5060377222653188e-06,0.5,0,5,2,3000,200,20000,5,0.01
cellcnn,gated_alive,full,cuda,pytorch_materialized_v1,1,976400780,a_3b,0,0.00018834357179002835,0.5,0,5,2,3000,200,20000,5,0.01
cellcnn,gated_alive,full,cuda,pytorch_materialized_v1,1,976400780,a_5a,1,0.9999999046325684,0.5,1,5,2,3000,200,20000,5,0.01
cellcnn,gated_alive,full,cuda,pytorch_materialized_v1,2,3387213021,a_002,1,0.9988144159317016,0.5,1,3,2,3000,200,20000,5,0.01
cellcnn,gated_alive,full,cuda,pytorch_materialized_v1,2,3387213021,a_004,0,0.10141326636075973,0.5,0,3,2,3000,200,20000,5,0.01
cellcnn,gated_alive,full,cuda,pytorch_materialized_v1,2,3387213021,a_007,1,0.2709453791379929,0.5,0,3,2,3000,200,20000,5,0.01
cellcnn,gated_alive,full,cuda,pytorch_materialized_v1,2,3387213021,a_010,0,0.08949020057916642,0.5,0,3,2,3000,200,20000,5,0.01
cellcnn,gated_alive,full,cuda,pytorch_materialized_v1,2,3387213021,a_1a,0,0.22174229025840758,0.5,0,3,2,3000,200,20000,5,0.01
cellcnn,gated_alive,full,cuda,pytorch_materialized_v1,2,3387213021,a_3b,0,0.020589949376881123,0.5,0,3,2,3000,200,20000,5,0.01
cellcnn,gated_alive,full,cuda,pytorch_materialized_v1,3,1360466708,a_006,0,0.42149611115455626,0.5,0,3,2,3000,200,20000,5,0.01
cellcnn,gated_alive,full,cuda,pytorch_materialized_v1,3,1360466708,a_009,0,0.7021085619926453,0.5,1,3,2,3000,200,20000,5,0.01
cellcnn,gated_alive,full,cuda,pytorch_materialized_v1,3,1360466708,a_011,0,0.3505609750747681,0.5,0,3,2,3000,200,20000,5,0.01
cellcnn,gated_alive,full,cuda,pytorch_materialized_v1,3,1360466708,a_2a,0,0.10326777994632722,0.5,0,3,2,3000,200,20000,5,0.01
cellcnn,gated_alive,full,cuda,pytorch_materialized_v1,3,1360466708,a_5a,1,0.9002527117729187,0.5,1,3,2,3000,200,20000,5,0.01
cellcnn,gated_alive,full,cuda,pytorch_materialized_v1,3,1360466708,a_5b,1,0.9579690933227539,0.5,1,3,2,3000,200,20000,5,0.01
cellcnn,gated_alive,full,cuda,pytorch_materialized_v1,4,876933080,a_001,1,0.275845342874527,0.5,0,5,0,3000,200,20000,5,0.01
cellcnn,gated_alive,full,cuda,pytorch_materialized_v1,4,876933080,a_003,0,0.5270566701889038,0.5,1,5,0,3000,200,20000,5,0.01
cellcnn,gated_alive,full,cuda,pytorch_materialized_v1,4,876933080,a_010,0,0.0016115542384795845,0.5,0,5,0,3000,200,20000,5,0.01
cellcnn,gated_alive,full,cuda,pytorch_materialized_v1,4,876933080,a_011,0,0.05168466493487358,0.5,0,5,0,3000,200,20000,5,0.01
cellcnn,gated_alive,full,cuda,pytorch_materialized_v1,4,876933080,a_2a,0,0.0003530128509737551,0.5,0,5,0,3000,200,20000,5,0.01
cellcnn,gated_alive,full,cuda,pytorch_materialized_v1,4,876933080,a_4b,1,0.916966688632965,0.5,1,5,0,3000,200,20000,5,0.01
cellcnn,gated_alive,full,cuda,pytorch_materialized_v1,5,3424658561,a_003,0,0.8237543940544129,0.5,1,3,0,3000,200,20000,5,0.01
cellcnn,gated_alive,full,cuda,pytorch_materialized_v1,5,3424658561,a_011,0,0.4936551690101624,0.5,0,3,0,3000,200,20000,5,0.01
cellcnn,gated_alive,full,cuda,pytorch_materialized_v1,5,3424658561,a_2b,0,0.04263563677668571,0.5,0,3,0,3000,200,20000,5,0.01
cellcnn,gated_alive,full,cuda,pytorch_materialized_v1,5,3424658561,a_3b,0,0.08126061111688614,0.5,0,3,0,3000,200,20000,5,0.01
cellcnn,gated_alive,full,cuda,pytorch_materialized_v1,5,3424658561,a_5a,1,0.9774990081787109,0.5,1,3,0,3000,200,20000,5,0.01
cellcnn,gated_alive,full,cuda,pytorch_materialized_v1,5,3424658561,a_5b,1,0.990396010875702,0.5,1,3,0,3000,200,20000,5,0.01
cellcnn,gated_alive,full,cuda,pytorch_materialized_v1,6,2760304911,a_001,1,0.14022229462862015,0.5,0,5,2,3000,200,20000,5,0.01
cellcnn,gated_alive,full,cuda,pytorch_materialized_v1,6,2760304911,a_003,0,0.21167412102222444,0.5,0,5,2,3000,200,20000,5,0.01
cellcnn,gated_alive,full,cuda,pytorch_materialized_v1,6,2760304911,a_1a,0,0.6833547949790955,0.5,1,5,2,3000,200,20000,5,0.01
cellcnn,gated_alive,full,cuda,pytorch_materialized_v1,6,2760304911,a_2a,0,0.08802476301789283,0.5,0,5,2,3000,200,20000,5,0.01
cellcnn,gated_alive,full,cuda,pytorch_materialized_v1,6,2760304911,a_2b,0,0.29635943174362184,0.5,0,5,2,3000,200,20000,5,0.01
cellcnn,gated_alive,full,cuda,pytorch_materialized_v1,6,2760304911,a_5a,1,0.9999998807907104,0.5,1,5,2,3000,200,20000,5,0.01
cellcnn,gated_alive,full,cuda,pytorch_materialized_v1,7,2904491693,a_002,1,0.8812521934509278,0.5,1,5,0,3000,200,20000,5,0.01
cellcnn,gated_alive,full,cuda,pytorch_materialized_v1,7,2904491693,a_004,0,0.032786792144179344,0.5,0,5,0,3000,200,20000,5,0.01
cellcnn,gated_alive,full,cuda,pytorch_materialized_v1,7,2904491693,a_010,0,0.5880375862121582,0.5,1,5,0,3000,200,20000,5,0.01
cellcnn,gated_alive,full,cuda,pytorch_materialized_v1,7,2904491693,a_012,1,0.18499893546104432,0.5,0,5,0,3000,200,20000,5,0.01
cellcnn,gated_alive,full,cuda,pytorch_materialized_v1,7,2904491693,a_1a,0,0.6332704067230225,0.5,1,5,0,3000,200,20000,5,0.01
cellcnn,gated_alive,full,cuda,pytorch_materialized_v1,7,2904491693,a_2a,0,0.1566957041621208,0.5,0,5,0,3000,200,20000,5,0.01
cellcnn,gated_alive,full,cuda,pytorch_materialized_v1,8,4245388044,a_001,1,0.3578058183193207,0.5,0,4,1,3000,200,20000,5,0.01
cellcnn,gated_alive,full,cuda,pytorch_materialized_v1,8,4245388044,a_006,0,0.8682433128356933,0.5,1,4,1,3000,200,20000,5,0.01
cellcnn,gated_alive,full,cuda,pytorch_materialized_v1,8,4245388044,a_010,0,0.47397054433822633,0.5,0,4,1,3000,200,20000,5,0.01
cellcnn,gated_alive,full,cuda,pytorch_materialized_v1,8,4245388044,a_2a,0,0.3968009173870087,0.5,0,4,1,3000,200,20000,5,0.01
cellcnn,gated_alive,full,cuda,pytorch_materialized_v1,8,4245388044,a_2b,0,0.7098098635673523,0.5,1,4,1,3000,200,20000,5,0.01
cellcnn,gated_alive,full,cuda,pytorch_materialized_v1,8,4245388044,a_5a,1,0.9958182811737061,0.5,1,4,1,3000,200,20000,5,0.01
cellcnn,gated_alive,full,cuda,pytorch_materialized_v1,9,1679802727,a_003,0,0.17656689286231994,0.5,0,3,2,3000,200,20000,5,0.01
cellcnn,gated_alive,full,cuda,pytorch_materialized_v1,9,1679802727,a_007,1,0.6678324222564698,0.5,1,3,2,3000,200,20000,5,0.01
cellcnn,gated_alive,full,cuda,pytorch_materialized_v1,9,1679802727,a_011,0,0.17158235609531403,0.5,0,3,2,3000,200,20000,5,0.01
cellcnn,gated_alive,full,cuda,pytorch_materialized_v1,9,1679802727,a_2b,0,0.008708104398101569,0.5,0,3,2,3000,200,20000,5,0.01
cellcnn,gated_alive,full,cuda,pytorch_materialized_v1,9,1679802727,a_3a,0,0.0041971088387072085,0.5,0,3,2,3000,200,20000,5,0.01
cellcnn,gated_alive,full,cuda,pytorch_materialized_v1,9,1679802727,a_4b,1,0.29729363322257996,0.5,0,3,2,3000,200,20000,5,0.01
cellcnn,gated_alive,full,cuda,pytorch_materialized_v1,10,3605303106,a_002,1,0.4622579276561737,0.5,0,5,0,3000,200,20000,5,0.01
cellcnn,gated_alive,full,cuda,pytorch_materialized_v1,10,3605303106,a_003,0,0.46449817419052125,0.5,0,5,0,3000,200,20000,5,0.01
cellcnn,gated_alive,full,cuda,pytorch_materialized_v1,10,3605303106,a_007,1,0.48312469124794005,0.5,0,5,0,3000,200,20000,5,0.01
cellcnn,gated_alive,full,cuda,pytorch_materialized_v1,10,3605303106,a_009,0,0.40843396782875063,0.5,0,5,0,3000,200,20000,5,0.01
cellcnn,gated_alive,full,cuda,pytorch_materialized_v1,10,3605303106,a_010,0,0.2063946783542633,0.5,0,5,0,3000,200,20000,5,0.01
cellcnn,gated_alive,full,cuda,pytorch_materialized_v1,10,3605303106,a_2a,0,0.24552066922187804,0.5,0,5,0,3000,200,20000,5,0.01
cellcnn,gated_alive,full,cuda,pytorch_materialized_v1,11,1429424934,a_002,1,0.9390243649482727,0.5,1,5,2,3000,200,20000,5,0.01
cellcnn,gated_alive,full,cuda,pytorch_materialized_v1,11,1429424934,a_003,0,0.11073520183563232,0.5,0,5,2,3000,200,20000,5,0.01
cellcnn,gated_alive,full,cuda,pytorch_materialized_v1,11,1429424934,a_006,0,0.05572748929262161,0.5,0,5,2,3000,200,20000,5,0.01
cellcnn,gated_alive,full,cuda,pytorch_materialized_v1,11,1429424934,a_010,0,0.33535702228546144,0.5,0,5,2,3000,200,20000,5,0.01
cellcnn,gated_alive,full,cuda,pytorch_materialized_v1,11,1429424934,a_011,0,0.062058371305465695,0.5,0,5,2,3000,200,20000,5,0.01
cellcnn,gated_alive,full,cuda,pytorch_materialized_v1,11,1429424934,a_012,1,0.24745331704616547,0.5,0,5,2,3000,200,20000,5,0.01
cellcnn,gated_alive,full,cuda,pytorch_materialized_v1,12,2437408156,a_001,1,0.002384352474473417,0.5,0,5,2,3000,200,20000,5,0.01
cellcnn,gated_alive,full,cuda,pytorch_materialized_v1,12,2437408156,a_003,0,0.9990299582481384,0.5,1,5,2,3000,200,20000,5,0.01
cellcnn,gated_alive,full,cuda,pytorch_materialized_v1,12,2437408156,a_004,0,0.00023802052601240575,0.5,0,5,2,3000,200,20000,5,0.01
cellcnn,gated_alive,full,cuda,pytorch_materialized_v1,12,2437408156,a_006,0,0.9896556735038757,0.5,1,5,2,3000,200,20000,5,0.01
cellcnn,gated_alive,full,cuda,pytorch_materialized_v1,12,2437408156,a_3a,0,0.0005436211475171148,0.5,0,5,2,3000,200,20000,5,0.01
cellcnn,gated_alive,full,cuda,pytorch_materialized_v1,12,2437408156,a_4a,1,0.999995493888855,0.5,1,5,2,3000,200,20000,5,0.01
cellcnn,gated_alive,full,cuda,pytorch_materialized_v1,13,2569716528,a_004,0,7.529392532887869e-05,0.5,0,5,2,3000,200,20000,5,0.01
cellcnn,gated_alive,full,cuda,pytorch_materialized_v1,13,2569716528,a_009,0,0.7545196533203125,0.5,1,5,2,3000,200,20000,5,0.01
cellcnn,gated_alive,full,cuda,pytorch_materialized_v1,13,2569716528,a_1a,0,0.9524190068244934,0.5,1,5,2,3000,200,20000,5,0.01
cellcnn,gated_alive,full,cuda,pytorch_materialized_v1,13,2569716528,a_3b,0,0.0002473513261065818,0.5,0,5,2,3000,200,20000,5,0.01
cellcnn,gated_alive,full,cuda,pytorch_materialized_v1,13,2569716528,a_4b,1,0.952481460571289,0.5,1,5,2,3000,200,20000,5,0.01
cellcnn,gated_alive,full,cuda,pytorch_materialized_v1,13,2569716528,a_5a,1,0.9999980926513672,0.5,1,5,2,3000,200,20000,5,0.01
cellcnn,gated_alive,full,cuda,pytorch_materialized_v1,14,915442270,a_005,1,0.9760107278823853,0.5,1,5,0,3000,200,20000,5,0.01
cellcnn,gated_alive,full,cuda,pytorch_materialized_v1,14,915442270,a_010,0,0.30045113563537595,0.5,0,5,0,3000,200,20000,5,0.01
cellcnn,gated_alive,full,cuda,pytorch_materialized_v1,14,915442270,a_2a,0,0.6040706992149353,0.5,1,5,0,3000,200,20000,5,0.01
cellcnn,gated_alive,full,cuda,pytorch_materialized_v1,14,915442270,a_3a,0,0.2651671230792999,0.5,0,5,0,3000,200,20000,5,0.01
cellcnn,gated_alive,full,cuda,pytorch_materialized_v1,14,915442270,a_3b,0,0.20623876750469208,0.5,0,5,0,3000,200,20000,5,0.01
cellcnn,gated_alive,full,cuda,pytorch_materialized_v1,14,915442270,a_5a,1,0.9841695785522461,0.5,1,5,0,3000,200,20000,5,0.01
cellcnn,gated_alive,full,cuda,pytorch_materialized_v1,15,802017219,a_002,1,0.39712164998054506,0.5,0,3,0,3000,200,20000,5,0.01
cellcnn,gated_alive,full,cuda,pytorch_materialized_v1,15,802017219,a_003,0,0.6343780994415283,0.5,1,3,0,3000,200,20000,5,0.01
cellcnn,gated_alive,full,cuda,pytorch_materialized_v1,15,802017219,a_011,0,0.016911184415221214,0.5,0,3,0,3000,200,20000,5,0.01
cellcnn,gated_alive,full,cuda,pytorch_materialized_v1,15,802017219,a_1a,0,0.9893089175224304,0.5,1,3,0,3000,200,20000,5,0.01
cellcnn,gated_alive,full,cuda,pytorch_materialized_v1,15,802017219,a_3a,0,0.0011372726876288652,0.5,0,3,0,3000,200,20000,5,0.01
cellcnn,gated_alive,full,cuda,pytorch_materialized_v1,15,802017219,a_4b,1,0.9892418622970581,0.5,1,3,0,3000,200,20000,5,0.01
cellcnn,gated_alive,full,cuda,pytorch_materialized_v1,16,984129068,a_003,0,0.16149260699748993,0.5,0,5,0,3000,200,20000,5,0.01
cellcnn,gated_alive,full,cuda,pytorch_materialized_v1,16,984129068,a_006,0,0.46028956174850466,0.5,0,5,0,3000,200,20000,5,0.01
cellcnn,gated_alive,full,cuda,pytorch_materialized_v1,16,984129068,a_012,1,0.3945717692375183,0.5,0,5,0,3000,200,20000,5,0.01
cellcnn,gated_alive,full,cuda,pytorch_materialized_v1,16,984129068,a_2a,0,0.505621862411499,0.5,1,5,0,3000,200,20000,5,0.01
cellcnn,gated_alive,full,cuda,pytorch_materialized_v1,16,984129068,a_2b,0,0.7350229382514953,0.5,1,5,0,3000,200,20000,5,0.01
cellcnn,gated_alive,full,cuda,pytorch_materialized_v1,16,984129068,a_5a,1,0.9739525198936463,0.5,1,5,0,3000,200,20000,5,0.01
cellcnn,gated_alive,full,cuda,pytorch_materialized_v1,17,2889465206,a_004,0,0.5169163584709168,0.5,1,5,0,3000,200,20000,5,0.01
cellcnn,gated_alive,full,cuda,pytorch_materialized_v1,17,2889465206,a_007,1,0.38630465865135194,0.5,0,5,0,3000,200,20000,5,0.01
cellcnn,gated_alive,full,cuda,pytorch_materialized_v1,17,2889465206,a_009,0,0.31308949589729307,0.5,0,5,0,3000,200,20000,5,0.01
cellcnn,gated_alive,full,cuda,pytorch_materialized_v1,17,2889465206,a_011,0,0.5034077167510986,0.5,1,5,0,3000,200,20000,5,0.01
cellcnn,gated_alive,full,cuda,pytorch_materialized_v1,17,2889465206,a_2a,0,0.4408757507801056,0.5,0,5,0,3000,200,20000,5,0.01
cellcnn,gated_alive,full,cuda,pytorch_materialized_v1,17,2889465206,a_4a,1,0.6032723426818848,0.5,1,5,0,3000,200,20000,5,0.01
cellcnn,gated_alive,full,cuda,pytorch_materialized_v1,18,2634853374,a_003,0,0.5606051027774811,0.5,1,4,2,3000,200,20000,5,0.01
cellcnn,gated_alive,full,cuda,pytorch_materialized_v1,18,2634853374,a_004,0,0.004167066980153322,0.5,0,4,2,3000,200,20000,5,0.01
cellcnn,gated_alive,full,cuda,pytorch_materialized_v1,18,2634853374,a_005,1,0.9996002435684204,0.5,1,4,2,3000,200,20000,5,0.01
cellcnn,gated_alive,full,cuda,pytorch_materialized_v1,18,2634853374,a_1a,0,0.9268409609794617,0.5,1,4,2,3000,200,20000,5,0.01
cellcnn,gated_alive,full,cuda,pytorch_materialized_v1,18,2634853374,a_3a,0,0.0023844989715144037,0.5,0,4,2,3000,200,20000,5,0.01
cellcnn,gated_alive,full,cuda,pytorch_materialized_v1,18,2634853374,a_4a,1,0.9988706588745118,0.5,1,4,2,3000,200,20000,5,0.01
cellcnn,gated_alive,full,cuda,pytorch_materialized_v1,19,4045012504,a_003,0,0.9168408513069153,0.5,1,5,1,3000,200,20000,5,0.01
cellcnn,gated_alive,full,cuda,pytorch_materialized_v1,19,4045012504,a_005,1,0.9655341029167175,0.5,1,5,1,3000,200,20000,5,0.01
cellcnn,gated_alive,full,cuda,pytorch_materialized_v1,19,4045012504,a_006,0,0.9034847974777221,0.5,1,5,1,3000,200,20000,5,0.01
cellcnn,gated_alive,full,cuda,pytorch_materialized_v1,19,4045012504,a_2a,0,0.24841114580631257,0.5,0,5,1,3000,200,20000,5,0.01
cellcnn,gated_alive,full,cuda,pytorch_materialized_v1,19,4045012504,a_2b,0,0.2434791535139084,0.5,0,5,1,3000,200,20000,5,0.01
cellcnn,gated_alive,full,cuda,pytorch_materialized_v1,19,4045012504,a_4b,1,0.21240234375,0.5,0,5,1,3000,200,20000,5,0.01
cellcnn,gated_alive,full,cuda,pytorch_materialized_v1,20,3032918238,a_002,1,0.3049350380897522,0.5,0,5,2,3000,200,20000,5,0.01
cellcnn,gated_alive,full,cuda,pytorch_materialized_v1,20,3032918238,a_003,0,0.45265765190124513,0.5,0,5,2,3000,200,20000,5,0.01
cellcnn,gated_alive,full,cuda,pytorch_materialized_v1,20,3032918238,a_009,0,0.8842109799385071,0.5,1,5,2,3000,200,20000,5,0.01
cellcnn,gated_alive,full,cuda,pytorch_materialized_v1,20,3032918238,a_011,0,0.05273879766464233,0.5,0,5,2,3000,200,20000,5,0.01
cellcnn,gated_alive,full,cuda,pytorch_materialized_v1,20,3032918238,a_012,1,0.9281176805496216,0.5,1,5,2,3000,200,20000,5,0.01
cellcnn,gated_alive,full,cuda,pytorch_materialized_v1,20,3032918238,a_2b,0,0.0033465317450463773,0.5,0,5,2,3000,200,20000,5,0.01
cellcnn,gated_alive,full,cuda,pytorch_materialized_v1,21,1066207224,a_006,0,0.7614438533782959,0.5,1,4,0,3000,200,20000,5,0.01
cellcnn,gated_alive,full,cuda,pytorch_materialized_v1,21,1066207224,a_009,0,0.6840304017066956,0.5,1,4,0,3000,200,20000,5,0.01
cellcnn,gated_alive,full,cuda,pytorch_materialized_v1,21,1066207224,a_010,0,0.5590181469917297,0.5,1,4,0,3000,200,20000,5,0.01
cellcnn,gated_alive,full,cuda,pytorch_materialized_v1,21,1066207224,a_012,1,0.07457902655005455,0.5,0,4,0,3000,200,20000,5,0.01
cellcnn,gated_alive,full,cuda,pytorch_materialized_v1,21,1066207224,a_3a,0,2.854637295968132e-05,0.5,0,4,0,3000,200,20000,5,0.01
cellcnn,gated_alive,full,cuda,pytorch_materialized_v1,21,1066207224,a_5a,1,0.9931337475776673,0.5,1,4,0,3000,200,20000,5,0.01
cellcnn,gated_alive,full,cuda,pytorch_materialized_v1,22,3929519758,a_004,0,0.5214114904403686,0.5,1,4,0,3000,200,20000,5,0.01
cellcnn,gated_alive,full,cuda,pytorch_materialized_v1,22,3929519758,a_005,1,0.7334558844566346,0.5,1,4,0,3000,200,20000,5,0.01
cellcnn,gated_alive,full,cuda,pytorch_materialized_v1,22,3929519758,a_010,0,0.5295513987541198,0.5,1,4,0,3000,200,20000,5,0.01
cellcnn,gated_alive,full,cuda,pytorch_materialized_v1,22,3929519758,a_2a,0,0.33398555517196654,0.5,0,4,0,3000,200,20000,5,0.01
cellcnn,gated_alive,full,cuda,pytorch_materialized_v1,22,3929519758,a_3b,0,0.2098942667245865,0.5,0,4,0,3000,200,20000,5,0.01
cellcnn,gated_alive,full,cuda,pytorch_materialized_v1,22,3929519758,a_4a,1,0.23039395213127137,0.5,0,4,0,3000,200,20000,5,0.01
cellcnn,gated_alive,full,cuda,pytorch_materialized_v1,23,4075413513,a_007,1,0.11767050623893738,0.5,0,5,0,3000,200,20000,5,0.01
cellcnn,gated_alive,full,cuda,pytorch_materialized_v1,23,4075413513,a_009,0,0.41115187406539916,0.5,0,5,0,3000,200,20000,5,0.01
cellcnn,gated_alive,full,cuda,pytorch_materialized_v1,23,4075413513,a_010,0,0.9457186579704284,0.5,1,5,0,3000,200,20000,5,0.01
cellcnn,gated_alive,full,cuda,pytorch_materialized_v1,23,4075413513,a_011,0,0.20801724195480348,0.5,0,5,0,3000,200,20000,5,0.01
cellcnn,gated_alive,full,cuda,pytorch_materialized_v1,23,4075413513,a_2a,0,0.05464285500347614,0.5,0,5,0,3000,200,20000,5,0.01
cellcnn,gated_alive,full,cuda,pytorch_materialized_v1,23,4075413513,a_5b,1,0.999466061592102,0.5,1,5,0,3000,200,20000,5,0.01
cellcnn,gated_alive,full,cuda,pytorch_materialized_v1,24,3145778132,a_003,0,0.7818746924400329,0.5,1,5,0,3000,200,20000,5,0.01
cellcnn,gated_alive,full,cuda,pytorch_materialized_v1,24,3145778132,a_004,0,0.0001103510003304109,0.5,0,5,0,3000,200,20000,5,0.01
cellcnn,gated_alive,full,cuda,pytorch_materialized_v1,24,3145778132,a_2a,0,0.014255384169518947,0.5,0,5,0,3000,200,20000,5,0.01
cellcnn,gated_alive,full,cuda,pytorch_materialized_v1,24,3145778132,a_3a,0,3.4888022923951214e-07,0.5,0,5,0,3000,200,20000,5,0.01
cellcnn,gated_alive,full,cuda,pytorch_materialized_v1,24,3145778132,a_4a,1,0.9999941825866699,0.5,1,5,0,3000,200,20000,5,0.01
cellcnn,gated_alive,full,cuda,pytorch_materialized_v1,24,3145778132,a_5b,1,0.9999998092651368,0.5,1,5,0,3000,200,20000,5,0.01
cellcnn,gated_alive,full,cuda,pytorch_materialized_v1,25,2865763038,a_007,1,0.5551805257797241,0.5,1,3,2,3000,200,20000,5,0.01
cellcnn,gated_alive,full,cuda,pytorch_materialized_v1,25,2865763038,a_011,0,0.13627412915229797,0.5,0,3,2,3000,200,20000,5,0.01
cellcnn,gated_alive,full,cuda,pytorch_materialized_v1,25,2865763038,a_1a,0,0.8318556666374206,0.5,1,3,2,3000,200,20000,5,0.01
cellcnn,gated_alive,full,cuda,pytorch_materialized_v1,25,2865763038,a_2b,0,0.00020309040701249614,0.5,0,3,2,3000,200,20000,5,0.01
cellcnn,gated_alive,full,cuda,pytorch_materialized_v1,25,2865763038,a_3b,0,0.04442073069512844,0.5,0,3,2,3000,200,20000,5,0.01
cellcnn,gated_alive,full,cuda,pytorch_materialized_v1,25,2865763038,a_4b,1,0.9900717496871948,0.5,1,3,2,3000,200,20000,5,0.01
cellcnn,gated_alive,full,cuda,pytorch_materialized_v1,26,561033802,a_003,0,0.5575819849967957,0.5,1,4,2,3000,200,20000,5,0.01
cellcnn,gated_alive,full,cuda,pytorch_materialized_v1,26,561033802,a_004,0,0.20994594991207122,0.5,0,4,2,3000,200,20000,5,0.01
cellcnn,gated_alive,full,cuda,pytorch_materialized_v1,26,561033802,a_007,1,0.34605149626731874,0.5,0,4,2,3000,200,20000,5,0.01
cellcnn,gated_alive,full,cuda,pytorch_materialized_v1,26,561033802,a_010,0,0.2492175281047821,0.5,0,4,2,3000,200,20000,5,0.01
cellcnn,gated_alive,full,cuda,pytorch_materialized_v1,26,561033802,a_3b,0,0.10604241490364075,0.5,0,4,2,3000,200,20000,5,0.01
cellcnn,gated_alive,full,cuda,pytorch_materialized_v1,26,561033802,a_4a,1,0.8086096405982971,0.5,1,4,2,3000,200,20000,5,0.01
cellcnn,gated_alive,full,cuda,pytorch_materialized_v1,27,411878496,a_001,1,0.43445605635643003,0.5,0,5,2,3000,200,20000,5,0.01
cellcnn,gated_alive,full,cuda,pytorch_materialized_v1,27,411878496,a_006,0,0.7695097923278809,0.5,1,5,2,3000,200,20000,5,0.01
cellcnn,gated_alive,full,cuda,pytorch_materialized_v1,27,411878496,a_011,0,0.17248131036758424,0.5,0,5,2,3000,200,20000,5,0.01
cellcnn,gated_alive,full,cuda,pytorch_materialized_v1,27,411878496,a_2b,0,0.6913366675376892,0.5,1,5,2,3000,200,20000,5,0.01
cellcnn,gated_alive,full,cuda,pytorch_materialized_v1,27,411878496,a_3a,0,0.14369791150093078,0.5,0,5,2,3000,200,20000,5,0.01
cellcnn,gated_alive,full,cuda,pytorch_materialized_v1,27,411878496,a_5b,1,0.9629292607307434,0.5,1,5,2,3000,200,20000,5,0.01
cellcnn,gated_alive,full,cuda,pytorch_materialized_v1,28,1143809828,a_003,0,0.23820942789316177,0.5,0,5,0,3000,200,20000,5,0.01
cellcnn,gated_alive,full,cuda,pytorch_materialized_v1,28,1143809828,a_004,0,0.524778550863266,0.5,1,5,0,3000,200,20000,5,0.01
cellcnn,gated_alive,full,cuda,pytorch_materialized_v1,28,1143809828,a_3a,0,1.0602898186107268e-07,0.5,0,5,0,3000,200,20000,5,0.01
cellcnn,gated_alive,full,cuda,pytorch_materialized_v1,28,1143809828,a_3b,0,8.862768590915948e-05,0.5,0,5,0,3000,200,20000,5,0.01
cellcnn,gated_alive,full,cuda,pytorch_materialized_v1,28,1143809828,a_4b,1,0.9308001756668091,0.5,1,5,0,3000,200,20000,5,0.01
cellcnn,gated_alive,full,cuda,pytorch_materialized_v1,28,1143809828,a_5b,1,0.9999999761581421,0.5,1,5,0,3000,200,20000,5,0.01
cellcnn,gated_alive,full,cuda,pytorch_materialized_v1,29,1897686915,a_004,0,0.0012211187044158579,0.5,0,3,2,3000,200,20000,5,0.01
cellcnn,gated_alive,full,cuda,pytorch_materialized_v1,29,1897686915,a_009,0,0.020628853514790536,0.5,0,3,2,3000,200,20000,5,0.01
cellcnn,gated_alive,full,cuda,pytorch_materialized_v1,29,1897686915,a_012,1,0.9629047751426697,0.5,1,3,2,3000,200,20000,5,0.01
cellcnn,gated_alive,full,cuda,pytorch_materialized_v1,29,1897686915,a_2b,0,0.10047930553555488,0.5,0,3,2,3000,200,20000,5,0.01
cellcnn,gated_alive,full,cuda,pytorch_materialized_v1,29,1897686915,a_3b,0,6.152780360935139e-06,0.5,0,3,2,3000,200,20000,5,0.01
cellcnn,gated_alive,full,cuda,pytorch_materialized_v1,29,1897686915,a_5b,1,0.9999999046325684,0.5,1,3,2,3000,200,20000,5,0.01
cellcnn,gated_alive,full,cuda,pytorch_materialized_v1,30,310984977,a_004,0,0.05907300934195518,0.5,0,3,2,3000,200,20000,5,0.01
cellcnn,gated_alive,full,cuda,pytorch_materialized_v1,30,310984977,a_005,1,0.9245575308799744,0.5,1,3,2,3000,200,20000,5,0.01
cellcnn,gated_alive,full,cuda,pytorch_materialized_v1,30,310984977,a_007,1,0.2698811203241348,0.5,0,3,2,3000,200,20000,5,0.01
cellcnn,gated_alive,full,cuda,pytorch_materialized_v1,30,310984977,a_1a,0,0.47451844811439514,0.5,0,3,2,3000,200,20000,5,0.01
cellcnn,gated_alive,full,cuda,pytorch_materialized_v1,30,310984977,a_2b,0,0.2537557899951935,0.5,0,3,2,3000,200,20000,5,0.01
cellcnn,gated_alive,full,cuda,pytorch_materialized_v1,30,310984977,a_3a,0,0.1120261088013649,0.5,0,3,2,3000,200,20000,5,0.01
cellcnn,gated_alive,full,cuda,pytorch_materialized_v1,31,3807402261,a_001,1,0.031203804537653923,0.5,0,3,0,3000,200,20000,5,0.01
cellcnn,gated_alive,full,cuda,pytorch_materialized_v1,31,3807402261,a_003,0,0.00869563091546297,0.5,0,3,0,3000,200,20000,5,0.01
cellcnn,gated_alive,full,cuda,pytorch_materialized_v1,31,3807402261,a_004,0,0.0001700193781289272,0.5,0,3,0,3000,200,20000,5,0.01
cellcnn,gated_alive,full,cuda,pytorch_materialized_v1,31,3807402261,a_007,1,0.1310408115386963,0.5,0,3,0,3000,200,20000,5,0.01
cellcnn,gated_alive,full,cuda,pytorch_materialized_v1,31,3807402261,a_010,0,0.002550541772507131,0.5,0,3,0,3000,200,20000,5,0.01
cellcnn,gated_alive,full,cuda,pytorch_materialized_v1,31,3807402261,a_1a,0,0.08073240518569946,0.5,0,3,0,3000,200,20000,5,0.01
cellcnn,gated_alive,full,cuda,pytorch_materialized_v1,32,2035922533,a_003,0,0.688348388671875,0.5,1,4,1,3000,200,20000,5,0.01
cellcnn,gated_alive,full,cuda,pytorch_materialized_v1,32,2035922533,a_009,0,0.6279666781425476,0.5,1,4,1,3000,200,20000,5,0.01
cellcnn,gated_alive,full,cuda,pytorch_materialized_v1,32,2035922533,a_011,0,0.06379935890436172,0.5,0,4,1,3000,200,20000,5,0.01
cellcnn,gated_alive,full,cuda,pytorch_materialized_v1,32,2035922533,a_012,1,0.9544173359870911,0.5,1,4,1,3000,200,20000,5,0.01
cellcnn,gated_alive,full,cuda,pytorch_materialized_v1,32,2035922533,a_3a,0,0.00022826281492598354,0.5,0,4,1,3000,200,20000,5,0.01
cellcnn,gated_alive,full,cuda,pytorch_materialized_v1,32,2035922533,a_4a,1,0.9941287279129029,0.5,1,4,1,3000,200,20000,5,0.01
cellcnn,gated_alive,full,cuda,pytorch_materialized_v1,33,2995539971,a_007,1,0.16620667576789855,0.5,0,3,2,3000,200,20000,5,0.01
cellcnn,gated_alive,full,cuda,pytorch_materialized_v1,33,2995539971,a_009,0,0.2656483292579651,0.5,0,3,2,3000,200,20000,5,0.01
cellcnn,gated_alive,full,cuda,pytorch_materialized_v1,33,2995539971,a_011,0,0.22117227613925933,0.5,0,3,2,3000,200,20000,5,0.01
cellcnn,gated_alive,full,cuda,pytorch_materialized_v1,33,2995539971,a_2b,0,0.09993301331996918,0.5,0,3,2,3000,200,20000,5,0.01
cellcnn,gated_alive,full,cuda,pytorch_materialized_v1,33,2995539971,a_3a,0,0.10160983204841614,0.5,0,3,2,3000,200,20000,5,0.01
cellcnn,gated_alive,full,cuda,pytorch_materialized_v1,33,2995539971,a_4b,1,0.6700655579566955,0.5,1,3,2,3000,200,20000,5,0.01
cellcnn,gated_alive,full,cuda,pytorch_materialized_v1,34,913046978,a_005,1,0.7132165551185607,0.5,1,3,2,3000,200,20000,5,0.01
cellcnn,gated_alive,full,cuda,pytorch_materialized_v1,34,913046978,a_009,0,0.8162387847900391,0.5,1,3,2,3000,200,20000,5,0.01
cellcnn,gated_alive,full,cuda,pytorch_materialized_v1,34,913046978,a_010,0,0.5508806705474854,0.5,1,3,2,3000,200,20000,5,0.01
cellcnn,gated_alive,full,cuda,pytorch_materialized_v1,34,913046978,a_011,0,0.03780633583664894,0.5,0,3,2,3000,200,20000,5,0.01
cellcnn,gated_alive,full,cuda,pytorch_materialized_v1,34,913046978,a_2a,0,0.13252247720956803,0.5,0,3,2,3000,200,20000,5,0.01
cellcnn,gated_alive,full,cuda,pytorch_materialized_v1,34,913046978,a_5a,1,0.9298437714576722,0.5,1,3,2,3000,200,20000,5,0.01
cellcnn,gated_alive,full,cuda,pytorch_materialized_v1,35,1402190273,a_004,0,0.021736551076173782,0.5,0,5,1,3000,200,20000,5,0.01
cellcnn,gated_alive,full,cuda,pytorch_materialized_v1,35,1402190273,a_009,0,0.5339282870292663,0.5,1,5,1,3000,200,20000,5,0.01
cellcnn,gated_alive,full,cuda,pytorch_materialized_v1,35,1402190273,a_012,1,0.2650230497121811,0.5,0,5,1,3000,200,20000,5,0.01
cellcnn,gated_alive,full,cuda,pytorch_materialized_v1,35,1402190273,a_2b,0,0.0401441752910614,0.5,0,5,1,3000,200,20000,5,0.01
cellcnn,gated_alive,full,cuda,pytorch_materialized_v1,35,1402190273,a_3a,0,0.0026966830249875785,0.5,0,5,1,3000,200,20000,5,0.01
cellcnn,gated_alive,full,cuda,pytorch_materialized_v1,35,1402190273,a_5b,1,0.9978817582130433,0.5,1,5,1,3000,200,20000,5,0.01
cellcnn,gated_alive,full,cuda,pytorch_materialized_v1,36,498139153,a_003,0,0.08328751102089882,0.5,0,5,2,3000,200,20000,5,0.01
cellcnn,gated_alive,full,cuda,pytorch_materialized_v1,36,498139153,a_009,0,0.9277788877487183,0.5,1,5,2,3000,200,20000,5,0.01
cellcnn,gated_alive,full,cuda,pytorch_materialized_v1,36,498139153,a_011,0,0.002604130282998085,0.5,0,5,2,3000,200,20000,5,0.01
cellcnn,gated_alive,full,cuda,pytorch_materialized_v1,36,498139153,a_3a,0,6.631850192206912e-05,0.5,0,5,2,3000,200,20000,5,0.01
cellcnn,gated_alive,full,cuda,pytorch_materialized_v1,36,498139153,a_4b,1,0.592919921875,0.5,1,5,2,3000,200,20000,5,0.01
cellcnn,gated_alive,full,cuda,pytorch_materialized_v1,36,498139153,a_5b,1,0.999647319316864,0.5,1,5,2,3000,200,20000,5,0.01
cellcnn,gated_alive,full,cuda,pytorch_materialized_v1,37,3152197458,a_004,0,0.042876575887203214,0.5,0,5,0,3000,200,20000,5,0.01
cellcnn,gated_alive,full,cuda,pytorch_materialized_v1,37,3152197458,a_007,1,0.4801727533340454,0.5,0,5,0,3000,200,20000,5,0.01
cellcnn,gated_alive,full,cuda,pytorch_materialized_v1,37,3152197458,a_011,0,0.060954924672842026,0.5,0,5,0,3000,200,20000,5,0.01
cellcnn,gated_alive,full,cuda,pytorch_materialized_v1,37,3152197458,a_2a,0,0.1491745963692665,0.5,0,5,0,3000,200,20000,5,0.01
cellcnn,gated_alive,full,cuda,pytorch_materialized_v1,37,3152197458,a_2b,0,0.05518181249499321,0.5,0,5,0,3000,200,20000,5,0.01
cellcnn,gated_alive,full,cuda,pytorch_materialized_v1,37,3152197458,a_4a,1,0.9833422899246216,0.5,1,5,0,3000,200,20000,5,0.01
cellcnn,gated_alive,full,cuda,pytorch_materialized_v1,38,3325497001,a_002,1,0.00026994214567821473,0.5,0,5,2,3000,200,20000,5,0.01
cellcnn,gated_alive,full,cuda,pytorch_materialized_v1,38,3325497001,a_004,0,0.001031481078825891,0.5,0,5,2,3000,200,20000,5,0.01
cellcnn,gated_alive,full,cuda,pytorch_materialized_v1,38,3325497001,a_006,0,0.0024797625839710234,0.5,0,5,2,3000,200,20000,5,0.01
cellcnn,gated_alive,full,cuda,pytorch_materialized_v1,38,3325497001,a_011,0,0.9783734560012818,0.5,1,5,2,3000,200,20000,5,0.01
cellcnn,gated_alive,full,cuda,pytorch_materialized_v1,38,3325497001,a_3a,0,0.0030679722083732488,0.5,0,5,2,3000,200,20000,5,0.01
cellcnn,gated_alive,full,cuda,pytorch_materialized_v1,38,3325497001,a_5b,1,0.4529562026262283,0.5,0,5,2,3000,200,20000,5,0.01
cellcnn,gated_alive,full,cuda,pytorch_materialized_v1,39,945472433,a_001,1,0.8689359068870545,0.5,1,5,2,3000,200,20000,5,0.01
cellcnn,gated_alive,full,cuda,pytorch_materialized_v1,39,945472433,a_009,0,0.34673484563827517,0.5,0,5,2,3000,200,20000,5,0.01
cellcnn,gated_alive,full,cuda,pytorch_materialized_v1,39,945472433,a_1a,0,0.988018000125885,0.5,1,5,2,3000,200,20000,5,0.01
cellcnn,gated_alive,full,cuda,pytorch_materialized_v1,39,945472433,a_2b,0,0.0157977819442749,0.5,0,5,2,3000,200,20000,5,0.01
cellcnn,gated_alive,full,cuda,pytorch_materialized_v1,39,945472433,a_3a,0,0.0009213284240104258,0.5,0,5,2,3000,200,20000,5,0.01
cellcnn,gated_alive,full,cuda,pytorch_materialized_v1,39,945472433,a_4a,1,0.9998743295669555,0.5,1,5,2,3000,200,20000,5,0.01
cellcnn,gated_alive,full,cuda,pytorch_materialized_v1,40,3070822591,a_001,1,0.0034266808303073048,0.5,0,3,1,3000,200,20000,5,0.01
cellcnn,gated_alive,full,cuda,pytorch_materialized_v1,40,3070822591,a_003,0,0.9983453750610352,0.5,1,3,1,3000,200,20000,5,0.01
cellcnn,gated_alive,full,cuda,pytorch_materialized_v1,40,3070822591,a_005,1,0.9928110241889954,0.5,1,3,1,3000,200,20000,5,0.01
cellcnn,gated_alive,full,cuda,pytorch_materialized_v1,40,3070822591,a_006,0,0.9562064290046692,0.5,1,3,1,3000,200,20000,5,0.01
cellcnn,gated_alive,full,cuda,pytorch_materialized_v1,40,3070822591,a_2a,0,0.09533179700374603,0.5,0,3,1,3000,200,20000,5,0.01
cellcnn,gated_alive,full,cuda,pytorch_materialized_v1,40,3070822591,a_3b,0,0.005112504446879029,0.5,0,3,1,3000,200,20000,5,0.01
cellcnn,gated_alive,full,cuda,pytorch_materialized_v1,41,350446006,a_001,1,0.3778976619243622,0.5,0,3,1,3000,200,20000,5,0.01
cellcnn,gated_alive,full,cuda,pytorch_materialized_v1,41,350446006,a_006,0,0.7079720139503479,0.5,1,3,1,3000,200,20000,5,0.01
cellcnn,gated_alive,full,cuda,pytorch_materialized_v1,41,350446006,a_009,0,0.6788729071617127,0.5,1,3,1,3000,200,20000,5,0.01
cellcnn,gated_alive,full,cuda,pytorch_materialized_v1,41,350446006,a_2b,0,0.2984187602996826,0.5,0,3,1,3000,200,20000,5,0.01
cellcnn,gated_alive,full,cuda,pytorch_materialized_v1,41,350446006,a_3a,0,0.04123005904257297,0.5,0,3,1,3000,200,20000,5,0.01
cellcnn,gated_alive,full,cuda,pytorch_materialized_v1,41,350446006,a_4a,1,0.6666046023368836,0.5,1,3,1,3000,200,20000,5,0.01
cellcnn,gated_alive,full,cuda,pytorch_materialized_v1,42,1681873724,a_009,0,0.6243920981884002,0.5,1,4,0,3000,200,20000,5,0.01
cellcnn,gated_alive,full,cuda,pytorch_materialized_v1,42,1681873724,a_012,1,0.2017391085624695,0.5,0,4,0,3000,200,20000,5,0.01
cellcnn,gated_alive,full,cuda,pytorch_materialized_v1,42,1681873724,a_1a,0,0.9999429225921631,0.5,1,4,0,3000,200,20000,5,0.01
cellcnn,gated_alive,full,cuda,pytorch_materialized_v1,42,1681873724,a_2a,0,0.0008442682825261727,0.5,0,4,0,3000,200,20000,5,0.01
cellcnn,gated_alive,full,cuda,pytorch_materialized_v1,42,1681873724,a_2b,0,6.959635466046166e-05,0.5,0,4,0,3000,200,20000,5,0.01
cellcnn,gated_alive,full,cuda,pytorch_materialized_v1,42,1681873724,a_4b,1,0.9720369935035705,0.5,1,4,0,3000,200,20000,5,0.01
cellcnn,gated_alive,full,cuda,pytorch_materialized_v1,43,686746376,a_006,0,0.43027186393737793,0.5,0,4,1,3000,200,20000,5,0.01
cellcnn,gated_alive,full,cuda,pytorch_materialized_v1,43,686746376,a_007,1,0.9563155770301819,0.5,1,4,1,3000,200,20000,5,0.01
cellcnn,gated_alive,full,cuda,pytorch_materialized_v1,43,686746376,a_011,0,0.2031233698129654,0.5,0,4,1,3000,200,20000,5,0.01
cellcnn,gated_alive,full,cuda,pytorch_materialized_v1,43,686746376,a_1a,0,0.9591748118400574,0.5,1,4,1,3000,200,20000,5,0.01
cellcnn,gated_alive,full,cuda,pytorch_materialized_v1,43,686746376,a_2b,0,0.04825393781065941,0.5,0,4,1,3000,200,20000,5,0.01
cellcnn,gated_alive,full,cuda,pytorch_materialized_v1,43,686746376,a_5b,1,0.9989973902702332,0.5,1,4,1,3000,200,20000,5,0.01
cellcnn,gated_alive,full,cuda,pytorch_materialized_v1,44,3195502165,a_002,1,0.00673458594828844,0.5,0,3,2,3000,200,20000,5,0.01
cellcnn,gated_alive,full,cuda,pytorch_materialized_v1,44,3195502165,a_006,0,0.06594329923391343,0.5,0,3,2,3000,200,20000,5,0.01
cellcnn,gated_alive,full,cuda,pytorch_materialized_v1,44,3195502165,a_010,0,0.0672030046582222,0.5,0,3,2,3000,200,20000,5,0.01
cellcnn,gated_alive,full,cuda,pytorch_materialized_v1,44,3195502165,a_1a,0,0.40632966756820676,0.5,0,3,2,3000,200,20000,5,0.01
cellcnn,gated_alive,full,cuda,pytorch_materialized_v1,44,3195502165,a_3a,0,0.014159885607659817,0.5,0,3,2,3000,200,20000,5,0.01
cellcnn,gated_alive,full,cuda,pytorch_materialized_v1,44,3195502165,a_5a,1,0.5230192601680755,0.5,1,3,2,3000,200,20000,5,0.01
cellcnn,gated_alive,full,cuda,pytorch_materialized_v1,45,1460719170,a_003,0,0.5160952568054199,0.5,1,3,1,3000,200,20000,5,0.01
cellcnn,gated_alive,full,cuda,pytorch_materialized_v1,45,1460719170,a_005,1,0.7031097054481507,0.5,1,3,1,3000,200,20000,5,0.01
cellcnn,gated_alive,full,cuda,pytorch_materialized_v1,45,1460719170,a_009,0,0.5539122104644776,0.5,1,3,1,3000,200,20000,5,0.01
cellcnn,gated_alive,full,cuda,pytorch_materialized_v1,45,1460719170,a_3a,0,0.45201902985572817,0.5,0,3,1,3000,200,20000,5,0.01
cellcnn,gated_alive,full,cuda,pytorch_materialized_v1,45,1460719170,a_3b,0,0.5189739227294922,0.5,1,3,1,3000,200,20000,5,0.01
cellcnn,gated_alive,full,cuda,pytorch_materialized_v1,45,1460719170,a_5b,1,0.8232002973556518,0.5,1,3,1,3000,200,20000,5,0.01
cellcnn,gated_alive,full,cuda,pytorch_materialized_v1,46,2033282004,a_001,1,0.21353711783885956,0.5,0,3,2,3000,200,20000,5,0.01
cellcnn,gated_alive,full,cuda,pytorch_materialized_v1,46,2033282004,a_003,0,0.18190913200378417,0.5,0,3,2,3000,200,20000,5,0.01
cellcnn,gated_alive,full,cuda,pytorch_materialized_v1,46,2033282004,a_010,0,0.03805239088833332,0.5,0,3,2,3000,200,20000,5,0.01
cellcnn,gated_alive,full,cuda,pytorch_materialized_v1,46,2033282004,a_011,0,0.02603267356753349,0.5,0,3,2,3000,200,20000,5,0.01
cellcnn,gated_alive,full,cuda,pytorch_materialized_v1,46,2033282004,a_012,1,0.8041772842407227,0.5,1,3,2,3000,200,20000,5,0.01
cellcnn,gated_alive,full,cuda,pytorch_materialized_v1,46,2033282004,a_3a,0,0.005602647922933102,0.5,0,3,2,3000,200,20000,5,0.01
cellcnn,gated_alive,full,cuda,pytorch_materialized_v1,47,1997989380,a_003,0,0.8851869940757752,0.5,1,3,2,3000,200,20000,5,0.01
cellcnn,gated_alive,full,cuda,pytorch_materialized_v1,47,1997989380,a_009,0,0.5916746556758881,0.5,1,3,2,3000,200,20000,5,0.01
cellcnn,gated_alive,full,cuda,pytorch_materialized_v1,47,1997989380,a_1a,0,0.739028787612915,0.5,1,3,2,3000,200,20000,5,0.01
cellcnn,gated_alive,full,cuda,pytorch_materialized_v1,47,1997989380,a_2b,0,1.39025460157427e-05,0.5,0,3,2,3000,200,20000,5,0.01
cellcnn,gated_alive,full,cuda,pytorch_materialized_v1,47,1997989380,a_4b,1,0.7205063581466675,0.5,1,3,2,3000,200,20000,5,0.01
cellcnn,gated_alive,full,cuda,pytorch_materialized_v1,47,1997989380,a_5a,1,0.9998517513275147,0.5,1,3,2,3000,200,20000,5,0.01
cellcnn,gated_alive,full,cuda,pytorch_materialized_v1,48,2042481486,a_001,1,0.44941588640213015,0.5,0,4,2,3000,200,20000,5,0.01
cellcnn,gated_alive,full,cuda,pytorch_materialized_v1,48,2042481486,a_002,1,0.7322922348976135,0.5,1,4,2,3000,200,20000,5,0.01
cellcnn,gated_alive,full,cuda,pytorch_materialized_v1,48,2042481486,a_004,0,0.009545516781508922,0.5,0,4,2,3000,200,20000,5,0.01
cellcnn,gated_alive,full,cuda,pytorch_materialized_v1,48,2042481486,a_010,0,0.07099548131227493,0.5,0,4,2,3000,200,20000,5,0.01
cellcnn,gated_alive,full,cuda,pytorch_materialized_v1,48,2042481486,a_1a,0,0.7849115490913391,0.5,1,4,2,3000,200,20000,5,0.01
cellcnn,gated_alive,full,cuda,pytorch_materialized_v1,48,2042481486,a_3b,0,0.03770563863217831,0.5,0,4,2,3000,200,20000,5,0.01
cellcnn,gated_alive,full,cuda,pytorch_materialized_v1,49,1144269602,a_001,1,0.057112612575292585,0.5,0,4,1,3000,200,20000,5,0.01
cellcnn,gated_alive,full,cuda,pytorch_materialized_v1,49,1144269602,a_003,0,0.7112756490707397,0.5,1,4,1,3000,200,20000,5,0.01
cellcnn,gated_alive,full,cuda,pytorch_materialized_v1,49,1144269602,a_004,0,2.8955402012798003e-05,0.5,0,4,1,3000,200,20000,5,0.01
cellcnn,gated_alive,full,cuda,pytorch_materialized_v1,49,1144269602,a_009,0,0.5185482561588287,0.5,1,4,1,3000,200,20000,5,0.01
cellcnn,gated_alive,full,cuda,pytorch_materialized_v1,49,1144269602,a_1a,0,0.868631649017334,0.5,1,4,1,3000,200,20000,5,0.01
cellcnn,gated_alive,full,cuda,pytorch_materialized_v1,49,1144269602,a_4a,1,0.9998923420906067,0.5,1,4,1,3000,200,20000,5,0.01
cellcnn,gated_alive,full,cuda,pytorch_materialized_v1,50,2396799522,a_001,1,0.146525102853775,0.5,0,3,2,3000,200,20000,5,0.01
cellcnn,gated_alive,full,cuda,pytorch_materialized_v1,50,2396799522,a_003,0,0.38732428550720216,0.5,0,3,2,3000,200,20000,5,0.01
cellcnn,gated_alive,full,cuda,pytorch_materialized_v1,50,2396799522,a_006,0,0.5508160889148712,0.5,1,3,2,3000,200,20000,5,0.01
cellcnn,gated_alive,full,cuda,pytorch_materialized_v1,50,2396799522,a_3a,0,0.033438296243548396,0.5,0,3,2,3000,200,20000,5,0.01
cellcnn,gated_alive,full,cuda,pytorch_materialized_v1,50,2396799522,a_3b,0,0.013256615959107876,0.5,0,3,2,3000,200,20000,5,0.01
cellcnn,gated_alive,full,cuda,pytorch_materialized_v1,50,2396799522,a_4a,1,0.9079583883285522,0.5,1,3,2,3000,200,20000,5,0.01
cellcnn,gated_alive,full,cuda,pytorch_materialized_v1,51,3503732972,a_004,0,6.370762494043448e-05,0.5,0,5,0,3000,200,20000,5,0.01
cellcnn,gated_alive,full,cuda,pytorch_materialized_v1,51,3503732972,a_1a,0,0.9031553387641906,0.5,1,5,0,3000,200,20000,5,0.01
cellcnn,gated_alive,full,cuda,pytorch_materialized_v1,51,3503732972,a_2a,0,0.012142577953636647,0.5,0,5,0,3000,200,20000,5,0.01
cellcnn,gated_alive,full,cuda,pytorch_materialized_v1,51,3503732972,a_3b,0,0.0014072468737140297,0.5,0,5,0,3000,200,20000,5,0.01
cellcnn,gated_alive,full,cuda,pytorch_materialized_v1,51,3503732972,a_4a,1,0.9987364649772644,0.5,1,5,0,3000,200,20000,5,0.01
cellcnn,gated_alive,full,cuda,pytorch_materialized_v1,51,3503732972,a_5a,1,0.9996394157409668,0.5,1,5,0,3000,200,20000,5,0.01
cellcnn,gated_alive,full,cuda,pytorch_materialized_v1,52,2141779427,a_001,1,0.23033808767795563,0.5,0,4,2,3000,200,20000,5,0.01
cellcnn,gated_alive,full,cuda,pytorch_materialized_v1,52,2141779427,a_010,0,0.1663623571395874,0.5,0,4,2,3000,200,20000,5,0.01
cellcnn,gated_alive,full,cuda,pytorch_materialized_v1,52,2141779427,a_011,0,0.0619957335293293,0.5,0,4,2,3000,200,20000,5,0.01
cellcnn,gated_alive,full,cuda,pytorch_materialized_v1,52,2141779427,a_3a,0,0.02324960343539715,0.5,0,4,2,3000,200,20000,5,0.01
cellcnn,gated_alive,full,cuda,pytorch_materialized_v1,52,2141779427,a_3b,0,0.019735023751854895,0.5,0,4,2,3000,200,20000,5,0.01
cellcnn,gated_alive,full,cuda,pytorch_materialized_v1,52,2141779427,a_4a,1,0.9378825187683105,0.5,1,4,2,3000,200,20000,5,0.01
cellcnn,gated_alive,full,cuda,pytorch_materialized_v1,53,830193079,a_003,0,0.08827408552169799,0.5,0,4,2,3000,200,20000,5,0.01
cellcnn,gated_alive,full,cuda,pytorch_materialized_v1,53,830193079,a_011,0,0.025494199804961683,0.5,0,4,2,3000,200,20000,5,0.01
cellcnn,gated_alive,full,cuda,pytorch_materialized_v1,53,830193079,a_012,1,0.9743598818778991,0.5,1,4,2,3000,200,20000,5,0.01
cellcnn,gated_alive,full,cuda,pytorch_materialized_v1,53,830193079,a_3a,0,5.090705417387653e-06,0.5,0,4,2,3000,200,20000,5,0.01
cellcnn,gated_alive,full,cuda,pytorch_materialized_v1,53,830193079,a_3b,0,0.00018423463479848577,0.5,0,4,2,3000,200,20000,5,0.01
cellcnn,gated_alive,full,cuda,pytorch_materialized_v1,53,830193079,a_5b,1,0.9999996900558472,0.5,1,4,2,3000,200,20000,5,0.01
cellcnn,gated_alive,full,cuda,pytorch_materialized_v1,54,104832471,a_004,0,0.0022859859745949507,0.5,0,3,2,3000,200,20000,5,0.01
cellcnn,gated_alive,full,cuda,pytorch_materialized_v1,54,104832471,a_007,1,0.01322956643998623,0.5,0,3,2,3000,200,20000,5,0.01
cellcnn,gated_alive,full,cuda,pytorch_materialized_v1,54,104832471,a_011,0,0.520548266172409,0.5,1,3,2,3000,200,20000,5,0.01
cellcnn,gated_alive,full,cuda,pytorch_materialized_v1,54,104832471,a_012,1,0.01766717219725251,0.5,0,3,2,3000,200,20000,5,0.01
cellcnn,gated_alive,full,cuda,pytorch_materialized_v1,54,104832471,a_1a,0,0.9987487077713013,0.5,1,3,2,3000,200,20000,5,0.01
cellcnn,gated_alive,full,cuda,pytorch_materialized_v1,54,104832471,a_3b,0,0.7409785866737366,0.5,1,3,2,3000,200,20000,5,0.01
cellcnn,gated_alive,full,cuda,pytorch_materialized_v1,55,556065447,a_003,0,0.058810535818338394,0.5,0,4,2,3000,200,20000,5,0.01
cellcnn,gated_alive,full,cuda,pytorch_materialized_v1,55,556065447,a_005,1,0.9999999046325684,0.5,1,4,2,3000,200,20000,5,0.01
cellcnn,gated_alive,full,cuda,pytorch_materialized_v1,55,556065447,a_010,0,0.037699490785598755,0.5,0,4,2,3000,200,20000,5,0.01
cellcnn,gated_alive,full,cuda,pytorch_materialized_v1,55,556065447,a_1a,0,0.37182753086090087,0.5,0,4,2,3000,200,20000,5,0.01
cellcnn,gated_alive,full,cuda,pytorch_materialized_v1,55,556065447,a_2b,0,0.00565400873310864,0.5,0,4,2,3000,200,20000,5,0.01
cellcnn,gated_alive,full,cuda,pytorch_materialized_v1,55,556065447,a_4b,1,0.9921010255813598,0.5,1,4,2,3000,200,20000,5,0.01
cellcnn,gated_alive,full,cuda,pytorch_materialized_v1,56,349892316,a_004,0,0.0070416659116745,0.5,0,3,0,3000,200,20000,5,0.01
cellcnn,gated_alive,full,cuda,pytorch_materialized_v1,56,349892316,a_010,0,0.47343380451202394,0.5,0,3,0,3000,200,20000,5,0.01
cellcnn,gated_alive,full,cuda,pytorch_materialized_v1,56,349892316,a_012,1,0.06853401735424995,0.5,0,3,0,3000,200,20000,5,0.01
cellcnn,gated_alive,full,cuda,pytorch_materialized_v1,56,349892316,a_1a,0,0.5556428492069244,0.5,1,3,0,3000,200,20000,5,0.01
cellcnn,gated_alive,full,cuda,pytorch_materialized_v1,56,349892316,a_3a,0,0.00013446038719848729,0.5,0,3,0,3000,200,20000,5,0.01
cellcnn,gated_alive,full,cuda,pytorch_materialized_v1,56,349892316,a_5b,1,0.9999946832656861,0.5,1,3,0,3000,200,20000,5,0.01
cellcnn,gated_alive,full,cuda,pytorch_materialized_v1,57,393697109,a_001,1,0.023451412469148634,0.5,0,5,2,3000,200,20000,5,0.01
cellcnn,gated_alive,full,cuda,pytorch_materialized_v1,57,393697109,a_003,0,0.325688847899437,0.5,0,5,2,3000,200,20000,5,0.01
cellcnn,gated_alive,full,cuda,pytorch_materialized_v1,57,393697109,a_2b,0,0.004490417800843716,0.5,0,5,2,3000,200,20000,5,0.01
cellcnn,gated_alive,full,cuda,pytorch_materialized_v1,57,393697109,a_3a,0,1.2053549289703369e-05,0.5,0,5,2,3000,200,20000,5,0.01
cellcnn,gated_alive,full,cuda,pytorch_materialized_v1,57,393697109,a_3b,0,2.645977519932785e-06,0.5,0,5,2,3000,200,20000,5,0.01
cellcnn,gated_alive,full,cuda,pytorch_materialized_v1,57,393697109,a_4a,1,0.9999122619628906,0.5,1,5,2,3000,200,20000,5,0.01
cellcnn,gated_alive,full,cuda,pytorch_materialized_v1,58,526061820,a_002,1,0.9997931480407715,0.5,1,3,2,3000,200,20000,5,0.01
cellcnn,gated_alive,full,cuda,pytorch_materialized_v1,58,526061820,a_004,0,0.004408598598092795,0.5,0,3,2,3000,200,20000,5,0.01
cellcnn,gated_alive,full,cuda,pytorch_materialized_v1,58,526061820,a_010,0,0.8099826693534851,0.5,1,3,2,3000,200,20000,5,0.01
cellcnn,gated_alive,full,cuda,pytorch_materialized_v1,58,526061820,a_2b,0,0.45505924224853517,0.5,0,3,2,3000,200,20000,5,0.01
cellcnn,gated_alive,full,cuda,pytorch_materialized_v1,58,526061820,a_3a,0,3.894940673490055e-05,0.5,0,3,2,3000,200,20000,5,0.01
cellcnn,gated_alive,full,cuda,pytorch_materialized_v1,58,526061820,a_4b,1,0.9249324083328248,0.5,1,3,2,3000,200,20000,5,0.01
cellcnn,gated_alive,full,cuda,pytorch_materialized_v1,59,2570830042,a_003,0,0.598226797580719,0.5,1,3,2,3000,200,20000,5,0.01
cellcnn,gated_alive,full,cuda,pytorch_materialized_v1,59,2570830042,a_004,0,0.7441308379173279,0.5,1,3,2,3000,200,20000,5,0.01
cellcnn,gated_alive,full,cuda,pytorch_materialized_v1,59,2570830042,a_012,1,0.8949822068214417,0.5,1,3,2,3000,200,20000,5,0.01
cellcnn,gated_alive,full,cuda,pytorch_materialized_v1,59,2570830042,a_2a,0,0.004975114669650793,0.5,0,3,2,3000,200,20000,5,0.01
cellcnn,gated_alive,full,cuda,pytorch_materialized_v1,59,2570830042,a_3a,0,0.00013909662011428735,0.5,0,3,2,3000,200,20000,5,0.01
cellcnn,gated_alive,full,cuda,pytorch_materialized_v1,59,2570830042,a_4b,1,0.04017336592078209,0.5,0,3,2,3000,200,20000,5,0.01
cellcnn,gated_alive,full,cuda,pytorch_materialized_v1,60,3466446890,a_002,1,0.8054654836654663,0.5,1,5,0,3000,200,20000,5,0.01
cellcnn,gated_alive,full,cuda,pytorch_materialized_v1,60,3466446890,a_009,0,0.5616776347160339,0.5,1,5,0,3000,200,20000,5,0.01
cellcnn,gated_alive,full,cuda,pytorch_materialized_v1,60,3466446890,a_011,0,0.27152433693408967,0.5,0,5,0,3000,200,20000,5,0.01
cellcnn,gated_alive,full,cuda,pytorch_materialized_v1,60,3466446890,a_1a,0,0.9998134255409241,0.5,1,5,0,3000,200,20000,5,0.01
cellcnn,gated_alive,full,cuda,pytorch_materialized_v1,60,3466446890,a_2a,0,0.031867288053035736,0.5,0,5,0,3000,200,20000,5,0.01
cellcnn,gated_alive,full,cuda,pytorch_materialized_v1,60,3466446890,a_5a,1,0.999769103527069,0.5,1,5,0,3000,200,20000,5,0.01
cellcnn,gated_alive,full,cuda,pytorch_materialized_v1,61,3671088524,a_003,0,0.21586840152740477,0.5,0,5,1,3000,200,20000,5,0.01
cellcnn,gated_alive,full,cuda,pytorch_materialized_v1,61,3671088524,a_009,0,0.8750557184219361,0.5,1,5,1,3000,200,20000,5,0.01
cellcnn,gated_alive,full,cuda,pytorch_materialized_v1,61,3671088524,a_010,0,0.6425679922103882,0.5,1,5,1,3000,200,20000,5,0.01
cellcnn,gated_alive,full,cuda,pytorch_materialized_v1,61,3671088524,a_3a,0,0.0009158381843008101,0.5,0,5,1,3000,200,20000,5,0.01
cellcnn,gated_alive,full,cuda,pytorch_materialized_v1,61,3671088524,a_4b,1,0.17978681325912477,0.5,0,5,1,3000,200,20000,5,0.01
cellcnn,gated_alive,full,cuda,pytorch_materialized_v1,61,3671088524,a_5a,1,0.9929198145866394,0.5,1,5,1,3000,200,20000,5,0.01
cellcnn,gated_alive,full,cuda,pytorch_materialized_v1,62,2806373941,a_002,1,0.98307124376297,0.5,1,5,2,3000,200,20000,5,0.01
cellcnn,gated_alive,full,cuda,pytorch_materialized_v1,62,2806373941,a_009,0,0.7740992546081543,0.5,1,5,2,3000,200,20000,5,0.01
cellcnn,gated_alive,full,cuda,pytorch_materialized_v1,62,2806373941,a_011,0,0.0019911413080990316,0.5,0,5,2,3000,200,20000,5,0.01
cellcnn,gated_alive,full,cuda,pytorch_materialized_v1,62,2806373941,a_1a,0,0.8083107352256775,0.5,1,5,2,3000,200,20000,5,0.01
cellcnn,gated_alive,full,cuda,pytorch_materialized_v1,62,2806373941,a_2a,0,0.023389989510178566,0.5,0,5,2,3000,200,20000,5,0.01
cellcnn,gated_alive,full,cuda,pytorch_materialized_v1,62,2806373941,a_4a,1,0.9860435128211975,0.5,1,5,2,3000,200,20000,5,0.01
cellcnn,gated_alive,full,cuda,pytorch_materialized_v1,63,2583943556,a_011,0,0.019718490540981293,0.5,0,3,2,3000,200,20000,5,0.01
cellcnn,gated_alive,full,cuda,pytorch_materialized_v1,63,2583943556,a_2b,0,9.728366967465263e-06,0.5,0,3,2,3000,200,20000,5,0.01
cellcnn,gated_alive,full,cuda,pytorch_materialized_v1,63,2583943556,a_3a,0,0.0004439693468157202,0.5,0,3,2,3000,200,20000,5,0.01
cellcnn,gated_alive,full,cuda,pytorch_materialized_v1,63,2583943556,a_3b,0,0.0012629413045942782,0.5,0,3,2,3000,200,20000,5,0.01
cellcnn,gated_alive,full,cuda,pytorch_materialized_v1,63,2583943556,a_4a,1,0.10082187056541443,0.5,0,3,2,3000,200,20000,5,0.01
cellcnn,gated_alive,full,cuda,pytorch_materialized_v1,63,2583943556,a_4b,1,0.0017539741704240442,0.5,0,3,2,3000,200,20000,5,0.01
cellcnn,gated_alive,full,cuda,pytorch_materialized_v1,64,1424584135,a_003,0,0.35074599385261535,0.5,0,5,0,3000,200,20000,5,0.01
cellcnn,gated_alive,full,cuda,pytorch_materialized_v1,64,1424584135,a_009,0,0.6985028266906739,0.5,1,5,0,3000,200,20000,5,0.01
cellcnn,gated_alive,full,cuda,pytorch_materialized_v1,64,1424584135,a_011,0,0.16729457676410675,0.5,0,5,0,3000,200,20000,5,0.01
cellcnn,gated_alive,full,cuda,pytorch_materialized_v1,64,1424584135,a_012,1,0.6090495228767395,0.5,1,5,0,3000,200,20000,5,0.01
cellcnn,gated_alive,full,cuda,pytorch_materialized_v1,64,1424584135,a_3a,0,0.07511464059352875,0.5,0,5,0,3000,200,20000,5,0.01
cellcnn,gated_alive,full,cuda,pytorch_materialized_v1,64,1424584135,a_5a,1,0.760491955280304,0.5,1,5,0,3000,200,20000,5,0.01
cellcnn,gated_alive,full,cuda,pytorch_materialized_v1,65,4002859530,a_004,0,0.007330061495304107,0.5,0,5,2,3000,200,20000,5,0.01
cellcnn,gated_alive,full,cuda,pytorch_materialized_v1,65,4002859530,a_009,0,0.010547341406345367,0.5,0,5,2,3000,200,20000,5,0.01
cellcnn,gated_alive,full,cuda,pytorch_materialized_v1,65,4002859530,a_2b,0,0.04208751358091831,0.5,0,5,2,3000,200,20000,5,0.01
cellcnn,gated_alive,full,cuda,pytorch_materialized_v1,65,4002859530,a_3b,0,0.0004742526507470757,0.5,0,5,2,3000,200,20000,5,0.01
cellcnn,gated_alive,full,cuda,pytorch_materialized_v1,65,4002859530,a_4a,1,0.998965609073639,0.5,1,5,2,3000,200,20000,5,0.01
cellcnn,gated_alive,full,cuda,pytorch_materialized_v1,65,4002859530,a_5b,1,0.9999998331069946,0.5,1,5,2,3000,200,20000,5,0.01
cellcnn,gated_alive,full,cuda,pytorch_materialized_v1,66,2751328124,a_006,0,0.0459366038441658,0.5,0,4,0,3000,200,20000,5,0.01
cellcnn,gated_alive,full,cuda,pytorch_materialized_v1,66,2751328124,a_007,1,0.2558712333440781,0.5,0,4,0,3000,200,20000,5,0.01
cellcnn,gated_alive,full,cuda,pytorch_materialized_v1,66,2751328124,a_012,1,0.15759051740169525,0.5,0,4,0,3000,200,20000,5,0.01
cellcnn,gated_alive,full,cuda,pytorch_materialized_v1,66,2751328124,a_1a,0,0.1307719424366951,0.5,0,4,0,3000,200,20000,5,0.01
cellcnn,gated_alive,full,cuda,pytorch_materialized_v1,66,2751328124,a_2a,0,0.03328008987009525,0.5,0,4,0,3000,200,20000,5,0.01
cellcnn,gated_alive,full,cuda,pytorch_materialized_v1,66,2751328124,a_3a,0,0.0034350142348557712,0.5,0,4,0,3000,200,20000,5,0.01
cellcnn,gated_alive,full,cuda,pytorch_materialized_v1,67,3112912241,a_009,0,0.7399113655090332,0.5,1,5,2,3000,200,20000,5,0.01
cellcnn,gated_alive,full,cuda,pytorch_materialized_v1,67,3112912241,a_011,0,0.0005291960609611124,0.5,0,5,2,3000,200,20000,5,0.01
cellcnn,gated_alive,full,cuda,pytorch_materialized_v1,67,3112912241,a_3a,0,2.017063980019884e-06,0.5,0,5,2,3000,200,20000,5,0.01
cellcnn,gated_alive,full,cuda,pytorch_materialized_v1,67,3112912241,a_3b,0,5.8968119992641733e-05,0.5,0,5,2,3000,200,20000,5,0.01
cellcnn,gated_alive,full,cuda,pytorch_materialized_v1,67,3112912241,a_4b,1,0.05130565464496613,0.5,0,5,2,3000,200,20000,5,0.01
cellcnn,gated_alive,full,cuda,pytorch_materialized_v1,67,3112912241,a_5a,1,0.9998600244522095,0.5,1,5,2,3000,200,20000,5,0.01
cellcnn,gated_alive,full,cuda,pytorch_materialized_v1,68,3152106376,a_002,1,0.5977973699569702,0.5,1,5,1,3000,200,20000,5,0.01
cellcnn,gated_alive,full,cuda,pytorch_materialized_v1,68,3152106376,a_003,0,0.7080940246582031,0.5,1,5,1,3000,200,20000,5,0.01
cellcnn,gated_alive,full,cuda,pytorch_materialized_v1,68,3152106376,a_006,0,0.7176458716392518,0.5,1,5,1,3000,200,20000,5,0.01
cellcnn,gated_alive,full,cuda,pytorch_materialized_v1,68,3152106376,a_010,0,0.48246896266937256,0.5,0,5,1,3000,200,20000,5,0.01
cellcnn,gated_alive,full,cuda,pytorch_materialized_v1,68,3152106376,a_2a,0,0.483066326379776,0.5,0,5,1,3000,200,20000,5,0.01
cellcnn,gated_alive,full,cuda,pytorch_materialized_v1,68,3152106376,a_4a,1,0.7370722413063049,0.5,1,5,1,3000,200,20000,5,0.01
cellcnn,gated_alive,full,cuda,pytorch_materialized_v1,69,3696039763,a_001,1,0.004359036218374968,0.5,0,5,2,3000,200,20000,5,0.01
cellcnn,gated_alive,full,cuda,pytorch_materialized_v1,69,3696039763,a_002,1,0.3651709645986557,0.5,0,5,2,3000,200,20000,5,0.01
cellcnn,gated_alive,full,cuda,pytorch_materialized_v1,69,3696039763,a_003,0,0.5380476534366607,0.5,1,5,2,3000,200,20000,5,0.01
cellcnn,gated_alive,full,cuda,pytorch_materialized_v1,69,3696039763,a_010,0,0.00010899722255999222,0.5,0,5,2,3000,200,20000,5,0.01
cellcnn,gated_alive,full,cuda,pytorch_materialized_v1,69,3696039763,a_011,0,0.002895834157243371,0.5,0,5,2,3000,200,20000,5,0.01
cellcnn,gated_alive,full,cuda,pytorch_materialized_v1,69,3696039763,a_3a,0,6.860742723802105e-05,0.5,0,5,2,3000,200,20000,5,0.01
cellcnn,gated_alive,full,cuda,pytorch_materialized_v1,70,3017305172,a_001,1,0.3385535657405853,0.5,0,3,0,3000,200,20000,5,0.01
cellcnn,gated_alive,full,cuda,pytorch_materialized_v1,70,3017305172,a_011,0,0.5100213050842285,0.5,1,3,0,3000,200,20000,5,0.01
cellcnn,gated_alive,full,cuda,pytorch_materialized_v1,70,3017305172,a_2a,0,0.30629923939704895,0.5,0,3,0,3000,200,20000,5,0.01
cellcnn,gated_alive,full,cuda,pytorch_materialized_v1,70,3017305172,a_3a,0,0.3510034501552582,0.5,0,3,0,3000,200,20000,5,0.01
cellcnn,gated_alive,full,cuda,pytorch_materialized_v1,70,3017305172,a_3b,0,0.45200265049934385,0.5,0,3,0,3000,200,20000,5,0.01
cellcnn,gated_alive,full,cuda,pytorch_materialized_v1,70,3017305172,a_4a,1,0.8777662873268127,0.5,1,3,0,3000,200,20000,5,0.01
cellcnn,gated_alive,full,cuda,pytorch_materialized_v1,71,3991475463,a_004,0,0.006707195984199643,0.5,0,4,2,3000,200,20000,5,0.01
cellcnn,gated_alive,full,cuda,pytorch_materialized_v1,71,3991475463,a_005,1,0.9998002290725708,0.5,1,4,2,3000,200,20000,5,0.01
cellcnn,gated_alive,full,cuda,pytorch_materialized_v1,71,3991475463,a_007,1,0.2708749234676361,0.5,0,4,2,3000,200,20000,5,0.01
cellcnn,gated_alive,full,cuda,pytorch_materialized_v1,71,3991475463,a_011,0,0.7821226358413697,0.5,1,4,2,3000,200,20000,5,0.01
cellcnn,gated_alive,full,cuda,pytorch_materialized_v1,71,3991475463,a_1a,0,0.6418015599250794,0.5,1,4,2,3000,200,20000,5,0.01
cellcnn,gated_alive,full,cuda,pytorch_materialized_v1,71,3991475463,a_3b,0,0.0061358369421213865,0.5,0,4,2,3000,200,20000,5,0.01
cellcnn,gated_alive,full,cuda,pytorch_materialized_v1,72,2325576896,a_004,0,0.6283234477043151,0.5,1,4,2,3000,200,20000,5,0.01
cellcnn,gated_alive,full,cuda,pytorch_materialized_v1,72,2325576896,a_005,1,0.9997547268867493,0.5,1,4,2,3000,200,20000,5,0.01
cellcnn,gated_alive,full,cuda,pytorch_materialized_v1,72,2325576896,a_2a,0,0.0617240272462368,0.5,0,4,2,3000,200,20000,5,0.01
cellcnn,gated_alive,full,cuda,pytorch_materialized_v1,72,2325576896,a_2b,0,0.035260212421417234,0.5,0,4,2,3000,200,20000,5,0.01
cellcnn,gated_alive,full,cuda,pytorch_materialized_v1,72,2325576896,a_3b,0,0.012034138850867748,0.5,0,4,2,3000,200,20000,5,0.01
cellcnn,gated_alive,full,cuda,pytorch_materialized_v1,72,2325576896,a_4b,1,0.21226998865604402,0.5,0,4,2,3000,200,20000,5,0.01
cellcnn,gated_alive,full,cuda,pytorch_materialized_v1,73,2345851045,a_001,1,0.06247422471642494,0.5,0,3,0,3000,200,20000,5,0.01
cellcnn,gated_alive,full,cuda,pytorch_materialized_v1,73,2345851045,a_003,0,0.41711843609809873,0.5,0,3,0,3000,200,20000,5,0.01
cellcnn,gated_alive,full,cuda,pytorch_materialized_v1,73,2345851045,a_011,0,0.013054818473756313,0.5,0,3,0,3000,200,20000,5,0.01
cellcnn,gated_alive,full,cuda,pytorch_materialized_v1,73,2345851045,a_2b,0,0.5108220309019089,0.5,1,3,0,3000,200,20000,5,0.01
cellcnn,gated_alive,full,cuda,pytorch_materialized_v1,73,2345851045,a_3b,0,4.3996478052577007e-05,0.5,0,3,0,3000,200,20000,5,0.01
cellcnn,gated_alive,full,cuda,pytorch_materialized_v1,73,2345851045,a_5a,1,0.9999929428100586,0.5,1,3,0,3000,200,20000,5,0.01
cellcnn,gated_alive,full,cuda,pytorch_materialized_v1,74,1078349150,a_001,1,0.011948731169104576,0.5,0,3,0,3000,200,20000,5,0.01
cellcnn,gated_alive,full,cuda,pytorch_materialized_v1,74,1078349150,a_003,0,0.8815801739692688,0.5,1,3,0,3000,200,20000,5,0.01
cellcnn,gated_alive,full,cuda,pytorch_materialized_v1,74,1078349150,a_009,0,0.05210004709661007,0.5,0,3,0,3000,200,20000,5,0.01
cellcnn,gated_alive,full,cuda,pytorch_materialized_v1,74,1078349150,a_012,1,0.9850896835327149,0.5,1,3,0,3000,200,20000,5,0.01
cellcnn,gated_alive,full,cuda,pytorch_materialized_v1,74,1078349150,a_1a,0,0.9920860171318054,0.5,1,3,0,3000,200,20000,5,0.01
cellcnn,gated_alive,full,cuda,pytorch_materialized_v1,74,1078349150,a_2a,0,5.090720296720974e-05,0.5,0,3,0,3000,200,20000,5,0.01
cellcnn,gated_alive,full,cuda,pytorch_materialized_v1,75,4027274691,a_004,0,0.049870515614748,0.5,0,3,1,3000,200,20000,5,0.01
cellcnn,gated_alive,full,cuda,pytorch_materialized_v1,75,4027274691,a_005,1,0.9074608325958252,0.5,1,3,1,3000,200,20000,5,0.01
cellcnn,gated_alive,full,cuda,pytorch_materialized_v1,75,4027274691,a_007,1,0.4805700182914734,0.5,0,3,1,3000,200,20000,5,0.01
cellcnn,gated_alive,full,cuda,pytorch_materialized_v1,75,4027274691,a_1a,0,0.794852328300476,0.5,1,3,1,3000,200,20000,5,0.01
cellcnn,gated_alive,full,cuda,pytorch_materialized_v1,75,4027274691,a_2a,0,0.15808183550834656,0.5,0,3,1,3000,200,20000,5,0.01
cellcnn,gated_alive,full,cuda,pytorch_materialized_v1,75,4027274691,a_2b,0,0.10065389424562454,0.5,0,3,1,3000,200,20000,5,0.01
cellcnn,gated_alive,full,cuda,pytorch_materialized_v1,76,2374937433,a_009,0,0.9785336017608642,0.5,1,5,1,3000,200,20000,5,0.01
cellcnn,gated_alive,full,cuda,pytorch_materialized_v1,76,2374937433,a_011,0,0.12244322746992112,0.5,0,5,1,3000,200,20000,5,0.01
cellcnn,gated_alive,full,cuda,pytorch_materialized_v1,76,2374937433,a_1a,0,0.9598766088485717,0.5,1,5,1,3000,200,20000,5,0.01
cellcnn,gated_alive,full,cuda,pytorch_materialized_v1,76,2374937433,a_3a,0,0.01069810101762414,0.5,0,5,1,3000,200,20000,5,0.01
cellcnn,gated_alive,full,cuda,pytorch_materialized_v1,76,2374937433,a_4a,1,0.9973613977432251,0.5,1,5,1,3000,200,20000,5,0.01
cellcnn,gated_alive,full,cuda,pytorch_materialized_v1,76,2374937433,a_5b,1,0.9998798131942749,0.5,1,5,1,3000,200,20000,5,0.01
cellcnn,gated_alive,full,cuda,pytorch_materialized_v1,77,2125957013,a_001,1,0.01876545026898384,0.5,0,4,2,3000,200,20000,5,0.01
cellcnn,gated_alive,full,cuda,pytorch_materialized_v1,77,2125957013,a_006,0,0.19776638746261596,0.5,0,4,2,3000,200,20000,5,0.01
cellcnn,gated_alive,full,cuda,pytorch_materialized_v1,77,2125957013,a_011,0,0.0154880341142416,0.5,0,4,2,3000,200,20000,5,0.01
cellcnn,gated_alive,full,cuda,pytorch_materialized_v1,77,2125957013,a_3a,0,0.0012888964964076876,0.5,0,4,2,3000,200,20000,5,0.01
cellcnn,gated_alive,full,cuda,pytorch_materialized_v1,77,2125957013,a_3b,0,0.001885015331208706,0.5,0,4,2,3000,200,20000,5,0.01
cellcnn,gated_alive,full,cuda,pytorch_materialized_v1,77,2125957013,a_4a,1,0.9997140526771545,0.5,1,4,2,3000,200,20000,5,0.01
cellcnn,gated_alive,full,cuda,pytorch_materialized_v1,78,1358653540,a_002,1,0.9164782524108886,0.5,1,5,1,3000,200,20000,5,0.01
cellcnn,gated_alive,full,cuda,pytorch_materialized_v1,78,1358653540,a_003,0,0.592998492717743,0.5,1,5,1,3000,200,20000,5,0.01
cellcnn,gated_alive,full,cuda,pytorch_materialized_v1,78,1358653540,a_009,0,0.5866303324699402,0.5,1,5,1,3000,200,20000,5,0.01
cellcnn,gated_alive,full,cuda,pytorch_materialized_v1,78,1358653540,a_012,1,0.9040965914726258,0.5,1,5,1,3000,200,20000,5,0.01
cellcnn,gated_alive,full,cuda,pytorch_materialized_v1,78,1358653540,a_2b,0,0.043080934882164,0.5,0,5,1,3000,200,20000,5,0.01
cellcnn,gated_alive,full,cuda,pytorch_materialized_v1,78,1358653540,a_3b,0,0.03881319761276245,0.5,0,5,1,3000,200,20000,5,0.01
cellcnn,gated_alive,full,cuda,pytorch_materialized_v1,79,1175846864,a_002,1,0.9967560648918152,0.5,1,5,2,3000,200,20000,5,0.01
cellcnn,gated_alive,full,cuda,pytorch_materialized_v1,79,1175846864,a_004,0,0.0717950388789177,0.5,0,5,2,3000,200,20000,5,0.01
cellcnn,gated_alive,full,cuda,pytorch_materialized_v1,79,1175846864,a_011,0,0.07365812435746193,0.5,0,5,2,3000,200,20000,5,0.01
cellcnn,gated_alive,full,cuda,pytorch_materialized_v1,79,1175846864,a_2b,0,0.023132718168199062,0.5,0,5,2,3000,200,20000,5,0.01
cellcnn,gated_alive,full,cuda,pytorch_materialized_v1,79,1175846864,a_3a,0,0.00016991488009807654,0.5,0,5,2,3000,200,20000,5,0.01
cellcnn,gated_alive,full,cuda,pytorch_materialized_v1,79,1175846864,a_5a,1,0.9999834775924683,0.5,1,5,2,3000,200,20000,5,0.01
cellcnn,gated_alive,full,cuda,pytorch_materialized_v1,80,2719779336,a_007,1,0.5212593317031861,0.5,1,5,2,3000,200,20000,5,0.01
cellcnn,gated_alive,full,cuda,pytorch_materialized_v1,80,2719779336,a_009,0,0.5780081868171691,0.5,1,5,2,3000,200,20000,5,0.01
cellcnn,gated_alive,full,cuda,pytorch_materialized_v1,80,2719779336,a_011,0,0.5007868885993958,0.5,1,5,2,3000,200,20000,5,0.01
cellcnn,gated_alive,full,cuda,pytorch_materialized_v1,80,2719779336,a_2a,0,0.607775890827179,0.5,1,5,2,3000,200,20000,5,0.01
cellcnn,gated_alive,full,cuda,pytorch_materialized_v1,80,2719779336,a_3b,0,0.64234299659729,0.5,1,5,2,3000,200,20000,5,0.01
cellcnn,gated_alive,full,cuda,pytorch_materialized_v1,80,2719779336,a_5a,1,0.698856258392334,0.5,1,5,2,3000,200,20000,5,0.01
cellcnn,gated_alive,full,cuda,pytorch_materialized_v1,81,1940374772,a_003,0,0.9999326229095459,0.5,1,4,2,3000,200,20000,5,0.01
cellcnn,gated_alive,full,cuda,pytorch_materialized_v1,81,1940374772,a_004,0,0.3909666508436203,0.5,0,4,2,3000,200,20000,5,0.01
cellcnn,gated_alive,full,cuda,pytorch_materialized_v1,81,1940374772,a_007,1,0.9885904908180236,0.5,1,4,2,3000,200,20000,5,0.01
cellcnn,gated_alive,full,cuda,pytorch_materialized_v1,81,1940374772,a_009,0,0.6472035408020019,0.5,1,4,2,3000,200,20000,5,0.01
cellcnn,gated_alive,full,cuda,pytorch_materialized_v1,81,1940374772,a_011,0,0.994841194152832,0.5,1,4,2,3000,200,20000,5,0.01
cellcnn,gated_alive,full,cuda,pytorch_materialized_v1,81,1940374772,a_5b,1,0.9999979972839356,0.5,1,4,2,3000,200,20000,5,0.01
cellcnn,gated_alive,full,cuda,pytorch_materialized_v1,82,2439679748,a_009,0,0.340450119972229,0.5,0,4,0,3000,200,20000,5,0.01
cellcnn,gated_alive,full,cuda,pytorch_materialized_v1,82,2439679748,a_011,0,0.20147425830364227,0.5,0,4,0,3000,200,20000,5,0.01
cellcnn,gated_alive,full,cuda,pytorch_materialized_v1,82,2439679748,a_1a,0,0.9867261648178101,0.5,1,4,0,3000,200,20000,5,0.01
cellcnn,gated_alive,full,cuda,pytorch_materialized_v1,82,2439679748,a_3b,0,0.003292192844673991,0.5,0,4,0,3000,200,20000,5,0.01
cellcnn,gated_alive,full,cuda,pytorch_materialized_v1,82,2439679748,a_4a,1,0.9996599555015564,0.5,1,4,0,3000,200,20000,5,0.01
cellcnn,gated_alive,full,cuda,pytorch_materialized_v1,82,2439679748,a_5b,1,0.9999173879623413,0.5,1,4,0,3000,200,20000,5,0.01
cellcnn,gated_alive,full,cuda,pytorch_materialized_v1,83,2856320425,a_004,0,0.04162480086088181,0.5,0,5,2,3000,200,20000,5,0.01
cellcnn,gated_alive,full,cuda,pytorch_materialized_v1,83,2856320425,a_012,1,0.797568416595459,0.5,1,5,2,3000,200,20000,5,0.01
cellcnn,gated_alive,full,cuda,pytorch_materialized_v1,83,2856320425,a_2a,0,0.07355587929487228,0.5,0,5,2,3000,200,20000,5,0.01
cellcnn,gated_alive,full,cuda,pytorch_materialized_v1,83,2856320425,a_2b,0,0.028197900950908662,0.5,0,5,2,3000,200,20000,5,0.01
cellcnn,gated_alive,full,cuda,pytorch_materialized_v1,83,2856320425,a_3b,0,0.12800191938877106,0.5,0,5,2,3000,200,20000,5,0.01
cellcnn,gated_alive,full,cuda,pytorch_materialized_v1,83,2856320425,a_5a,1,0.9964739322662354,0.5,1,5,2,3000,200,20000,5,0.01
cellcnn,gated_alive,full,cuda,pytorch_materialized_v1,84,3861219000,a_002,1,0.001570146216545254,0.5,0,3,2,3000,200,20000,5,0.01
cellcnn,gated_alive,full,cuda,pytorch_materialized_v1,84,3861219000,a_006,0,0.668243670463562,0.5,1,3,2,3000,200,20000,5,0.01
cellcnn,gated_alive,full,cuda,pytorch_materialized_v1,84,3861219000,a_009,0,0.9378227353096008,0.5,1,3,2,3000,200,20000,5,0.01
cellcnn,gated_alive,full,cuda,pytorch_materialized_v1,84,3861219000,a_010,0,0.8094853162765503,0.5,1,3,2,3000,200,20000,5,0.01
cellcnn,gated_alive,full,cuda,pytorch_materialized_v1,84,3861219000,a_012,1,0.9056508183479309,0.5,1,3,2,3000,200,20000,5,0.01
cellcnn,gated_alive,full,cuda,pytorch_materialized_v1,84,3861219000,a_2a,0,0.25799323320388795,0.5,0,3,2,3000,200,20000,5,0.01
cellcnn,gated_alive,full,cuda,pytorch_materialized_v1,85,1421165723,a_003,0,0.7402865290641785,0.5,1,5,1,3000,200,20000,5,0.01
cellcnn,gated_alive,full,cuda,pytorch_materialized_v1,85,1421165723,a_004,0,0.9180681586265564,0.5,1,5,1,3000,200,20000,5,0.01
cellcnn,gated_alive,full,cuda,pytorch_materialized_v1,85,1421165723,a_2a,0,0.0058643904514610766,0.5,0,5,1,3000,200,20000,5,0.01
cellcnn,gated_alive,full,cuda,pytorch_materialized_v1,85,1421165723,a_3b,0,0.0007145343348383904,0.5,0,5,1,3000,200,20000,5,0.01
cellcnn,gated_alive,full,cuda,pytorch_materialized_v1,85,1421165723,a_4b,1,0.04471383541822434,0.5,0,5,1,3000,200,20000,5,0.01
cellcnn,gated_alive,full,cuda,pytorch_materialized_v1,85,1421165723,a_5b,1,0.9999662399291992,0.5,1,5,1,3000,200,20000,5,0.01
cellcnn,gated_alive,full,cuda,pytorch_materialized_v1,86,2927228676,a_002,1,1.0,0.5,1,4,2,3000,200,20000,5,0.01
cellcnn,gated_alive,full,cuda,pytorch_materialized_v1,86,2927228676,a_010,0,0.02265023607760668,0.5,0,4,2,3000,200,20000,5,0.01
cellcnn,gated_alive,full,cuda,pytorch_materialized_v1,86,2927228676,a_011,0,0.0037298747338354588,0.5,0,4,2,3000,200,20000,5,0.01
cellcnn,gated_alive,full,cuda,pytorch_materialized_v1,86,2927228676,a_1a,0,0.07355422824621201,0.5,0,4,2,3000,200,20000,5,0.01
cellcnn,gated_alive,full,cuda,pytorch_materialized_v1,86,2927228676,a_3a,0,0.00023021866218186915,0.5,0,4,2,3000,200,20000,5,0.01
cellcnn,gated_alive,full,cuda,pytorch_materialized_v1,86,2927228676,a_4b,1,0.6713437557220459,0.5,1,4,2,3000,200,20000,5,0.01
cellcnn,gated_alive,full,cuda,pytorch_materialized_v1,87,3880305411,a_001,1,0.11971120834350586,0.5,0,4,2,3000,200,20000,5,0.01
cellcnn,gated_alive,full,cuda,pytorch_materialized_v1,87,3880305411,a_004,0,0.002376566268503666,0.5,0,4,2,3000,200,20000,5,0.01
cellcnn,gated_alive,full,cuda,pytorch_materialized_v1,87,3880305411,a_006,0,0.13338705599308015,0.5,0,4,2,3000,200,20000,5,0.01
cellcnn,gated_alive,full,cuda,pytorch_materialized_v1,87,3880305411,a_009,0,0.2408973515033722,0.5,0,4,2,3000,200,20000,5,0.01
cellcnn,gated_alive,full,cuda,pytorch_materialized_v1,87,3880305411,a_2b,0,0.017243651486933232,0.5,0,4,2,3000,200,20000,5,0.01
cellcnn,gated_alive,full,cuda,pytorch_materialized_v1,87,3880305411,a_4b,1,0.7995494127273559,0.5,1,4,2,3000,200,20000,5,0.01
cellcnn,gated_alive,full,cuda,pytorch_materialized_v1,88,1970904393,a_001,1,0.25122490227222444,0.5,0,3,0,3000,200,20000,5,0.01
cellcnn,gated_alive,full,cuda,pytorch_materialized_v1,88,1970904393,a_004,0,0.006774132326245308,0.5,0,3,0,3000,200,20000,5,0.01
cellcnn,gated_alive,full,cuda,pytorch_materialized_v1,88,1970904393,a_010,0,0.0015604439424350858,0.5,0,3,0,3000,200,20000,5,0.01
cellcnn,gated_alive,full,cuda,pytorch_materialized_v1,88,1970904393,a_1a,0,0.16867587864398956,0.5,0,3,0,3000,200,20000,5,0.01
cellcnn,gated_alive,full,cuda,pytorch_materialized_v1,88,1970904393,a_2a,0,0.03985566087067127,0.5,0,3,0,3000,200,20000,5,0.01
cellcnn,gated_alive,full,cuda,pytorch_materialized_v1,88,1970904393,a_4b,1,0.9808086037635804,0.5,1,3,0,3000,200,20000,5,0.01
cellcnn,gated_alive,full,cuda,pytorch_materialized_v1,89,1104125174,a_009,0,0.49470088481903074,0.5,0,5,0,3000,200,20000,5,0.01
cellcnn,gated_alive,full,cuda,pytorch_materialized_v1,89,1104125174,a_010,0,0.28241451680660246,0.5,0,5,0,3000,200,20000,5,0.01
cellcnn,gated_alive,full,cuda,pytorch_materialized_v1,89,1104125174,a_011,0,0.22156405150890351,0.5,0,5,0,3000,200,20000,5,0.01
cellcnn,gated_alive,full,cuda,pytorch_materialized_v1,89,1104125174,a_3a,0,0.010849807411432266,0.5,0,5,0,3000,200,20000,5,0.01
cellcnn,gated_alive,full,cuda,pytorch_materialized_v1,89,1104125174,a_4b,1,0.38521686792373655,0.5,0,5,0,3000,200,20000,5,0.01
cellcnn,gated_alive,full,cuda,pytorch_materialized_v1,89,1104125174,a_5b,1,0.9936258673667908,0.5,1,5,0,3000,200,20000,5,0.01
cellcnn,gated_alive,full,cuda,pytorch_materialized_v1,90,1247132544,a_001,1,0.8878870129585266,0.5,1,4,2,3000,200,20000,5,0.01
cellcnn,gated_alive,full,cuda,pytorch_materialized_v1,90,1247132544,a_003,0,0.8958603382110596,0.5,1,4,2,3000,200,20000,5,0.01
cellcnn,gated_alive,full,cuda,pytorch_materialized_v1,90,1247132544,a_004,0,0.017241547629237176,0.5,0,4,2,3000,200,20000,5,0.01
cellcnn,gated_alive,full,cuda,pytorch_materialized_v1,90,1247132544,a_009,0,0.6636813163757325,0.5,1,4,2,3000,200,20000,5,0.01
cellcnn,gated_alive,full,cuda,pytorch_materialized_v1,90,1247132544,a_3b,0,2.9927113973826636e-05,0.5,0,4,2,3000,200,20000,5,0.01
cellcnn,gated_alive,full,cuda,pytorch_materialized_v1,90,1247132544,a_4a,1,0.9999759435653687,0.5,1,4,2,3000,200,20000,5,0.01
cellcnn,gated_alive,full,cuda,pytorch_materialized_v1,91,1459551595,a_002,1,0.5452933669090271,0.5,1,4,0,3000,200,20000,5,0.01
cellcnn,gated_alive,full,cuda,pytorch_materialized_v1,91,1459551595,a_004,0,0.0012307629804126918,0.5,0,4,0,3000,200,20000,5,0.01
cellcnn,gated_alive,full,cuda,pytorch_materialized_v1,91,1459551595,a_012,1,0.08365458399057388,0.5,0,4,0,3000,200,20000,5,0.01
cellcnn,gated_alive,full,cuda,pytorch_materialized_v1,91,1459551595,a_1a,0,0.8462785601615905,0.5,1,4,0,3000,200,20000,5,0.01
cellcnn,gated_alive,full,cuda,pytorch_materialized_v1,91,1459551595,a_2b,0,0.03556161150336266,0.5,0,4,0,3000,200,20000,5,0.01
cellcnn,gated_alive,full,cuda,pytorch_materialized_v1,91,1459551595,a_3b,0,0.0038726812228560446,0.5,0,4,0,3000,200,20000,5,0.01
cellcnn,gated_alive,full,cuda,pytorch_materialized_v1,92,2705073331,a_003,0,0.3923342227935791,0.5,0,5,2,3000,200,20000,5,0.01
cellcnn,gated_alive,full,cuda,pytorch_materialized_v1,92,2705073331,a_004,0,8.769696523813764e-06,0.5,0,5,2,3000,200,20000,5,0.01
cellcnn,gated_alive,full,cuda,pytorch_materialized_v1,92,2705073331,a_006,0,0.017245290242135523,0.5,0,5,2,3000,200,20000,5,0.01
cellcnn,gated_alive,full,cuda,pytorch_materialized_v1,92,2705073331,a_1a,0,0.2743805110454559,0.5,0,5,2,3000,200,20000,5,0.01
cellcnn,gated_alive,full,cuda,pytorch_materialized_v1,92,2705073331,a_4b,1,0.7818015813827515,0.5,1,5,2,3000,200,20000,5,0.01
cellcnn,gated_alive,full,cuda,pytorch_materialized_v1,92,2705073331,a_5b,1,0.9999995470046997,0.5,1,5,2,3000,200,20000,5,0.01
cellcnn,gated_alive,full,cuda,pytorch_materialized_v1,93,1111766880,a_006,0,0.0769065648317337,0.5,0,4,2,3000,200,20000,5,0.01
cellcnn,gated_alive,full,cuda,pytorch_materialized_v1,93,1111766880,a_009,0,0.9879639863967895,0.5,1,4,2,3000,200,20000,5,0.01
cellcnn,gated_alive,full,cuda,pytorch_materialized_v1,93,1111766880,a_010,0,0.9542307257652283,0.5,1,4,2,3000,200,20000,5,0.01
cellcnn,gated_alive,full,cuda,pytorch_materialized_v1,93,1111766880,a_012,1,0.5541208744049072,0.5,1,4,2,3000,200,20000,5,0.01
cellcnn,gated_alive,full,cuda,pytorch_materialized_v1,93,1111766880,a_3a,0,1.2736390885947913e-06,0.5,0,4,2,3000,200,20000,5,0.01
cellcnn,gated_alive,full,cuda,pytorch_materialized_v1,93,1111766880,a_5a,1,0.9999502658843994,0.5,1,4,2,3000,200,20000,5,0.01
cellcnn,gated_alive,full,cuda,pytorch_materialized_v1,94,3603600008,a_012,1,0.16053555011749268,0.5,0,3,2,3000,200,20000,5,0.01
cellcnn,gated_alive,full,cuda,pytorch_materialized_v1,94,3603600008,a_1a,0,0.9999268054962158,0.5,1,3,2,3000,200,20000,5,0.01
cellcnn,gated_alive,full,cuda,pytorch_materialized_v1,94,3603600008,a_2a,0,0.9338591694831848,0.5,1,3,2,3000,200,20000,5,0.01
cellcnn,gated_alive,full,cuda,pytorch_materialized_v1,94,3603600008,a_2b,0,0.9117073893547059,0.5,1,3,2,3000,200,20000,5,0.01
cellcnn,gated_alive,full,cuda,pytorch_materialized_v1,94,3603600008,a_3b,0,0.626060152053833,0.5,1,3,2,3000,200,20000,5,0.01
cellcnn,gated_alive,full,cuda,pytorch_materialized_v1,94,3603600008,a_5a,1,0.9997786521911621,0.5,1,3,2,3000,200,20000,5,0.01
cellcnn,gated_alive,full,cuda,pytorch_materialized_v1,95,1526631005,a_004,0,8.028163138078526e-05,0.5,0,5,2,3000,200,20000,5,0.01
cellcnn,gated_alive,full,cuda,pytorch_materialized_v1,95,1526631005,a_009,0,0.32639783024787905,0.5,0,5,2,3000,200,20000,5,0.01
cellcnn,gated_alive,full,cuda,pytorch_materialized_v1,95,1526631005,a_1a,0,0.9992136240005494,0.5,1,5,2,3000,200,20000,5,0.01
cellcnn,gated_alive,full,cuda,pytorch_materialized_v1,95,1526631005,a_2a,0,0.03483370579779148,0.5,0,5,2,3000,200,20000,5,0.01
cellcnn,gated_alive,full,cuda,pytorch_materialized_v1,95,1526631005,a_4a,1,0.9999968528747558,0.5,1,5,2,3000,200,20000,5,0.01
cellcnn,gated_alive,full,cuda,pytorch_materialized_v1,95,1526631005,a_5a,1,0.9999985456466675,0.5,1,5,2,3000,200,20000,5,0.01
cellcnn,gated_alive,full,cuda,pytorch_materialized_v1,96,277795965,a_004,0,0.5864006519317627,0.5,1,5,1,3000,200,20000,5,0.01
cellcnn,gated_alive,full,cuda,pytorch_materialized_v1,96,277795965,a_007,1,0.1778235524892807,0.5,0,5,1,3000,200,20000,5,0.01
cellcnn,gated_alive,full,cuda,pytorch_materialized_v1,96,277795965,a_010,0,0.7547071814537049,0.5,1,5,1,3000,200,20000,5,0.01
cellcnn,gated_alive,full,cuda,pytorch_materialized_v1,96,277795965,a_012,1,0.35012739300727846,0.5,0,5,1,3000,200,20000,5,0.01
cellcnn,gated_alive,full,cuda,pytorch_materialized_v1,96,277795965,a_2a,0,0.4534185707569122,0.5,0,5,1,3000,200,20000,5,0.01
cellcnn,gated_alive,full,cuda,pytorch_materialized_v1,96,277795965,a_3a,0,0.12252237647771835,0.5,0,5,1,3000,200,20000,5,0.01
cellcnn,gated_alive,full,cuda,pytorch_materialized_v1,97,21570758,a_001,1,0.003454397385939956,0.5,0,5,1,3000,200,20000,5,0.01
cellcnn,gated_alive,full,cuda,pytorch_materialized_v1,97,21570758,a_003,0,0.9996529459953308,0.5,1,5,1,3000,200,20000,5,0.01
cellcnn,gated_alive,full,cuda,pytorch_materialized_v1,97,21570758,a_006,0,0.10330147594213486,0.5,0,5,1,3000,200,20000,5,0.01
cellcnn,gated_alive,full,cuda,pytorch_materialized_v1,97,21570758,a_009,0,0.11739556640386581,0.5,0,5,1,3000,200,20000,5,0.01
cellcnn,gated_alive,full,cuda,pytorch_materialized_v1,97,21570758,a_3b,0,0.0007618216506671161,0.5,0,5,1,3000,200,20000,5,0.01
cellcnn,gated_alive,full,cuda,pytorch_materialized_v1,97,21570758,a_5b,1,0.9999958753585816,0.5,1,5,1,3000,200,20000,5,0.01
cellcnn,gated_alive,full,cuda,pytorch_materialized_v1,98,107846371,a_006,0,0.20791338980197907,0.5,0,3,0,3000,200,20000,5,0.01
cellcnn,gated_alive,full,cuda,pytorch_materialized_v1,98,107846371,a_011,0,0.06255528852343559,0.5,0,3,0,3000,200,20000,5,0.01
cellcnn,gated_alive,full,cuda,pytorch_materialized_v1,98,107846371,a_1a,0,0.9679314374923706,0.5,1,3,0,3000,200,20000,5,0.01
cellcnn,gated_alive,full,cuda,pytorch_materialized_v1,98,107846371,a_2a,0,0.1827040880918503,0.5,0,3,0,3000,200,20000,5,0.01
cellcnn,gated_alive,full,cuda,pytorch_materialized_v1,98,107846371,a_4a,1,0.988813054561615,0.5,1,3,0,3000,200,20000,5,0.01
cellcnn,gated_alive,full,cuda,pytorch_materialized_v1,98,107846371,a_5a,1,0.9519153237342834,0.5,1,3,0,3000,200,20000,5,0.01
cellcnn,gated_alive,full,cuda,pytorch_materialized_v1,99,2699835958,a_003,0,0.9396230340003967,0.5,1,3,1,3000,200,20000,5,0.01
cellcnn,gated_alive,full,cuda,pytorch_materialized_v1,99,2699835958,a_006,0,0.8686528325080871,0.5,1,3,1,3000,200,20000,5,0.01
cellcnn,gated_alive,full,cuda,pytorch_materialized_v1,99,2699835958,a_007,1,0.9148625731468201,0.5,1,3,1,3000,200,20000,5,0.01
cellcnn,gated_alive,full,cuda,pytorch_materialized_v1,99,2699835958,a_2b,0,0.15236400365829467,0.5,0,3,1,3000,200,20000,5,0.01
cellcnn,gated_alive,full,cuda,pytorch_materialized_v1,99,2699835958,a_3b,0,0.05746139660477638,0.5,0,3,1,3000,200,20000,5,0.01
cellcnn,gated_alive,full,cuda,pytorch_materialized_v1,99,2699835958,a_5b,1,0.9612869024276733,0.5,1,3,1,3000,200,20000,5,0.01
