split_id,donor_id,y_true,filter_id,frequency,n_selected_cells,n_cells,response_threshold,training_donors
0,a_002,1,0,0.0105,210,20000,15.466368675231934,a_001;a_003;a_005;a_007;a_009;a_010;a_011;a_012;a_3a;a_5b
0,a_004,0,0,0.00055,11,20000,15.466368675231934,a_001;a_003;a_005;a_007;a_009;a_010;a_011;a_012;a_3a;a_5b
0,a_006,0,0,0.0,0,20000,15.466368675231934,a_001;a_003;a_005;a_007;a_009;a_010;a_011;a_012;a_3a;a_5b
0,a_1a,0,0,0.00055,11,20000,15.466368675231934,a_001;a_003;a_005;a_007;a_009;a_010;a_011;a_012;a_3a;a_5b
0,a_2a,0,0,0.00045,9,20000,15.466368675231934,a_001;a_003;a_005;a_007;a_009;a_010;a_011;a_012;a_3a;a_5b
0,a_4a,1,0,0.00535,107,20000,15.466368675231934,a_001;a_003;a_005;a_007;a_009;a_010;a_011;a_012;a_3a;a_5b
1,a_002,1,1,0.00505,101,20000,30.29729652404785,a_001;a_005;a_009;a_010;a_011;a_012;a_2b;a_3a;a_4a;a_5b
1,a_003,0,1,0.0006,12,20000,30.29729652404785,a_001;a_005;a_009;a_010;a_011;a_012;a_2b;a_3a;a_4a;a_5b
1,a_004,0,1,0.0001,2,20000,30.29729652404785,a_001;a_005;a_009;a_010;a_011;a_012;a_2b;a_3a;a_4a;a_5b
1,a_006,0,1,0.0,0,20000,30.29729652404785,a_001;a_005;a_009;a_010;a_011;a_012;a_2b;a_3a;a_4a;a_5b
1,a_3b,0,1,0.00015,3,20000,30.29729652404785,a_001;a_005;a_009;a_010;a_011;a_012;a_2b;a_3a;a_4a;a_5b
1,a_5a,1,1,0.0103,206,20000,30.29729652404785,a_001;a_005;a_009;a_010;a_011;a_012;a_2b;a_3a;a_4a;a_5b
2,a_002,1,1,0.00955,191,20000,19.3016300201416,a_001;a_006;a_009;a_011;a_012;a_2a;a_2b;a_4a;a_4b;a_5b
2,a_004,0,1,0.00025,5,20000,19.3016300201416,a_001;a_006;a_009;a_011;a_012;a_2a;a_2b;a_4a;a_4b;a_5b
2,a_007,1,1,0.0001,2,20000,19.3016300201416,a_001;a_006;a_009;a_011;a_012;a_2a;a_2b;a_4a;a_4b;a_5b
2,a_010,0,1,0.0,0,20000,19.3016300201416,a_001;a_006;a_009;a_011;a_012;a_2a;a_2b;a_4a;a_4b;a_5b
2,a_1a,0,1,0.00055,11,20000,19.3016300201416,a_001;a_006;a_009;a_011;a_012;a_2a;a_2b;a_4a;a_4b;a_5b
2,a_3b,0,1,0.0001,2,20000,19.3016300201416,a_001;a_006;a_009;a_011;a_012;a_2a;a_2b;a_4a;a_4b;a_5b
3,a_006,0,1,0.0,0,20000,13.970224380493164,a_001;a_003;a_004;a_005;a_007;a_1a;a_3b;a_4a;a_4b
3,a_009,0,1,0.0,0,20000,13.970224380493164,a_001;a_003;a_004;a_005;a_007;a_1a;a_3b;a_4a;a_4b
3,a_011,0,1,0.0,0,20000,13.970224380493164,a_001;a_003;a_004;a_005;a_007;a_1a;a_3b;a_4a;a_4b
3,a_2a,0,1,0.0002,4,20000,13.970224380493164,a_001;a_003;a_004;a_005;a_007;a_1a;a_3b;a_4a;a_4b
3,a_5a,1,1,0.0104,208,20000,13.970224380493164,a_001;a_003;a_004;a_005;a_007;a_1a;a_3b;a_4a;a_4b
3,a_5b,1,1,0.01415,283,20000,13.970224380493164,a_001;a_003;a_004;a_005;a_007;a_1a;a_3b;a_4a;a_4b
4,a_001,1,2,0.0002,4,20000,13.74079704284668,a_002;a_006;a_007;a_009;a_1a;a_2b;a_3a;a_4a;a_5a
4,a_003,0,2,0.00055,11,20000,13.74079704284668,a_002;a_006;a_007;a_009;a_1a;a_2b;a_3a;a_4a;a_5a
4,a_010,0,2,5e-05,1,20000,13.74079704284668,a_002;a_006;a_007;a_009;a_1a;a_2b;a_3a;a_4a;a_5a
4,a_011,0,2,5e-05,1,20000,13.74079704284668,a_002;a_006;a_007;a_009;a_1a;a_2b;a_3a;a_4a;a_5a
4,a_2a,0,2,0.0001,2,20000,13.74079704284668,a_002;a_006;a_007;a_009;a_1a;a_2b;a_3a;a_4a;a_5a
4,a_4b,1,2,0.0019,38,20000,13.74079704284668,a_002;a_006;a_007;a_009;a_1a;a_2b;a_3a;a_4a;a_5a
5,a_003,0,0,0.00055,11,20000,16.203603744506836,a_001;a_002;a_004;a_006;a_007;a_010;a_1a;a_3a;a_4a
5,a_011,0,0,5e-05,1,20000,16.203603744506836,a_001;a_002;a_004;a_006;a_007;a_010;a_1a;a_3a;a_4a
5,a_2b,0,0,0.00035,7,20000,16.203603744506836,a_001;a_002;a_004;a_006;a_007;a_010;a_1a;a_3a;a_4a
5,a_3b,0,0,0.0002,4,20000,16.203603744506836,a_001;a_002;a_004;a_006;a_007;a_010;a_1a;a_3a;a_4a
5,a_5a,1,0,0.0136,272,20000,16.203603744506836,a_001;a_002;a_004;a_006;a_007;a_010;a_1a;a_3a;a_4a
5,a_5b,1,0,0.0146,292,20000,16.203603744506836,a_001;a_002;a_004;a_006;a_007;a_010;a_1a;a_3a;a_4a
6,a_001,1,3,5e-05,1,20000,19.907039642333984,a_002;a_004;a_006;a_007;a_009;a_010;a_012;a_3b;a_4b;a_5b
6,a_003,0,3,0.00025,5,20000,19.907039642333984,a_002;a_004;a_006;a_007;a_009;a_010;a_012;a_3b;a_4b;a_5b
6,a_1a,0,3,0.00045,9,20000,19.907039642333984,a_002;a_004;a_006;a_007;a_009;a_010;a_012;a_3b;a_4b;a_5b
6,a_2a,0,3,0.00015,3,20000,19.907039642333984,a_002;a_004;a_006;a_007;a_009;a_010;a_012;a_3b;a_4b;a_5b
6,a_2b,0,3,0.0003,6,20000,19.907039642333984,a_002;a_004;a_006;a_007;a_009;a_010;a_012;a_3b;a_4b;a_5b
6,a_5a,1,3,0.00855,171,20000,19.907039642333984,a_002;a_004;a_006;a_007;a_009;a_010;a_012;a_3b;a_4b;a_5b
7,a_002,1,1,0.0,0,20000,2.0471653938293457,a_001;a_003;a_005;a_007;a_009;a_011;a_3b;a_4a;a_5a
7,a_004,0,1,0.0,0,20000,2.0471653938293457,a_001;a_003;a_005;a_007;a_009;a_011;a_3b;a_4a;a_5a
7,a_010,0,1,0.0001,2,20000,2.0471653938293457,a_001;a_003;a_005;a_007;a_009;a_011;a_3b;a_4a;a_5a
7,a_012,1,1,0.0,0,20000,2.0471653938293457,a_001;a_003;a_005;a_007;a_009;a_011;a_3b;a_4a;a_5a
7,a_1a,0,1,0.0001,2,20000,2.0471653938293457,a_001;a_003;a_005;a_007;a_009;a_011;a_3b;a_4a;a_5a
7,a_2a,0,1,0.0,0,20000,2.0471653938293457,a_001;a_003;a_005;a_007;a_009;a_011;a_3b;a_4a;a_5a
8,a_001,1,0,0.0001,2,20000,22.896577835083008,a_002;a_003;a_005;a_007;a_009;a_1a;a_3a;a_3b;a_4a;a_5b
8,a_006,0,0,0.0,0,20000,22.896577835083008,a_002;a_003;a_005;a_007;a_009;a_1a;a_3a;a_3b;a_4a;a_5b
8,a_010,0,0,5e-05,1,20000,22.896577835083008,a_002;a_003;a_005;a_007;a_009;a_1a;a_3a;a_3b;a_4a;a_5b
8,a_2a,0,0,0.0003,6,20000,22.896577835083008,a_002;a_003;a_005;a_007;a_009;a_1a;a_3a;a_3b;a_4a;a_5b
8,a_2b,0,0,0.00035,7,20000,22.896577835083008,a_002;a_003;a_005;a_007;a_009;a_1a;a_3a;a_3b;a_4a;a_5b
8,a_5a,1,0,0.009,180,20000,22.896577835083008,a_002;a_003;a_005;a_007;a_009;a_1a;a_3a;a_3b;a_4a;a_5b
9,a_003,0,0,0.00055,11,20000,19.17913246154785,a_001;a_002;a_004;a_005;a_009;a_010;a_3b;a_5a;a_5b
9,a_007,1,0,0.00045,9,20000,19.17913246154785,a_001;a_002;a_004;a_005;a_009;a_010;a_3b;a_5a;a_5b
9,a_011,0,0,5e-05,1,20000,19.17913246154785,a_001;a_002;a_004;a_005;a_009;a_010;a_3b;a_5a;a_5b
9,a_2b,0,0,0.00055,11,20000,19.17913246154785,a_001;a_002;a_004;a_005;a_009;a_010;a_3b;a_5a;a_5b
9,a_3a,0,0,0.0002,4,20000,19.17913246154785,a_001;a_002;a_004;a_005;a_009;a_010;a_3b;a_5a;a_5b
9,a_4b,1,0,0.0026,52,20000,19.17913246154785,a_001;a_002;a_004;a_005;a_009;a_010;a_3b;a_5a;a_5b
10,a_002,1,3,0.0128,256,20000,13.945211410522461,a_001;a_004;a_005;a_011;a_012;a_1a;a_2b;a_3b;a_4b;a_5b
10,a_003,0,3,0.00065,13,20000,13.945211410522461,a_001;a_004;a_005;a_011;a_012;a_1a;a_2b;a_3b;a_4b;a_5b
10,a_007,1,3,0.00055,11,20000,13.945211410522461,a_001;a_004;a_005;a_011;a_012;a_1a;a_2b;a_3b;a_4b;a_5b
10,a_009,0,3,0.0,0,20000,13.945211410522461,a_001;a_004;a_005;a_011;a_012;a_1a;a_2b;a_3b;a_4b;a_5b
10,a_010,0,3,5e-05,1,20000,13.945211410522461,a_001;a_004;a_005;a_011;a_012;a_1a;a_2b;a_3b;a_4b;a_5b
10,a_2a,0,3,0.0004,8,20000,13.945211410522461,a_001;a_004;a_005;a_011;a_012;a_1a;a_2b;a_3b;a_4b;a_5b
11,a_002,1,3,0.00075,15,20000,9.565874099731445,a_001;a_004;a_005;a_009;a_2a;a_3a;a_3b;a_4b;a_5a;a_5b
11,a_003,0,3,0.0,0,20000,9.565874099731445,a_001;a_004;a_005;a_009;a_2a;a_3a;a_3b;a_4b;a_5a;a_5b
11,a_006,0,3,0.0,0,20000,9.565874099731445,a_001;a_004;a_005;a_009;a_2a;a_3a;a_3b;a_4b;a_5a;a_5b
11,a_010,0,3,0.0,0,20000,9.565874099731445,a_001;a_004;a_005;a_009;a_2a;a_3a;a_3b;a_4b;a_5a;a_5b
11,a_011,0,3,0.0,0,20000,9.565874099731445,a_001;a_004;a_005;a_009;a_2a;a_3a;a_3b;a_4b;a_5a;a_5b
11,a_012,1,3,5e-05,1,20000,9.565874099731445,a_001;a_004;a_005;a_009;a_2a;a_3a;a_3b;a_4b;a_5a;a_5b
12,a_001,1,4,0.0,0,20000,40.41672134399414,a_002;a_007;a_009;a_010;a_011;a_012;a_2a;a_3b;a_4b;a_5a
12,a_003,0,4,0.0002,4,20000,40.41672134399414,a_002;a_007;a_009;a_010;a_011;a_012;a_2a;a_3b;a_4b;a_5a
12,a_004,0,4,5e-05,1,20000,40.41672134399414,a_002;a_007;a_009;a_010;a_011;a_012;a_2a;a_3b;a_4b;a_5a
12,a_006,0,4,0.0,0,20000,40.41672134399414,a_002;a_007;a_009;a_010;a_011;a_012;a_2a;a_3b;a_4b;a_5a
12,a_3a,0,4,5e-05,1,20000,40.41672134399414,a_002;a_007;a_009;a_010;a_011;a_012;a_2a;a_3b;a_4b;a_5a
12,a_4a,1,4,0.00325,65,20000,40.41672134399414,a_002;a_007;a_009;a_010;a_011;a_012;a_2a;a_3b;a_4b;a_5a
13,a_004,0,1,0.0006,12,20000,26.93703842163086,a_001;a_003;a_005;a_007;a_010;a_011;a_012;a_2a;a_2b;a_4a
13,a_009,0,1,0.0,0,20000,26.93703842163086,a_001;a_003;a_005;a_007;a_010;a_011;a_012;a_2a;a_2b;a_4a
13,a_1a,0,1,0.00175,35,20000,26.93703842163086,a_001;a_003;a_005;a_007;a_010;a_011;a_012;a_2a;a_2b;a_4a
13,a_3b,0,1,0.00065,13,20000,26.93703842163086,a_001;a_003;a_005;a_007;a_010;a_011;a_012;a_2a;a_2b;a_4a
13,a_4b,1,1,0.0025,50,20000,26.93703842163086,a_001;a_003;a_005;a_007;a_010;a_011;a_012;a_2a;a_2b;a_4a
13,a_5a,1,1,0.0155,310,20000,26.93703842163086,a_001;a_003;a_005;a_007;a_010;a_011;a_012;a_2a;a_2b;a_4a
14,a_005,1,1,0.0054,108,20000,20.567140579223633,a_002;a_004;a_006;a_007;a_009;a_012;a_2b;a_4a;a_5b
14,a_010,0,1,0.0,0,20000,20.567140579223633,a_002;a_004;a_006;a_007;a_009;a_012;a_2b;a_4a;a_5b
14,a_2a,0,1,0.0001,2,20000,20.567140579223633,a_002;a_004;a_006;a_007;a_009;a_012;a_2b;a_4a;a_5b
14,a_3a,0,1,0.0001,2,20000,20.567140579223633,a_002;a_004;a_006;a_007;a_009;a_012;a_2b;a_4a;a_5b
14,a_3b,0,1,0.0,0,20000,20.567140579223633,a_002;a_004;a_006;a_007;a_009;a_012;a_2b;a_4a;a_5b
14,a_5a,1,1,0.0081,162,20000,20.567140579223633,a_002;a_004;a_006;a_007;a_009;a_012;a_2b;a_4a;a_5b
15,a_002,1,0,0.0056,112,20000,18.27729034423828,a_004;a_005;a_007;a_009;a_010;a_012;a_2a;a_4a;a_5b
15,a_003,0,0,0.00035,7,20000,18.27729034423828,a_004;a_005;a_007;a_009;a_010;a_012;a_2a;a_4a;a_5b
15,a_011,0,0,0.0,0,20000,18.27729034423828,a_004;a_005;a_007;a_009;a_010;a_012;a_2a;a_4a;a_5b
15,a_1a,0,0,0.0006,12,20000,18.27729034423828,a_004;a_005;a_007;a_009;a_010;a_012;a_2a;a_4a;a_5b
15,a_3a,0,0,0.00015,3,20000,18.27729034423828,a_004;a_005;a_007;a_009;a_010;a_012;a_2a;a_4a;a_5b
15,a_4b,1,0,0.0021,42,20000,18.27729034423828,a_004;a_005;a_007;a_009;a_010;a_012;a_2a;a_4a;a_5b
16,a_003,0,1,0.00065,13,20000,18.407917022705078,a_001;a_009;a_011;a_1a;a_3a;a_3b;a_4a;a_4b;a_5b
16,a_006,0,1,0.0,0,20000,18.407917022705078,a_001;a_009;a_011;a_1a;a_3a;a_3b;a_4a;a_4b;a_5b
16,a_012,1,1,0.0005,10,20000,18.407917022705078,a_001;a_009;a_011;a_1a;a_3a;a_3b;a_4a;a_4b;a_5b
16,a_2a,0,1,0.0007,14,20000,18.407917022705078,a_001;a_009;a_011;a_1a;a_3a;a_3b;a_4a;a_4b;a_5b
16,a_2b,0,1,0.00055,11,20000,18.407917022705078,a_001;a_009;a_011;a_1a;a_3a;a_3b;a_4a;a_4b;a_5b
16,a_5a,1,1,0.0139,278,20000,18.407917022705078,a_001;a_009;a_011;a_1a;a_3a;a_3b;a_4a;a_4b;a_5b
17,a_004,0,3,0.0,0,20000,15.987655639648438,a_001;a_003;a_005;a_006;a_1a;a_2b;a_3a;a_4b;a_5a
17,a_007,1,3,0.0,0,20000,15.987655639648438,a_001;a_003;a_005;a_006;a_1a;a_2b;a_3a;a_4b;a_5a
17,a_009,0,3,0.0,0,20000,15.987655639648438,a_001;a_003;a_005;a_006;a_1a;a_2b;a_3a;a_4b;a_5a
17,a_011,0,3,0.0,0,20000,15.987655639648438,a_001;a_003;a_005;a_006;a_1a;a_2b;a_3a;a_4b;a_5a
17,a_2a,0,3,5e-05,1,20000,15.987655639648438,a_001;a_003;a_005;a_006;a_1a;a_2b;a_3a;a_4b;a_5a
17,a_4a,1,3,0.0012,24,20000,15.987655639648438,a_001;a_003;a_005;a_006;a_1a;a_2b;a_3a;a_4b;a_5a
18,a_003,0,1,0.0012,24,20000,12.819934844970703,a_001;a_002;a_006;a_007;a_010;a_012;a_2a;a_3b;a_4b
18,a_004,0,1,0.0007,14,20000,12.819934844970703,a_001;a_002;a_006;a_007;a_010;a_012;a_2a;a_3b;a_4b
18,a_005,1,1,0.01735,347,20000,12.819934844970703,a_001;a_002;a_006;a_007;a_010;a_012;a_2a;a_3b;a_4b
18,a_1a,0,1,0.0017,34,20000,12.819934844970703,a_001;a_002;a_006;a_007;a_010;a_012;a_2a;a_3b;a_4b
18,a_3a,0,1,0.00035,7,20000,12.819934844970703,a_001;a_002;a_006;a_007;a_010;a_012;a_2a;a_3b;a_4b
18,a_4a,1,1,0.01255,251,20000,12.819934844970703,a_001;a_002;a_006;a_007;a_010;a_012;a_2a;a_3b;a_4b
19,a_003,0,2,0.00055,11,20000,14.51557731628418,a_001;a_002;a_007;a_009;a_010;a_012;a_1a;a_3a;a_5b
19,a_005,1,2,0.01115,223,20000,14.51557731628418,a_001;a_002;a_007;a_009;a_010;a_012;a_1a;a_3a;a_5b
19,a_006,0,2,0.0,0,20000,14.51557731628418,a_001;a_002;a_007;a_009;a_010;a_012;a_1a;a_3a;a_5b
19,a_2a,0,2,0.0004,8,20000,14.51557731628418,a_001;a_002;a_007;a_009;a_010;a_012;a_1a;a_3a;a_5b
19,a_2b,0,2,0.0004,8,20000,14.51557731628418,a_001;a_002;a_007;a_009;a_010;a_012;a_1a;a_3a;a_5b
19,a_4b,1,2,0.00225,45,20000,14.51557731628418,a_001;a_002;a_007;a_009;a_010;a_012;a_1a;a_3a;a_5b
20,a_002,1,0,0.0053,106,20000,20.883384704589844,a_001;a_004;a_005;a_006;a_007;a_1a;a_2a;a_3b;a_4a;a_4b
20,a_003,0,0,0.0007,14,20000,20.883384704589844,a_001;a_004;a_005;a_006;a_007;a_1a;a_2a;a_3b;a_4a;a_4b
20,a_009,0,0,5e-05,1,20000,20.883384704589844,a_001;a_004;a_005;a_006;a_007;a_1a;a_2a;a_3b;a_4a;a_4b
20,a_011,0,0,5e-05,1,20000,20.883384704589844,a_001;a_004;a_005;a_006;a_007;a_1a;a_2a;a_3b;a_4a;a_4b
20,a_012,1,0,0.00075,15,20000,20.883384704589844,a_001;a_004;a_005;a_006;a_007;a_1a;a_2a;a_3b;a_4a;a_4b
20,a_2b,0,0,0.00025,5,20000,20.883384704589844,a_001;a_004;a_005;a_006;a_007;a_1a;a_2a;a_3b;a_4a;a_4b
21,a_006,0,0,0.0,0,20000,9.93245792388916,a_002;a_003;a_004;a_007;a_1a;a_2b;a_3b;a_4a;a_4b
21,a_009,0,0,0.0,0,20000,9.93245792388916,a_002;a_003;a_004;a_007;a_1a;a_2b;a_3b;a_4a;a_4b
21,a_010,0,0,5e-05,1,20000,9.93245792388916,a_002;a_003;a_004;a_007;a_1a;a_2b;a_3b;a_4a;a_4b
21,a_012,1,0,0.0002,4,20000,9.93245792388916,a_002;a_003;a_004;a_007;a_1a;a_2b;a_3b;a_4a;a_4b
21,a_3a,0,0,5e-05,1,20000,9.93245792388916,a_002;a_003;a_004;a_007;a_1a;a_2b;a_3b;a_4a;a_4b
21,a_5a,1,0,0.00765,153,20000,9.93245792388916,a_002;a_003;a_004;a_007;a_1a;a_2b;a_3b;a_4a;a_4b
22,a_004,0,0,0.00105,21,20000,4.608798027038574,a_001;a_002;a_003;a_009;a_012;a_1a;a_2b;a_3a;a_4b;a_5a
22,a_005,1,0,0.0018,36,20000,4.608798027038574,a_001;a_002;a_003;a_009;a_012;a_1a;a_2b;a_3a;a_4b;a_5a
22,a_010,0,0,0.0033,66,20000,4.608798027038574,a_001;a_002;a_003;a_009;a_012;a_1a;a_2b;a_3a;a_4b;a_5a
22,a_2a,0,0,0.00135,27,20000,4.608798027038574,a_001;a_002;a_003;a_009;a_012;a_1a;a_2b;a_3a;a_4b;a_5a
22,a_3b,0,0,0.00095,19,20000,4.608798027038574,a_001;a_002;a_003;a_009;a_012;a_1a;a_2b;a_3a;a_4b;a_5a
22,a_4a,1,0,0.0042,84,20000,4.608798027038574,a_001;a_002;a_003;a_009;a_012;a_1a;a_2b;a_3a;a_4b;a_5a
23,a_007,1,2,0.001,20,20000,5.9333343505859375,a_001;a_003;a_005;a_006;a_1a;a_2b;a_3b;a_4a;a_4b
23,a_009,0,2,0.0011,22,20000,5.9333343505859375,a_001;a_003;a_005;a_006;a_1a;a_2b;a_3b;a_4a;a_4b
23,a_010,0,2,0.001,20,20000,5.9333343505859375,a_001;a_003;a_005;a_006;a_1a;a_2b;a_3b;a_4a;a_4b
23,a_011,0,2,5e-05,1,20000,5.9333343505859375,a_001;a_003;a_005;a_006;a_1a;a_2b;a_3b;a_4a;a_4b
23,a_2a,0,2,0.00025,5,20000,5.9333343505859375,a_001;a_003;a_005;a_006;a_1a;a_2b;a_3b;a_4a;a_4b
23,a_5b,1,2,0.0013,26,20000,5.9333343505859375,a_001;a_003;a_005;a_006;a_1a;a_2b;a_3b;a_4a;a_4b
24,a_003,0,1,0.001,20,20000,16.933168411254883,a_001;a_007;a_009;a_010;a_011;a_012;a_1a;a_2b;a_4b
24,a_004,0,1,0.00095,19,20000,16.933168411254883,a_001;a_007;a_009;a_010;a_011;a_012;a_1a;a_2b;a_4b
24,a_2a,0,1,0.00125,25,20000,16.933168411254883,a_001;a_007;a_009;a_010;a_011;a_012;a_1a;a_2b;a_4b
24,a_3a,0,1,0.0005,10,20000,16.933168411254883,a_001;a_007;a_009;a_010;a_011;a_012;a_1a;a_2b;a_4b
24,a_4a,1,1,0.01225,245,20000,16.933168411254883,a_001;a_007;a_009;a_010;a_011;a_012;a_1a;a_2b;a_4b
24,a_5b,1,1,0.0213,426,20000,16.933168411254883,a_001;a_007;a_009;a_010;a_011;a_012;a_1a;a_2b;a_4b
25,a_007,1,1,0.0005,10,20000,15.084001541137695,a_001;a_002;a_004;a_006;a_009;a_010;a_012;a_2a;a_4a;a_5a
25,a_011,0,1,0.0001,2,20000,15.084001541137695,a_001;a_002;a_004;a_006;a_009;a_010;a_012;a_2a;a_4a;a_5a
25,a_1a,0,1,0.001,20,20000,15.084001541137695,a_001;a_002;a_004;a_006;a_009;a_010;a_012;a_2a;a_4a;a_5a
25,a_2b,0,1,0.00025,5,20000,15.084001541137695,a_001;a_002;a_004;a_006;a_009;a_010;a_012;a_2a;a_4a;a_5a
25,a_3b,0,1,0.00025,5,20000,15.084001541137695,a_001;a_002;a_004;a_006;a_009;a_010;a_012;a_2a;a_4a;a_5a
25,a_4b,1,1,0.002,40,20000,15.084001541137695,a_001;a_002;a_004;a_006;a_009;a_010;a_012;a_2a;a_4a;a_5a
26,a_003,0,0,0.00075,15,20000,20.02031707763672,a_001;a_002;a_005;a_006;a_012;a_2a;a_2b;a_3a;a_4b
26,a_004,0,0,0.0003,6,20000,20.02031707763672,a_001;a_002;a_005;a_006;a_012;a_2a;a_2b;a_3a;a_4b
26,a_007,1,0,0.00035,7,20000,20.02031707763672,a_001;a_002;a_005;a_006;a_012;a_2a;a_2b;a_3a;a_4b
26,a_010,0,0,5e-05,1,20000,20.02031707763672,a_001;a_002;a_005;a_006;a_012;a_2a;a_2b;a_3a;a_4b
26,a_3b,0,0,0.0001,2,20000,20.02031707763672,a_001;a_002;a_005;a_006;a_012;a_2a;a_2b;a_3a;a_4b
26,a_4a,1,0,0.00775,155,20000,20.02031707763672,a_001;a_002;a_005;a_006;a_012;a_2a;a_2b;a_3a;a_4b
27,a_001,1,1,0.00015,3,20000,18.115535736083984,a_003;a_004;a_007;a_009;a_010;a_012;a_2a;a_4a;a_4b
27,a_006,0,1,5e-05,1,20000,18.115535736083984,a_003;a_004;a_007;a_009;a_010;a_012;a_2a;a_4a;a_4b
27,a_011,0,1,5e-05,1,20000,18.115535736083984,a_003;a_004;a_007;a_009;a_010;a_012;a_2a;a_4a;a_4b
27,a_2b,0,1,0.00035,7,20000,18.115535736083984,a_003;a_004;a_007;a_009;a_010;a_012;a_2a;a_4a;a_4b
27,a_3a,0,1,0.0002,4,20000,18.115535736083984,a_003;a_004;a_007;a_009;a_010;a_012;a_2a;a_4a;a_4b
27,a_5b,1,1,0.0184,368,20000,18.115535736083984,a_003;a_004;a_007;a_009;a_010;a_012;a_2a;a_4a;a_4b
28,a_003,0,0,0.0008,16,20000,25.058570861816406,a_001;a_002;a_005;a_009;a_010;a_011;a_1a;a_2b;a_4a
28,a_004,0,0,0.0004,8,20000,25.058570861816406,a_001;a_002;a_005;a_009;a_010;a_011;a_1a;a_2b;a_4a
28,a_3a,0,0,0.00035,7,20000,25.058570861816406,a_001;a_002;a_005;a_009;a_010;a_011;a_1a;a_2b;a_4a
28,a_3b,0,0,0.0002,4,20000,25.058570861816406,a_001;a_002;a_005;a_009;a_010;a_011;a_1a;a_2b;a_4a
28,a_4b,1,0,0.0035,70,20000,25.058570861816406,a_001;a_002;a_005;a_009;a_010;a_011;a_1a;a_2b;a_4a
28,a_5b,1,0,0.0164,328,20000,25.058570861816406,a_001;a_002;a_005;a_009;a_010;a_011;a_1a;a_2b;a_4a
29,a_004,0,4,0.00055,11,20000,17.30453872680664,a_001;a_003;a_005;a_006;a_007;a_010;a_011;a_1a;a_4a;a_5a
29,a_009,0,4,0.0,0,20000,17.30453872680664,a_001;a_003;a_005;a_006;a_007;a_010;a_011;a_1a;a_4a;a_5a
29,a_012,1,4,0.00175,35,20000,17.30453872680664,a_001;a_003;a_005;a_006;a_007;a_010;a_011;a_1a;a_4a;a_5a
29,a_2b,0,4,0.0008,16,20000,17.30453872680664,a_001;a_003;a_005;a_006;a_007;a_010;a_011;a_1a;a_4a;a_5a
29,a_3b,0,4,0.00035,7,20000,17.30453872680664,a_001;a_003;a_005;a_006;a_007;a_010;a_011;a_1a;a_4a;a_5a
29,a_5b,1,4,0.01875,375,20000,17.30453872680664,a_001;a_003;a_005;a_006;a_007;a_010;a_011;a_1a;a_4a;a_5a
30,a_004,0,3,0.0002,4,20000,12.415656089782715,a_001;a_002;a_009;a_011;a_012;a_2a;a_3b;a_4a;a_5b
30,a_005,1,3,0.0073,146,20000,12.415656089782715,a_001;a_002;a_009;a_011;a_012;a_2a;a_3b;a_4a;a_5b
30,a_007,1,3,0.0005,10,20000,12.415656089782715,a_001;a_002;a_009;a_011;a_012;a_2a;a_3b;a_4a;a_5b
30,a_1a,0,3,0.00025,5,20000,12.415656089782715,a_001;a_002;a_009;a_011;a_012;a_2a;a_3b;a_4a;a_5b
30,a_2b,0,3,0.00025,5,20000,12.415656089782715,a_001;a_002;a_009;a_011;a_012;a_2a;a_3b;a_4a;a_5b
30,a_3a,0,3,0.0002,4,20000,12.415656089782715,a_001;a_002;a_009;a_011;a_012;a_2a;a_3b;a_4a;a_5b
31,a_001,1,3,0.0,0,20000,12.119789123535156,a_002;a_006;a_009;a_2a;a_3a;a_3b;a_4a;a_4b;a_5b
31,a_003,0,3,0.00015,3,20000,12.119789123535156,a_002;a_006;a_009;a_2a;a_3a;a_3b;a_4a;a_4b;a_5b
31,a_004,0,3,5e-05,1,20000,12.119789123535156,a_002;a_006;a_009;a_2a;a_3a;a_3b;a_4a;a_4b;a_5b
31,a_007,1,3,0.0,0,20000,12.119789123535156,a_002;a_006;a_009;a_2a;a_3a;a_3b;a_4a;a_4b;a_5b
31,a_010,0,3,5e-05,1,20000,12.119789123535156,a_002;a_006;a_009;a_2a;a_3a;a_3b;a_4a;a_4b;a_5b
31,a_1a,0,3,0.00045,9,20000,12.119789123535156,a_002;a_006;a_009;a_2a;a_3a;a_3b;a_4a;a_4b;a_5b
32,a_003,0,0,0.002,40,20000,21.498750686645508,a_001;a_002;a_004;a_006;a_010;a_2a;a_3b;a_4b;a_5a
32,a_009,0,0,5e-05,1,20000,21.498750686645508,a_001;a_002;a_004;a_006;a_010;a_2a;a_3b;a_4b;a_5a
32,a_011,0,0,0.0,0,20000,21.498750686645508,a_001;a_002;a_004;a_006;a_010;a_2a;a_3b;a_4b;a_5a
32,a_012,1,0,0.0013,26,20000,21.498750686645508,a_001;a_002;a_004;a_006;a_010;a_2a;a_3b;a_4b;a_5a
32,a_3a,0,0,5e-05,1,20000,21.498750686645508,a_001;a_002;a_004;a_006;a_010;a_2a;a_3b;a_4b;a_5a
32,a_4a,1,0,0.00785,157,20000,21.498750686645508,a_001;a_002;a_004;a_006;a_010;a_2a;a_3b;a_4b;a_5a
33,a_007,1,1,0.0013,26,20000,23.03415298461914,a_001;a_004;a_005;a_010;a_012;a_1a;a_2a;a_3b;a_5a
33,a_009,0,1,5e-05,1,20000,23.03415298461914,a_001;a_004;a_005;a_010;a_012;a_1a;a_2a;a_3b;a_5a
33,a_011,0,1,5e-05,1,20000,23.03415298461914,a_001;a_004;a_005;a_010;a_012;a_1a;a_2a;a_3b;a_5a
33,a_2b,0,1,0.00025,5,20000,23.03415298461914,a_001;a_004;a_005;a_010;a_012;a_1a;a_2a;a_3b;a_5a
33,a_3a,0,1,0.00025,5,20000,23.03415298461914,a_001;a_004;a_005;a_010;a_012;a_1a;a_2a;a_3b;a_5a
33,a_4b,1,1,0.00125,25,20000,23.03415298461914,a_001;a_004;a_005;a_010;a_012;a_1a;a_2a;a_3b;a_5a
34,a_005,1,2,0.009,180,20000,21.483230590820312,a_001;a_002;a_003;a_004;a_006;a_1a;a_3b;a_4a;a_4b;a_5b
34,a_009,0,2,0.0,0,20000,21.483230590820312,a_001;a_002;a_003;a_004;a_006;a_1a;a_3b;a_4a;a_4b;a_5b
34,a_010,0,2,5e-05,1,20000,21.483230590820312,a_001;a_002;a_003;a_004;a_006;a_1a;a_3b;a_4a;a_4b;a_5b
34,a_011,0,2,0.0001,2,20000,21.483230590820312,a_001;a_002;a_003;a_004;a_006;a_1a;a_3b;a_4a;a_4b;a_5b
34,a_2a,0,2,0.00105,21,20000,21.483230590820312,a_001;a_002;a_003;a_004;a_006;a_1a;a_3b;a_4a;a_4b;a_5b
34,a_5a,1,2,0.0106,212,20000,21.483230590820312,a_001;a_002;a_003;a_004;a_006;a_1a;a_3b;a_4a;a_4b;a_5b
35,a_004,0,3,0.00045,9,20000,22.189659118652344,a_001;a_002;a_003;a_005;a_007;a_010;a_2a;a_3b;a_4b
35,a_009,0,3,0.0,0,20000,22.189659118652344,a_001;a_002;a_003;a_005;a_007;a_010;a_2a;a_3b;a_4b
35,a_012,1,3,0.00135,27,20000,22.189659118652344,a_001;a_002;a_003;a_005;a_007;a_010;a_2a;a_3b;a_4b
35,a_2b,0,3,0.0006,12,20000,22.189659118652344,a_001;a_002;a_003;a_005;a_007;a_010;a_2a;a_3b;a_4b
35,a_3a,0,3,0.0003,6,20000,22.189659118652344,a_001;a_002;a_003;a_005;a_007;a_010;a_2a;a_3b;a_4b
35,a_5b,1,3,0.01945,389,20000,22.189659118652344,a_001;a_002;a_003;a_005;a_007;a_010;a_2a;a_3b;a_4b
36,a_003,0,4,0.0008,16,20000,17.125614166259766,a_001;a_004;a_005;a_006;a_007;a_010;a_012;a_1a;a_2a
36,a_009,0,4,0.0,0,20000,17.125614166259766,a_001;a_004;a_005;a_006;a_007;a_010;a_012;a_1a;a_2a
36,a_011,0,4,0.0001,2,20000,17.125614166259766,a_001;a_004;a_005;a_006;a_007;a_010;a_012;a_1a;a_2a
36,a_3a,0,4,0.0004,8,20000,17.125614166259766,a_001;a_004;a_005;a_006;a_007;a_010;a_012;a_1a;a_2a
36,a_4b,1,4,0.0009,18,20000,17.125614166259766,a_001;a_004;a_005;a_006;a_007;a_010;a_012;a_1a;a_2a
36,a_5b,1,4,0.0105,210,20000,17.125614166259766,a_001;a_004;a_005;a_006;a_007;a_010;a_012;a_1a;a_2a
37,a_004,0,4,0.0002,4,20000,13.479327201843262,a_001;a_002;a_005;a_009;a_010;a_1a;a_3a;a_3b;a_5a;a_5b
37,a_007,1,4,0.0006,12,20000,13.479327201843262,a_001;a_002;a_005;a_009;a_010;a_1a;a_3a;a_3b;a_5a;a_5b
37,a_011,0,4,0.0,0,20000,13.479327201843262,a_001;a_002;a_005;a_009;a_010;a_1a;a_3a;a_3b;a_5a;a_5b
37,a_2a,0,4,0.0003,6,20000,13.479327201843262,a_001;a_002;a_005;a_009;a_010;a_1a;a_3a;a_3b;a_5a;a_5b
37,a_2b,0,4,0.0003,6,20000,13.479327201843262,a_001;a_002;a_005;a_009;a_010;a_1a;a_3a;a_3b;a_5a;a_5b
37,a_4a,1,4,0.00615,123,20000,13.479327201843262,a_001;a_002;a_005;a_009;a_010;a_1a;a_3a;a_3b;a_5a;a_5b
38,a_002,1,1,0.0186,372,20000,12.286133766174316,a_001;a_003;a_007;a_009;a_012;a_2a;a_2b;a_3b;a_4a;a_4b
38,a_004,0,1,0.0003,6,20000,12.286133766174316,a_001;a_003;a_007;a_009;a_012;a_2a;a_2b;a_3b;a_4a;a_4b
38,a_006,0,1,0.00015,3,20000,12.286133766174316,a_001;a_003;a_007;a_009;a_012;a_2a;a_2b;a_3b;a_4a;a_4b
38,a_011,0,1,0.0001,2,20000,12.286133766174316,a_001;a_003;a_007;a_009;a_012;a_2a;a_2b;a_3b;a_4a;a_4b
38,a_3a,0,1,0.0002,4,20000,12.286133766174316,a_001;a_003;a_007;a_009;a_012;a_2a;a_2b;a_3b;a_4a;a_4b
38,a_5b,1,1,0.0176,352,20000,12.286133766174316,a_001;a_003;a_007;a_009;a_012;a_2a;a_2b;a_3b;a_4a;a_4b
39,a_001,1,1,0.00015,3,20000,12.535823822021484,a_002;a_003;a_004;a_005;a_006;a_007;a_011;a_2a;a_4b;a_5a
39,a_009,0,1,0.0,0,20000,12.535823822021484,a_002;a_003;a_004;a_005;a_006;a_007;a_011;a_2a;a_4b;a_5a
39,a_1a,0,1,0.00115,23,20000,12.535823822021484,a_002;a_003;a_004;a_005;a_006;a_007;a_011;a_2a;a_4b;a_5a
39,a_2b,0,1,0.00025,5,20000,12.535823822021484,a_002;a_003;a_004;a_005;a_006;a_007;a_011;a_2a;a_4b;a_5a
39,a_3a,0,1,0.00015,3,20000,12.535823822021484,a_002;a_003;a_004;a_005;a_006;a_007;a_011;a_2a;a_4b;a_5a
39,a_4a,1,1,0.006,120,20000,12.535823822021484,a_002;a_003;a_004;a_005;a_006;a_007;a_011;a_2a;a_4b;a_5a
40,a_001,1,4,0.0,0,20000,42.449607849121094,a_007;a_009;a_010;a_012;a_2b;a_3a;a_4a;a_4b;a_5a
40,a_003,0,4,0.0002,4,20000,42.449607849121094,a_007;a_009;a_010;a_012;a_2b;a_3a;a_4a;a_4b;a_5a
40,a_005,1,4,0.001,20,20000,42.449607849121094,a_007;a_009;a_010;a_012;a_2b;a_3a;a_4a;a_4b;a_5a
40,a_006,0,4,0.00015,3,20000,42.449607849121094,a_007;a_009;a_010;a_012;a_2b;a_3a;a_4a;a_4b;a_5a
40,a_2a,0,4,0.00015,3,20000,42.449607849121094,a_007;a_009;a_010;a_012;a_2b;a_3a;a_4a;a_4b;a_5a
40,a_3b,0,4,0.0,0,20000,42.449607849121094,a_007;a_009;a_010;a_012;a_2b;a_3a;a_4a;a_4b;a_5a
41,a_001,1,4,0.00015,3,20000,4.863476753234863,a_002;a_003;a_004;a_005;a_011;a_012;a_1a;a_4b;a_5b
41,a_006,0,4,0.0001,2,20000,4.863476753234863,a_002;a_003;a_004;a_005;a_011;a_012;a_1a;a_4b;a_5b
41,a_009,0,4,0.0,0,20000,4.863476753234863,a_002;a_003;a_004;a_005;a_011;a_012;a_1a;a_4b;a_5b
41,a_2b,0,4,0.00045,9,20000,4.863476753234863,a_002;a_003;a_004;a_005;a_011;a_012;a_1a;a_4b;a_5b
41,a_3a,0,4,5e-05,1,20000,4.863476753234863,a_002;a_003;a_004;a_005;a_011;a_012;a_1a;a_4b;a_5b
41,a_4a,1,4,0.00355,71,20000,4.863476753234863,a_002;a_003;a_004;a_005;a_011;a_012;a_1a;a_4b;a_5b
42,a_009,0,2,0.0,0,20000,20.25588607788086,a_001;a_002;a_003;a_004;a_005;a_006;a_007;a_010;a_011;a_5a
42,a_012,1,2,0.0008,16,20000,20.25588607788086,a_001;a_002;a_003;a_004;a_005;a_006;a_007;a_010;a_011;a_5a
42,a_1a,0,2,0.00165,33,20000,20.25588607788086,a_001;a_002;a_003;a_004;a_005;a_006;a_007;a_010;a_011;a_5a
42,a_2a,0,2,0.0003,6,20000,20.25588607788086,a_001;a_002;a_003;a_004;a_005;a_006;a_007;a_010;a_011;a_5a
42,a_2b,0,2,0.00045,9,20000,20.25588607788086,a_001;a_002;a_003;a_004;a_005;a_006;a_007;a_010;a_011;a_5a
42,a_4b,1,2,0.00235,47,20000,20.25588607788086,a_001;a_002;a_003;a_004;a_005;a_006;a_007;a_010;a_011;a_5a
43,a_006,0,2,0.0001,2,20000,23.09196662902832,a_001;a_002;a_003;a_005;a_010;a_2a;a_3a;a_3b;a_4a
43,a_007,1,2,0.00035,7,20000,23.09196662902832,a_001;a_002;a_003;a_005;a_010;a_2a;a_3a;a_3b;a_4a
43,a_011,0,2,5e-05,1,20000,23.09196662902832,a_001;a_002;a_003;a_005;a_010;a_2a;a_3a;a_3b;a_4a
43,a_1a,0,2,0.0012,24,20000,23.09196662902832,a_001;a_002;a_003;a_005;a_010;a_2a;a_3a;a_3b;a_4a
43,a_2b,0,2,0.0005,10,20000,23.09196662902832,a_001;a_002;a_003;a_005;a_010;a_2a;a_3a;a_3b;a_4a
43,a_5b,1,2,0.0169,338,20000,23.09196662902832,a_001;a_002;a_003;a_005;a_010;a_2a;a_3a;a_3b;a_4a
44,a_002,1,0,0.0123,246,20000,15.592950820922852,a_001;a_004;a_005;a_009;a_011;a_2b;a_3b;a_4a;a_5b
44,a_006,0,0,0.0,0,20000,15.592950820922852,a_001;a_004;a_005;a_009;a_011;a_2b;a_3b;a_4a;a_5b
44,a_010,0,0,5e-05,1,20000,15.592950820922852,a_001;a_004;a_005;a_009;a_011;a_2b;a_3b;a_4a;a_5b
44,a_1a,0,0,0.00085,17,20000,15.592950820922852,a_001;a_004;a_005;a_009;a_011;a_2b;a_3b;a_4a;a_5b
44,a_3a,0,0,0.00025,5,20000,15.592950820922852,a_001;a_004;a_005;a_009;a_011;a_2b;a_3b;a_4a;a_5b
44,a_5a,1,0,0.01265,253,20000,15.592950820922852,a_001;a_004;a_005;a_009;a_011;a_2b;a_3b;a_4a;a_5b
45,a_003,0,0,0.0004,8,20000,22.614912033081055,a_002;a_006;a_007;a_010;a_012;a_1a;a_2a;a_2b;a_4b;a_5a
45,a_005,1,0,0.01025,205,20000,22.614912033081055,a_002;a_006;a_007;a_010;a_012;a_1a;a_2a;a_2b;a_4b;a_5a
45,a_009,0,0,0.0,0,20000,22.614912033081055,a_002;a_006;a_007;a_010;a_012;a_1a;a_2a;a_2b;a_4b;a_5a
45,a_3a,0,0,0.00015,3,20000,22.614912033081055,a_002;a_006;a_007;a_010;a_012;a_1a;a_2a;a_2b;a_4b;a_5a
45,a_3b,0,0,0.0,0,20000,22.614912033081055,a_002;a_006;a_007;a_010;a_012;a_1a;a_2a;a_2b;a_4b;a_5a
45,a_5b,1,0,0.01555,311,20000,22.614912033081055,a_002;a_006;a_007;a_010;a_012;a_1a;a_2a;a_2b;a_4b;a_5a
46,a_001,1,1,0.0001,2,20000,33.363975524902344,a_002;a_004;a_006;a_007;a_2a;a_2b;a_3b;a_4b;a_5a;a_5b
46,a_003,0,1,0.00015,3,20000,33.363975524902344,a_002;a_004;a_006;a_007;a_2a;a_2b;a_3b;a_4b;a_5a;a_5b
46,a_010,0,1,5e-05,1,20000,33.363975524902344,a_002;a_004;a_006;a_007;a_2a;a_2b;a_3b;a_4b;a_5a;a_5b
46,a_011,0,1,0.0,0,20000,33.363975524902344,a_002;a_004;a_006;a_007;a_2a;a_2b;a_3b;a_4b;a_5a;a_5b
46,a_012,1,1,0.00025,5,20000,33.363975524902344,a_002;a_004;a_006;a_007;a_2a;a_2b;a_3b;a_4b;a_5a;a_5b
46,a_3a,0,1,0.0001,2,20000,33.363975524902344,a_002;a_004;a_006;a_007;a_2a;a_2b;a_3b;a_4b;a_5a;a_5b
47,a_003,0,2,0.0007,14,20000,21.874452590942383,a_001;a_002;a_004;a_005;a_006;a_007;a_010;a_011;a_3a;a_4a
47,a_009,0,2,0.0,0,20000,21.874452590942383,a_001;a_002;a_004;a_005;a_006;a_007;a_010;a_011;a_3a;a_4a
47,a_1a,0,2,0.00135,27,20000,21.874452590942383,a_001;a_002;a_004;a_005;a_006;a_007;a_010;a_011;a_3a;a_4a
47,a_2b,0,2,0.0004,8,20000,21.874452590942383,a_001;a_002;a_004;a_005;a_006;a_007;a_010;a_011;a_3a;a_4a
47,a_4b,1,2,0.00245,49,20000,21.874452590942383,a_001;a_002;a_004;a_005;a_006;a_007;a_010;a_011;a_3a;a_4a
47,a_5a,1,2,0.0123,246,20000,21.874452590942383,a_001;a_002;a_004;a_005;a_006;a_007;a_010;a_011;a_3a;a_4a
48,a_001,1,1,0.0002,4,20000,17.85791778564453,a_003;a_005;a_007;a_009;a_011;a_012;a_3a;a_5a;a_5b
48,a_002,1,1,0.0095,190,20000,17.85791778564453,a_003;a_005;a_007;a_009;a_011;a_012;a_3a;a_5a;a_5b
48,a_004,0,1,0.00015,3,20000,17.85791778564453,a_003;a_005;a_007;a_009;a_011;a_012;a_3a;a_5a;a_5b
48,a_010,0,1,0.0,0,20000,17.85791778564453,a_003;a_005;a_007;a_009;a_011;a_012;a_3a;a_5a;a_5b
48,a_1a,0,1,0.00055,11,20000,17.85791778564453,a_003;a_005;a_007;a_009;a_011;a_012;a_3a;a_5a;a_5b
48,a_3b,0,1,0.0001,2,20000,17.85791778564453,a_003;a_005;a_007;a_009;a_011;a_012;a_3a;a_5a;a_5b
49,a_001,1,4,0.0001,2,20000,15.360934257507324,a_002;a_006;a_007;a_010;a_011;a_012;a_2a;a_4b;a_5b
49,a_003,0,4,0.00015,3,20000,15.360934257507324,a_002;a_006;a_007;a_010;a_011;a_012;a_2a;a_4b;a_5b
49,a_004,0,4,0.0001,2,20000,15.360934257507324,a_002;a_006;a_007;a_010;a_011;a_012;a_2a;a_4b;a_5b
49,a_009,0,4,0.0,0,20000,15.360934257507324,a_002;a_006;a_007;a_010;a_011;a_012;a_2a;a_4b;a_5b
49,a_1a,0,4,0.00045,9,20000,15.360934257507324,a_002;a_006;a_007;a_010;a_011;a_012;a_2a;a_4b;a_5b
49,a_4a,1,4,0.0035,70,20000,15.360934257507324,a_002;a_006;a_007;a_010;a_011;a_012;a_2a;a_4b;a_5b
50,a_001,1,1,0.0,0,20000,24.760927200317383,a_004;a_005;a_007;a_009;a_011;a_1a;a_2a;a_4b;a_5a;a_5b
50,a_003,0,1,0.0001,2,20000,24.760927200317383,a_004;a_005;a_007;a_009;a_011;a_1a;a_2a;a_4b;a_5a;a_5b
50,a_006,0,1,0.0,0,20000,24.760927200317383,a_004;a_005;a_007;a_009;a_011;a_1a;a_2a;a_4b;a_5a;a_5b
50,a_3a,0,1,0.0,0,20000,24.760927200317383,a_004;a_005;a_007;a_009;a_011;a_1a;a_2a;a_4b;a_5a;a_5b
50,a_3b,0,1,0.0,0,20000,24.760927200317383,a_004;a_005;a_007;a_009;a_011;a_1a;a_2a;a_4b;a_5a;a_5b
50,a_4a,1,1,0.0021,42,20000,24.760927200317383,a_004;a_005;a_007;a_009;a_011;a_1a;a_2a;a_4b;a_5a;a_5b
51,a_004,0,3,0.00065,13,20000,17.461191177368164,a_001;a_002;a_005;a_009;a_010;a_011;a_012;a_3a;a_4b
51,a_1a,0,3,0.0013,26,20000,17.461191177368164,a_001;a_002;a_005;a_009;a_010;a_011;a_012;a_3a;a_4b
51,a_2a,0,3,0.00125,25,20000,17.461191177368164,a_001;a_002;a_005;a_009;a_010;a_011;a_012;a_3a;a_4b
51,a_3b,0,3,0.00035,7,20000,17.461191177368164,a_001;a_002;a_005;a_009;a_010;a_011;a_012;a_3a;a_4b
51,a_4a,1,3,0.011,220,20000,17.461191177368164,a_001;a_002;a_005;a_009;a_010;a_011;a_012;a_3a;a_4b
51,a_5a,1,3,0.0179,358,20000,17.461191177368164,a_001;a_002;a_005;a_009;a_010;a_011;a_012;a_3a;a_4b
52,a_001,1,4,0.0001,2,20000,12.71047306060791,a_002;a_003;a_004;a_005;a_007;a_009;a_1a;a_2b;a_4b;a_5b
52,a_010,0,4,5e-05,1,20000,12.71047306060791,a_002;a_003;a_004;a_005;a_007;a_009;a_1a;a_2b;a_4b;a_5b
52,a_011,0,4,0.0,0,20000,12.71047306060791,a_002;a_003;a_004;a_005;a_007;a_009;a_1a;a_2b;a_4b;a_5b
52,a_3a,0,4,0.0001,2,20000,12.71047306060791,a_002;a_003;a_004;a_005;a_007;a_009;a_1a;a_2b;a_4b;a_5b
52,a_3b,0,4,0.0,0,20000,12.71047306060791,a_002;a_003;a_004;a_005;a_007;a_009;a_1a;a_2b;a_4b;a_5b
52,a_4a,1,4,0.0042,84,20000,12.71047306060791,a_002;a_003;a_004;a_005;a_007;a_009;a_1a;a_2b;a_4b;a_5b
53,a_003,0,0,0.001,20,20000,24.31229591369629,a_001;a_004;a_005;a_006;a_007;a_009;a_1a;a_2b;a_4b;a_5a
53,a_011,0,0,5e-05,1,20000,24.31229591369629,a_001;a_004;a_005;a_006;a_007;a_009;a_1a;a_2b;a_4b;a_5a
53,a_012,1,0,0.00055,11,20000,24.31229591369629,a_001;a_004;a_005;a_006;a_007;a_009;a_1a;a_2b;a_4b;a_5a
53,a_3a,0,0,0.00025,5,20000,24.31229591369629,a_001;a_004;a_005;a_006;a_007;a_009;a_1a;a_2b;a_4b;a_5a
53,a_3b,0,0,5e-05,1,20000,24.31229591369629,a_001;a_004;a_005;a_006;a_007;a_009;a_1a;a_2b;a_4b;a_5a
53,a_5b,1,0,0.01565,313,20000,24.31229591369629,a_001;a_004;a_005;a_006;a_007;a_009;a_1a;a_2b;a_4b;a_5a
54,a_004,0,2,0.0004,8,20000,18.59010887145996,a_001;a_002;a_003;a_009;a_010;a_2a;a_2b;a_4a;a_4b;a_5a
54,a_007,1,2,0.0002,4,20000,18.59010887145996,a_001;a_002;a_003;a_009;a_010;a_2a;a_2b;a_4a;a_4b;a_5a
54,a_011,0,2,0.0002,4,20000,18.59010887145996,a_001;a_002;a_003;a_009;a_010;a_2a;a_2b;a_4a;a_4b;a_5a
54,a_012,1,2,0.00175,35,20000,18.59010887145996,a_001;a_002;a_003;a_009;a_010;a_2a;a_2b;a_4a;a_4b;a_5a
54,a_1a,0,2,0.0015,30,20000,18.59010887145996,a_001;a_002;a_003;a_009;a_010;a_2a;a_2b;a_4a;a_4b;a_5a
54,a_3b,0,2,0.0003,6,20000,18.59010887145996,a_001;a_002;a_003;a_009;a_010;a_2a;a_2b;a_4a;a_4b;a_5a
55,a_003,0,0,0.00095,19,20000,23.361906051635742,a_001;a_002;a_004;a_006;a_009;a_012;a_3a;a_3b;a_4a;a_5b
55,a_005,1,0,0.0125,250,20000,23.361906051635742,a_001;a_002;a_004;a_006;a_009;a_012;a_3a;a_3b;a_4a;a_5b
55,a_010,0,0,5e-05,1,20000,23.361906051635742,a_001;a_002;a_004;a_006;a_009;a_012;a_3a;a_3b;a_4a;a_5b
55,a_1a,0,0,0.0012,24,20000,23.361906051635742,a_001;a_002;a_004;a_006;a_009;a_012;a_3a;a_3b;a_4a;a_5b
55,a_2b,0,0,0.00045,9,20000,23.361906051635742,a_001;a_002;a_004;a_006;a_009;a_012;a_3a;a_3b;a_4a;a_5b
55,a_4b,1,0,0.0028,56,20000,23.361906051635742,a_001;a_002;a_004;a_006;a_009;a_012;a_3a;a_3b;a_4a;a_5b
56,a_004,0,4,0.0003,6,20000,18.233522415161133,a_001;a_003;a_005;a_006;a_007;a_009;a_2a;a_2b;a_4a;a_4b
56,a_010,0,4,0.00015,3,20000,18.233522415161133,a_001;a_003;a_005;a_006;a_007;a_009;a_2a;a_2b;a_4a;a_4b
56,a_012,1,4,0.0012,24,20000,18.233522415161133,a_001;a_003;a_005;a_006;a_007;a_009;a_2a;a_2b;a_4a;a_4b
56,a_1a,0,4,0.00165,33,20000,18.233522415161133,a_001;a_003;a_005;a_006;a_007;a_009;a_2a;a_2b;a_4a;a_4b
56,a_3a,0,4,0.0002,4,20000,18.233522415161133,a_001;a_003;a_005;a_006;a_007;a_009;a_2a;a_2b;a_4a;a_4b
56,a_5b,1,4,0.0168,336,20000,18.233522415161133,a_001;a_003;a_005;a_006;a_007;a_009;a_2a;a_2b;a_4a;a_4b
57,a_001,1,1,0.00015,3,20000,23.233121871948242,a_002;a_006;a_007;a_009;a_011;a_012;a_1a;a_2a;a_4b;a_5a
57,a_003,0,1,0.00055,11,20000,23.233121871948242,a_002;a_006;a_007;a_009;a_011;a_012;a_1a;a_2a;a_4b;a_5a
57,a_2b,0,1,0.00025,5,20000,23.233121871948242,a_002;a_006;a_007;a_009;a_011;a_012;a_1a;a_2a;a_4b;a_5a
57,a_3a,0,1,0.00015,3,20000,23.233121871948242,a_002;a_006;a_007;a_009;a_011;a_012;a_1a;a_2a;a_4b;a_5a
57,a_3b,0,1,0.0,0,20000,23.233121871948242,a_002;a_006;a_007;a_009;a_011;a_012;a_1a;a_2a;a_4b;a_5a
57,a_4a,1,1,0.0061,122,20000,23.233121871948242,a_002;a_006;a_007;a_009;a_011;a_012;a_1a;a_2a;a_4b;a_5a
58,a_002,1,2,0.01215,243,20000,18.491985321044922,a_001;a_003;a_005;a_009;a_011;a_012;a_1a;a_3b;a_4a;a_5a
58,a_004,0,2,0.0006,12,20000,18.491985321044922,a_001;a_003;a_005;a_009;a_011;a_012;a_1a;a_3b;a_4a;a_5a
58,a_010,0,2,5e-05,1,20000,18.491985321044922,a_001;a_003;a_005;a_009;a_011;a_012;a_1a;a_3b;a_4a;a_5a
58,a_2b,0,2,0.00075,15,20000,18.491985321044922,a_001;a_003;a_005;a_009;a_011;a_012;a_1a;a_3b;a_4a;a_5a
58,a_3a,0,2,0.00035,7,20000,18.491985321044922,a_001;a_003;a_005;a_009;a_011;a_012;a_1a;a_3b;a_4a;a_5a
58,a_4b,1,2,0.0032,64,20000,18.491985321044922,a_001;a_003;a_005;a_009;a_011;a_012;a_1a;a_3b;a_4a;a_5a
59,a_003,0,2,0.0002,4,20000,8.471232414245605,a_001;a_002;a_005;a_006;a_007;a_010;a_011;a_2b;a_4a
59,a_004,0,2,5e-05,1,20000,8.471232414245605,a_001;a_002;a_005;a_006;a_007;a_010;a_011;a_2b;a_4a
59,a_012,1,2,0.00025,5,20000,8.471232414245605,a_001;a_002;a_005;a_006;a_007;a_010;a_011;a_2b;a_4a
59,a_2a,0,2,0.0002,4,20000,8.471232414245605,a_001;a_002;a_005;a_006;a_007;a_010;a_011;a_2b;a_4a
59,a_3a,0,2,0.00015,3,20000,8.471232414245605,a_001;a_002;a_005;a_006;a_007;a_010;a_011;a_2b;a_4a
59,a_4b,1,2,0.00075,15,20000,8.471232414245605,a_001;a_002;a_005;a_006;a_007;a_010;a_011;a_2b;a_4a
60,a_002,1,0,0.00235,47,20000,11.277731895446777,a_001;a_003;a_004;a_006;a_007;a_010;a_012;a_2b;a_4b
60,a_009,0,0,5e-05,1,20000,11.277731895446777,a_001;a_003;a_004;a_006;a_007;a_010;a_012;a_2b;a_4b
60,a_011,0,0,0.0003,6,20000,11.277731895446777,a_001;a_003;a_004;a_006;a_007;a_010;a_012;a_2b;a_4b
60,a_1a,0,0,0.00285,57,20000,11.277731895446777,a_001;a_003;a_004;a_006;a_007;a_010;a_012;a_2b;a_4b
60,a_2a,0,0,0.0003,6,20000,11.277731895446777,a_001;a_003;a_004;a_006;a_007;a_010;a_012;a_2b;a_4b
60,a_5a,1,0,0.0009,18,20000,11.277731895446777,a_001;a_003;a_004;a_006;a_007;a_010;a_012;a_2b;a_4b
61,a_003,0,3,0.0005,10,20000,20.043214797973633,a_001;a_002;a_004;a_005;a_006;a_2a;a_3b;a_4a;a_5b
61,a_009,0,3,0.0,0,20000,20.043214797973633,a_001;a_002;a_004;a_005;a_006;a_2a;a_3b;a_4a;a_5b
61,a_010,0,3,5e-05,1,20000,20.043214797973633,a_001;a_002;a_004;a_005;a_006;a_2a;a_3b;a_4a;a_5b
61,a_3a,0,3,0.0001,2,20000,20.043214797973633,a_001;a_002;a_004;a_005;a_006;a_2a;a_3b;a_4a;a_5b
61,a_4b,1,3,0.00125,25,20000,20.043214797973633,a_001;a_002;a_004;a_005;a_006;a_2a;a_3b;a_4a;a_5b
61,a_5a,1,3,0.0084,168,20000,20.043214797973633,a_001;a_002;a_004;a_005;a_006;a_2a;a_3b;a_4a;a_5b
62,a_002,1,0,0.00805,161,20000,24.433914184570312,a_001;a_003;a_006;a_007;a_010;a_2b;a_3a;a_4b;a_5a
62,a_009,0,0,0.0,0,20000,24.433914184570312,a_001;a_003;a_006;a_007;a_010;a_2b;a_3a;a_4b;a_5a
62,a_011,0,0,0.0,0,20000,24.433914184570312,a_001;a_003;a_006;a_007;a_010;a_2b;a_3a;a_4b;a_5a
62,a_1a,0,0,0.0014,28,20000,24.433914184570312,a_001;a_003;a_006;a_007;a_010;a_2b;a_3a;a_4b;a_5a
62,a_2a,0,0,0.0004,8,20000,24.433914184570312,a_001;a_003;a_006;a_007;a_010;a_2b;a_3a;a_4b;a_5a
62,a_4a,1,0,0.00475,95,20000,24.433914184570312,a_001;a_003;a_006;a_007;a_010;a_2b;a_3a;a_4b;a_5a
63,a_011,0,0,0.00015,3,20000,17.794981002807617,a_001;a_004;a_005;a_006;a_007;a_009;a_1a;a_5a;a_5b
63,a_2b,0,0,0.00015,3,20000,17.794981002807617,a_001;a_004;a_005;a_006;a_007;a_009;a_1a;a_5a;a_5b
63,a_3a,0,0,0.00035,7,20000,17.794981002807617,a_001;a_004;a_005;a_006;a_007;a_009;a_1a;a_5a;a_5b
63,a_3b,0,0,0.00035,7,20000,17.794981002807617,a_001;a_004;a_005;a_006;a_007;a_009;a_1a;a_5a;a_5b
63,a_4a,1,0,0.00285,57,20000,17.794981002807617,a_001;a_004;a_005;a_006;a_007;a_009;a_1a;a_5a;a_5b
63,a_4b,1,0,0.001,20,20000,17.794981002807617,a_001;a_004;a_005;a_006;a_007;a_009;a_1a;a_5a;a_5b
64,a_003,0,3,0.00045,9,20000,11.752400398254395,a_001;a_002;a_004;a_006;a_007;a_2a;a_2b;a_3b;a_4b
64,a_009,0,3,0.0,0,20000,11.752400398254395,a_001;a_002;a_004;a_006;a_007;a_2a;a_2b;a_3b;a_4b
64,a_011,0,3,0.00015,3,20000,11.752400398254395,a_001;a_002;a_004;a_006;a_007;a_2a;a_2b;a_3b;a_4b
64,a_012,1,3,0.0009,18,20000,11.752400398254395,a_001;a_002;a_004;a_006;a_007;a_2a;a_2b;a_3b;a_4b
64,a_3a,0,3,0.00015,3,20000,11.752400398254395,a_001;a_002;a_004;a_006;a_007;a_2a;a_2b;a_3b;a_4b
64,a_5a,1,3,0.0095,190,20000,11.752400398254395,a_001;a_002;a_004;a_006;a_007;a_2a;a_2b;a_3b;a_4b
65,a_004,0,1,0.0003,6,20000,17.06108283996582,a_001;a_003;a_005;a_006;a_007;a_010;a_012;a_1a;a_3a;a_4b
65,a_009,0,1,0.0,0,20000,17.06108283996582,a_001;a_003;a_005;a_006;a_007;a_010;a_012;a_1a;a_3a;a_4b
65,a_2b,0,1,0.00045,9,20000,17.06108283996582,a_001;a_003;a_005;a_006;a_007;a_010;a_012;a_1a;a_3a;a_4b
65,a_3b,0,1,0.0001,2,20000,17.06108283996582,a_001;a_003;a_005;a_006;a_007;a_010;a_012;a_1a;a_3a;a_4b
65,a_4a,1,1,0.00305,61,20000,17.06108283996582,a_001;a_003;a_005;a_006;a_007;a_010;a_012;a_1a;a_3a;a_4b
65,a_5b,1,1,0.01305,261,20000,17.06108283996582,a_001;a_003;a_005;a_006;a_007;a_010;a_012;a_1a;a_3a;a_4b
66,a_006,0,1,0.0,0,20000,17.868736267089844,a_001;a_003;a_004;a_005;a_010;a_011;a_3b;a_4a;a_4b;a_5a
66,a_007,1,1,0.0003,6,20000,17.868736267089844,a_001;a_003;a_004;a_005;a_010;a_011;a_3b;a_4a;a_4b;a_5a
66,a_012,1,1,0.00025,5,20000,17.868736267089844,a_001;a_003;a_004;a_005;a_010;a_011;a_3b;a_4a;a_4b;a_5a
66,a_1a,0,1,0.0015,30,20000,17.868736267089844,a_001;a_003;a_004;a_005;a_010;a_011;a_3b;a_4a;a_4b;a_5a
66,a_2a,0,1,0.00045,9,20000,17.868736267089844,a_001;a_003;a_004;a_005;a_010;a_011;a_3b;a_4a;a_4b;a_5a
66,a_3a,0,1,0.00015,3,20000,17.868736267089844,a_001;a_003;a_004;a_005;a_010;a_011;a_3b;a_4a;a_4b;a_5a
67,a_009,0,2,0.0,0,20000,37.219425201416016,a_001;a_002;a_003;a_004;a_010;a_012;a_1a;a_2a;a_4a;a_5b
67,a_011,0,2,5e-05,1,20000,37.219425201416016,a_001;a_002;a_003;a_004;a_010;a_012;a_1a;a_2a;a_4a;a_5b
67,a_3a,0,2,0.0004,8,20000,37.219425201416016,a_001;a_002;a_003;a_004;a_010;a_012;a_1a;a_2a;a_4a;a_5b
67,a_3b,0,2,0.00045,9,20000,37.219425201416016,a_001;a_002;a_003;a_004;a_010;a_012;a_1a;a_2a;a_4a;a_5b
67,a_4b,1,2,0.0021,42,20000,37.219425201416016,a_001;a_002;a_003;a_004;a_010;a_012;a_1a;a_2a;a_4a;a_5b
67,a_5a,1,2,0.01345,269,20000,37.219425201416016,a_001;a_002;a_003;a_004;a_010;a_012;a_1a;a_2a;a_4a;a_5b
68,a_002,1,1,0.008,160,20000,21.452289581298828,a_001;a_004;a_005;a_009;a_011;a_012;a_2b;a_3b;a_4b;a_5b
68,a_003,0,1,0.00045,9,20000,21.452289581298828,a_001;a_004;a_005;a_009;a_011;a_012;a_2b;a_3b;a_4b;a_5b
68,a_006,0,1,0.0,0,20000,21.452289581298828,a_001;a_004;a_005;a_009;a_011;a_012;a_2b;a_3b;a_4b;a_5b
68,a_010,0,1,0.0,0,20000,21.452289581298828,a_001;a_004;a_005;a_009;a_011;a_012;a_2b;a_3b;a_4b;a_5b
68,a_2a,0,1,0.00025,5,20000,21.452289581298828,a_001;a_004;a_005;a_009;a_011;a_012;a_2b;a_3b;a_4b;a_5b
68,a_4a,1,1,0.00545,109,20000,21.452289581298828,a_001;a_004;a_005;a_009;a_011;a_012;a_2b;a_3b;a_4b;a_5b
69,a_001,1,3,5e-05,1,20000,34.866573333740234,a_004;a_005;a_006;a_007;a_009;a_1a;a_3b;a_4a;a_4b;a_5a
69,a_002,1,3,0.0001,2,20000,34.866573333740234,a_004;a_005;a_006;a_007;a_009;a_1a;a_3b;a_4a;a_4b;a_5a
69,a_003,0,3,0.0001,2,20000,34.866573333740234,a_004;a_005;a_006;a_007;a_009;a_1a;a_3b;a_4a;a_4b;a_5a
69,a_010,0,3,0.0,0,20000,34.866573333740234,a_004;a_005;a_006;a_007;a_009;a_1a;a_3b;a_4a;a_4b;a_5a
69,a_011,0,3,0.0,0,20000,34.866573333740234,a_004;a_005;a_006;a_007;a_009;a_1a;a_3b;a_4a;a_4b;a_5a
69,a_3a,0,3,5e-05,1,20000,34.866573333740234,a_004;a_005;a_006;a_007;a_009;a_1a;a_3b;a_4a;a_4b;a_5a
70,a_001,1,0,0.0004,8,20000,23.593772888183594,a_002;a_004;a_006;a_007;a_009;a_010;a_012;a_2b;a_4b
70,a_011,0,0,0.0001,2,20000,23.593772888183594,a_002;a_004;a_006;a_007;a_009;a_010;a_012;a_2b;a_4b
70,a_2a,0,0,0.0005,10,20000,23.593772888183594,a_002;a_004;a_006;a_007;a_009;a_010;a_012;a_2b;a_4b
70,a_3a,0,0,0.00035,7,20000,23.593772888183594,a_002;a_004;a_006;a_007;a_009;a_010;a_012;a_2b;a_4b
70,a_3b,0,0,0.00045,9,20000,23.593772888183594,a_002;a_004;a_006;a_007;a_009;a_010;a_012;a_2b;a_4b
70,a_4a,1,0,0.00965,193,20000,23.593772888183594,a_002;a_004;a_006;a_007;a_009;a_010;a_012;a_2b;a_4b
71,a_004,0,4,0.0002,4,20000,11.479917526245117,a_001;a_003;a_009;a_012;a_2a;a_2b;a_3a;a_4b;a_5a;a_5b
71,a_005,1,4,0.0083,166,20000,11.479917526245117,a_001;a_003;a_009;a_012;a_2a;a_2b;a_3a;a_4b;a_5a;a_5b
71,a_007,1,4,0.0002,4,20000,11.479917526245117,a_001;a_003;a_009;a_012;a_2a;a_2b;a_3a;a_4b;a_5a;a_5b
71,a_011,0,4,0.0001,2,20000,11.479917526245117,a_001;a_003;a_009;a_012;a_2a;a_2b;a_3a;a_4b;a_5a;a_5b
71,a_1a,0,4,0.0008,16,20000,11.479917526245117,a_001;a_003;a_009;a_012;a_2a;a_2b;a_3a;a_4b;a_5a;a_5b
71,a_3b,0,4,0.0001,2,20000,11.479917526245117,a_001;a_003;a_009;a_012;a_2a;a_2b;a_3a;a_4b;a_5a;a_5b
72,a_004,0,0,0.00065,13,20000,14.841238021850586,a_001;a_006;a_007;a_009;a_010;a_012;a_1a;a_3a;a_5a;a_5b
72,a_005,1,0,0.0153,306,20000,14.841238021850586,a_001;a_006;a_007;a_009;a_010;a_012;a_1a;a_3a;a_5a;a_5b
72,a_2a,0,0,0.00055,11,20000,14.841238021850586,a_001;a_006;a_007;a_009;a_010;a_012;a_1a;a_3a;a_5a;a_5b
72,a_2b,0,0,0.0005,10,20000,14.841238021850586,a_001;a_006;a_007;a_009;a_010;a_012;a_1a;a_3a;a_5a;a_5b
72,a_3b,0,0,0.0002,4,20000,14.841238021850586,a_001;a_006;a_007;a_009;a_010;a_012;a_1a;a_3a;a_5a;a_5b
72,a_4b,1,0,0.0023,46,20000,14.841238021850586,a_001;a_006;a_007;a_009;a_010;a_012;a_1a;a_3a;a_5a;a_5b
73,a_001,1,2,0.0001,2,20000,20.782196044921875,a_005;a_006;a_007;a_009;a_010;a_012;a_1a;a_3a;a_4b
73,a_003,0,2,0.00025,5,20000,20.782196044921875,a_005;a_006;a_007;a_009;a_010;a_012;a_1a;a_3a;a_4b
73,a_011,0,2,0.0,0,20000,20.782196044921875,a_005;a_006;a_007;a_009;a_010;a_012;a_1a;a_3a;a_4b
73,a_2b,0,2,0.00045,9,20000,20.782196044921875,a_005;a_006;a_007;a_009;a_010;a_012;a_1a;a_3a;a_4b
73,a_3b,0,2,5e-05,1,20000,20.782196044921875,a_005;a_006;a_007;a_009;a_010;a_012;a_1a;a_3a;a_4b
73,a_5a,1,2,0.0098,196,20000,20.782196044921875,a_005;a_006;a_007;a_009;a_010;a_012;a_1a;a_3a;a_4b
74,a_001,1,0,0.00015,3,20000,18.029376983642578,a_002;a_004;a_006;a_007;a_010;a_3a;a_3b;a_4a;a_4b
74,a_003,0,0,0.00045,9,20000,18.029376983642578,a_002;a_004;a_006;a_007;a_010;a_3a;a_3b;a_4a;a_4b
74,a_009,0,0,0.0,0,20000,18.029376983642578,a_002;a_004;a_006;a_007;a_010;a_3a;a_3b;a_4a;a_4b
74,a_012,1,0,0.00065,13,20000,18.029376983642578,a_002;a_004;a_006;a_007;a_010;a_3a;a_3b;a_4a;a_4b
74,a_1a,0,0,0.0005,10,20000,18.029376983642578,a_002;a_004;a_006;a_007;a_010;a_3a;a_3b;a_4a;a_4b
74,a_2a,0,0,0.00025,5,20000,18.029376983642578,a_002;a_004;a_006;a_007;a_010;a_3a;a_3b;a_4a;a_4b
75,a_004,0,2,0.0006,12,20000,22.213167190551758,a_001;a_002;a_003;a_010;a_011;a_012;a_3a;a_4b;a_5b
75,a_005,1,2,0.01355,271,20000,22.213167190551758,a_001;a_002;a_003;a_010;a_011;a_012;a_3a;a_4b;a_5b
75,a_007,1,2,0.0002,4,20000,22.213167190551758,a_001;a_002;a_003;a_010;a_011;a_012;a_3a;a_4b;a_5b
75,a_1a,0,2,0.0014,28,20000,22.213167190551758,a_001;a_002;a_003;a_010;a_011;a_012;a_3a;a_4b;a_5b
75,a_2a,0,2,0.00105,21,20000,22.213167190551758,a_001;a_002;a_003;a_010;a_011;a_012;a_3a;a_4b;a_5b
75,a_2b,0,2,0.00085,17,20000,22.213167190551758,a_001;a_002;a_003;a_010;a_011;a_012;a_3a;a_4b;a_5b
76,a_009,0,0,0.0,0,20000,11.141008377075195,a_001;a_002;a_004;a_006;a_007;a_012;a_2a;a_3b;a_4b
76,a_011,0,0,0.0002,4,20000,11.141008377075195,a_001;a_002;a_004;a_006;a_007;a_012;a_2a;a_3b;a_4b
76,a_1a,0,0,0.0012,24,20000,11.141008377075195,a_001;a_002;a_004;a_006;a_007;a_012;a_2a;a_3b;a_4b
76,a_3a,0,0,0.00025,5,20000,11.141008377075195,a_001;a_002;a_004;a_006;a_007;a_012;a_2a;a_3b;a_4b
76,a_4a,1,0,0.0081,162,20000,11.141008377075195,a_001;a_002;a_004;a_006;a_007;a_012;a_2a;a_3b;a_4b
76,a_5b,1,0,0.01535,307,20000,11.141008377075195,a_001;a_002;a_004;a_006;a_007;a_012;a_2a;a_3b;a_4b
77,a_001,1,2,0.0001,2,20000,20.181880950927734,a_002;a_003;a_004;a_005;a_007;a_010;a_012;a_1a;a_2a;a_4b
77,a_006,0,2,0.0,0,20000,20.181880950927734,a_002;a_003;a_004;a_005;a_007;a_010;a_012;a_1a;a_2a;a_4b
77,a_011,0,2,0.0,0,20000,20.181880950927734,a_002;a_003;a_004;a_005;a_007;a_010;a_012;a_1a;a_2a;a_4b
77,a_3a,0,2,5e-05,1,20000,20.181880950927734,a_002;a_003;a_004;a_005;a_007;a_010;a_012;a_1a;a_2a;a_4b
77,a_3b,0,2,0.0,0,20000,20.181880950927734,a_002;a_003;a_004;a_005;a_007;a_010;a_012;a_1a;a_2a;a_4b
77,a_4a,1,2,0.00655,131,20000,20.181880950927734,a_002;a_003;a_004;a_005;a_007;a_010;a_012;a_1a;a_2a;a_4b
78,a_002,1,1,0.0087,174,20000,12.916208267211914,a_001;a_005;a_006;a_007;a_1a;a_2a;a_3a;a_4b;a_5b
78,a_003,0,1,0.00065,13,20000,12.916208267211914,a_001;a_005;a_006;a_007;a_1a;a_2a;a_3a;a_4b;a_5b
78,a_009,0,1,0.0,0,20000,12.916208267211914,a_001;a_005;a_006;a_007;a_1a;a_2a;a_3a;a_4b;a_5b
78,a_012,1,1,0.0013,26,20000,12.916208267211914,a_001;a_005;a_006;a_007;a_1a;a_2a;a_3a;a_4b;a_5b
78,a_2b,0,1,0.00025,5,20000,12.916208267211914,a_001;a_005;a_006;a_007;a_1a;a_2a;a_3a;a_4b;a_5b
78,a_3b,0,1,5e-05,1,20000,12.916208267211914,a_001;a_005;a_006;a_007;a_1a;a_2a;a_3a;a_4b;a_5b
79,a_002,1,1,0.016,320,20000,25.62895393371582,a_001;a_005;a_007;a_009;a_010;a_1a;a_2a;a_3b;a_4b;a_5b
79,a_004,0,1,0.00035,7,20000,25.62895393371582,a_001;a_005;a_007;a_009;a_010;a_1a;a_2a;a_3b;a_4b;a_5b
79,a_011,0,1,0.00015,3,20000,25.62895393371582,a_001;a_005;a_007;a_009;a_010;a_1a;a_2a;a_3b;a_4b;a_5b
79,a_2b,0,1,0.0004,8,20000,25.62895393371582,a_001;a_005;a_007;a_009;a_010;a_1a;a_2a;a_3b;a_4b;a_5b
79,a_3a,0,1,0.0002,4,20000,25.62895393371582,a_001;a_005;a_007;a_009;a_010;a_1a;a_2a;a_3b;a_4b;a_5b
79,a_5a,1,1,0.0148,296,20000,25.62895393371582,a_001;a_005;a_007;a_009;a_010;a_1a;a_2a;a_3b;a_4b;a_5b
80,a_007,1,2,0.0002,4,20000,10.675504684448242,a_001;a_003;a_004;a_005;a_006;a_2b;a_3a;a_4a;a_4b;a_5b
80,a_009,0,2,0.0,0,20000,10.675504684448242,a_001;a_003;a_004;a_005;a_006;a_2b;a_3a;a_4a;a_4b;a_5b
80,a_011,0,2,5e-05,1,20000,10.675504684448242,a_001;a_003;a_004;a_005;a_006;a_2b;a_3a;a_4a;a_4b;a_5b
80,a_2a,0,2,0.00035,7,20000,10.675504684448242,a_001;a_003;a_004;a_005;a_006;a_2b;a_3a;a_4a;a_4b;a_5b
80,a_3b,0,2,0.00015,3,20000,10.675504684448242,a_001;a_003;a_004;a_005;a_006;a_2b;a_3a;a_4a;a_4b;a_5b
80,a_5a,1,2,0.01125,225,20000,10.675504684448242,a_001;a_003;a_004;a_005;a_006;a_2b;a_3a;a_4a;a_4b;a_5b
81,a_003,0,2,0.0007,14,20000,12.830058097839355,a_001;a_002;a_005;a_006;a_010;a_2a;a_2b;a_3b;a_4b;a_5a
81,a_004,0,2,0.0001,2,20000,12.830058097839355,a_001;a_002;a_005;a_006;a_010;a_2a;a_2b;a_3b;a_4b;a_5a
81,a_007,1,2,0.00025,5,20000,12.830058097839355,a_001;a_002;a_005;a_006;a_010;a_2a;a_2b;a_3b;a_4b;a_5a
81,a_009,0,2,0.0,0,20000,12.830058097839355,a_001;a_002;a_005;a_006;a_010;a_2a;a_2b;a_3b;a_4b;a_5a
81,a_011,0,2,5e-05,1,20000,12.830058097839355,a_001;a_002;a_005;a_006;a_010;a_2a;a_2b;a_3b;a_4b;a_5a
81,a_5b,1,2,0.0178,356,20000,12.830058097839355,a_001;a_002;a_005;a_006;a_010;a_2a;a_2b;a_3b;a_4b;a_5a
82,a_009,0,2,0.0,0,20000,19.104238510131836,a_001;a_003;a_006;a_007;a_010;a_012;a_2b;a_3a;a_4b
82,a_011,0,2,0.00015,3,20000,19.104238510131836,a_001;a_003;a_006;a_007;a_010;a_012;a_2b;a_3a;a_4b
82,a_1a,0,2,0.00145,29,20000,19.104238510131836,a_001;a_003;a_006;a_007;a_010;a_012;a_2b;a_3a;a_4b
82,a_3b,0,2,0.0003,6,20000,19.104238510131836,a_001;a_003;a_006;a_007;a_010;a_012;a_2b;a_3a;a_4b
82,a_4a,1,2,0.00965,193,20000,19.104238510131836,a_001;a_003;a_006;a_007;a_010;a_012;a_2b;a_3a;a_4b
82,a_5b,1,2,0.01695,339,20000,19.104238510131836,a_001;a_003;a_006;a_007;a_010;a_012;a_2b;a_3a;a_4b
83,a_004,0,0,5e-05,1,20000,17.38471794128418,a_002;a_003;a_005;a_007;a_010;a_1a;a_3a;a_4a;a_4b
83,a_012,1,0,0.0004,8,20000,17.38471794128418,a_002;a_003;a_005;a_007;a_010;a_1a;a_3a;a_4a;a_4b
83,a_2a,0,0,0.00045,9,20000,17.38471794128418,a_002;a_003;a_005;a_007;a_010;a_1a;a_3a;a_4a;a_4b
83,a_2b,0,0,0.00045,9,20000,17.38471794128418,a_002;a_003;a_005;a_007;a_010;a_1a;a_3a;a_4a;a_4b
83,a_3b,0,0,0.0001,2,20000,17.38471794128418,a_002;a_003;a_005;a_007;a_010;a_1a;a_3a;a_4a;a_4b
83,a_5a,1,0,0.01095,219,20000,17.38471794128418,a_002;a_003;a_005;a_007;a_010;a_1a;a_3a;a_4a;a_4b
84,a_002,1,0,0.0005,10,20000,13.025566101074219,a_003;a_005;a_007;a_011;a_1a;a_2b;a_3a;a_4a;a_4b;a_5a
84,a_006,0,0,5e-05,1,20000,13.025566101074219,a_003;a_005;a_007;a_011;a_1a;a_2b;a_3a;a_4a;a_4b;a_5a
84,a_009,0,0,0.0,0,20000,13.025566101074219,a_003;a_005;a_007;a_011;a_1a;a_2b;a_3a;a_4a;a_4b;a_5a
84,a_010,0,0,0.0,0,20000,13.025566101074219,a_003;a_005;a_007;a_011;a_1a;a_2b;a_3a;a_4a;a_4b;a_5a
84,a_012,1,0,5e-05,1,20000,13.025566101074219,a_003;a_005;a_007;a_011;a_1a;a_2b;a_3a;a_4a;a_4b;a_5a
84,a_2a,0,0,0.0001,2,20000,13.025566101074219,a_003;a_005;a_007;a_011;a_1a;a_2b;a_3a;a_4a;a_4b;a_5a
85,a_003,0,1,0.0006,12,20000,25.63983726501465,a_001;a_002;a_005;a_007;a_009;a_010;a_1a;a_3a;a_5a
85,a_004,0,1,0.0005,10,20000,25.63983726501465,a_001;a_002;a_005;a_007;a_009;a_010;a_1a;a_3a;a_5a
85,a_2a,0,1,0.00055,11,20000,25.63983726501465,a_001;a_002;a_005;a_007;a_009;a_010;a_1a;a_3a;a_5a
85,a_3b,0,1,0.00025,5,20000,25.63983726501465,a_001;a_002;a_005;a_007;a_009;a_010;a_1a;a_3a;a_5a
85,a_4b,1,1,0.00295,59,20000,25.63983726501465,a_001;a_002;a_005;a_007;a_009;a_010;a_1a;a_3a;a_5a
85,a_5b,1,1,0.0166,332,20000,25.63983726501465,a_001;a_002;a_005;a_007;a_009;a_010;a_1a;a_3a;a_5a
86,a_002,1,1,0.01435,287,20000,17.872356414794922,a_003;a_004;a_007;a_009;a_012;a_2a;a_2b;a_4a;a_5a;a_5b
86,a_010,0,1,0.0,0,20000,17.872356414794922,a_003;a_004;a_007;a_009;a_012;a_2a;a_2b;a_4a;a_5a;a_5b
86,a_011,0,1,0.0001,2,20000,17.872356414794922,a_003;a_004;a_007;a_009;a_012;a_2a;a_2b;a_4a;a_5a;a_5b
86,a_1a,0,1,0.0005,10,20000,17.872356414794922,a_003;a_004;a_007;a_009;a_012;a_2a;a_2b;a_4a;a_5a;a_5b
86,a_3a,0,1,0.00025,5,20000,17.872356414794922,a_003;a_004;a_007;a_009;a_012;a_2a;a_2b;a_4a;a_5a;a_5b
86,a_4b,1,1,0.00135,27,20000,17.872356414794922,a_003;a_004;a_007;a_009;a_012;a_2a;a_2b;a_4a;a_5a;a_5b
87,a_001,1,2,0.0,0,20000,14.964262962341309,a_002;a_003;a_005;a_007;a_010;a_1a;a_3b;a_5a;a_5b
87,a_004,0,2,0.0,0,20000,14.964262962341309,a_002;a_003;a_005;a_007;a_010;a_1a;a_3b;a_5a;a_5b
87,a_006,0,2,0.0,0,20000,14.964262962341309,a_002;a_003;a_005;a_007;a_010;a_1a;a_3b;a_5a;a_5b
87,a_009,0,2,0.0,0,20000,14.964262962341309,a_002;a_003;a_005;a_007;a_010;a_1a;a_3b;a_5a;a_5b
87,a_2b,0,2,5e-05,1,20000,14.964262962341309,a_002;a_003;a_005;a_007;a_010;a_1a;a_3b;a_5a;a_5b
87,a_4b,1,2,0.0002,4,20000,14.964262962341309,a_002;a_003;a_005;a_007;a_010;a_1a;a_3b;a_5a;a_5b
88,a_001,1,3,0.0002,4,20000,27.714155197143555,a_002;a_003;a_007;a_009;a_011;a_012;a_3a;a_5a;a_5b
88,a_004,0,3,0.0002,4,20000,27.714155197143555,a_002;a_003;a_007;a_009;a_011;a_012;a_3a;a_5a;a_5b
88,a_010,0,3,5e-05,1,20000,27.714155197143555,a_002;a_003;a_007;a_009;a_011;a_012;a_3a;a_5a;a_5b
88,a_1a,0,3,0.00045,9,20000,27.714155197143555,a_002;a_003;a_007;a_009;a_011;a_012;a_3a;a_5a;a_5b
88,a_2a,0,3,0.0003,6,20000,27.714155197143555,a_002;a_003;a_007;a_009;a_011;a_012;a_3a;a_5a;a_5b
88,a_4b,1,3,0.00175,35,20000,27.714155197143555,a_002;a_003;a_007;a_009;a_011;a_012;a_3a;a_5a;a_5b
89,a_009,0,0,0.0,0,20000,27.433971405029297,a_002;a_003;a_004;a_006;a_007;a_012;a_1a;a_2b;a_4a
89,a_010,0,0,0.0001,2,20000,27.433971405029297,a_002;a_003;a_004;a_006;a_007;a_012;a_1a;a_2b;a_4a
89,a_011,0,0,5e-05,1,20000,27.433971405029297,a_002;a_003;a_004;a_006;a_007;a_012;a_1a;a_2b;a_4a
89,a_3a,0,0,0.0003,6,20000,27.433971405029297,a_002;a_003;a_004;a_006;a_007;a_012;a_1a;a_2b;a_4a
89,a_4b,1,0,0.0025,50,20000,27.433971405029297,a_002;a_003;a_004;a_006;a_007;a_012;a_1a;a_2b;a_4a
89,a_5b,1,0,0.0158,316,20000,27.433971405029297,a_002;a_003;a_004;a_006;a_007;a_012;a_1a;a_2b;a_4a
90,a_001,1,2,0.0001,2,20000,20.288076400756836,a_002;a_005;a_006;a_007;a_011;a_1a;a_2b;a_3a;a_4b;a_5b
90,a_003,0,2,0.0004,8,20000,20.288076400756836,a_002;a_005;a_006;a_007;a_011;a_1a;a_2b;a_3a;a_4b;a_5b
90,a_004,0,2,0.0,0,20000,20.288076400756836,a_002;a_005;a_006;a_007;a_011;a_1a;a_2b;a_3a;a_4b;a_5b
90,a_009,0,2,0.0,0,20000,20.288076400756836,a_002;a_005;a_006;a_007;a_011;a_1a;a_2b;a_3a;a_4b;a_5b
90,a_3b,0,2,0.0,0,20000,20.288076400756836,a_002;a_005;a_006;a_007;a_011;a_1a;a_2b;a_3a;a_4b;a_5b
90,a_4a,1,2,0.00395,79,20000,20.288076400756836,a_002;a_005;a_006;a_007;a_011;a_1a;a_2b;a_3a;a_4b;a_5b
91,a_002,1,2,0.0123,246,20000,16.289587020874023,a_003;a_005;a_006;a_007;a_009;a_010;a_2a;a_4a;a_5a
91,a_004,0,2,0.0002,4,20000,16.289587020874023,a_003;a_005;a_006;a_007;a_009;a_010;a_2a;a_4a;a_5a
91,a_012,1,2,0.00035,7,20000,16.289587020874023,a_003;a_005;a_006;a_007;a_009;a_010;a_2a;a_4a;a_5a
91,a_1a,0,2,0.00085,17,20000,16.289587020874023,a_003;a_005;a_006;a_007;a_009;a_010;a_2a;a_4a;a_5a
91,a_2b,0,2,0.0002,4,20000,16.289587020874023,a_003;a_005;a_006;a_007;a_009;a_010;a_2a;a_4a;a_5a
91,a_3b,0,2,0.00015,3,20000,16.289587020874023,a_003;a_005;a_006;a_007;a_009;a_010;a_2a;a_4a;a_5a
92,a_003,0,1,0.00055,11,20000,23.11444091796875,a_001;a_002;a_007;a_009;a_010;a_011;a_012;a_2a;a_2b;a_4a
92,a_004,0,1,0.0003,6,20000,23.11444091796875,a_001;a_002;a_007;a_009;a_010;a_011;a_012;a_2a;a_2b;a_4a
92,a_006,0,1,0.0,0,20000,23.11444091796875,a_001;a_002;a_007;a_009;a_010;a_011;a_012;a_2a;a_2b;a_4a
92,a_1a,0,1,0.0007,14,20000,23.11444091796875,a_001;a_002;a_007;a_009;a_010;a_011;a_012;a_2a;a_2b;a_4a
92,a_4b,1,1,0.00225,45,20000,23.11444091796875,a_001;a_002;a_007;a_009;a_010;a_011;a_012;a_2a;a_2b;a_4a
92,a_5b,1,1,0.01545,309,20000,23.11444091796875,a_001;a_002;a_007;a_009;a_010;a_011;a_012;a_2a;a_2b;a_4a
93,a_006,0,2,0.00425,85,20000,6.238559722900391,a_001;a_002;a_003;a_004;a_007;a_1a;a_2a;a_2b;a_4a;a_4b
93,a_009,0,2,0.00455,91,20000,6.238559722900391,a_001;a_002;a_003;a_004;a_007;a_1a;a_2a;a_2b;a_4a;a_4b
93,a_010,0,2,0.00315,63,20000,6.238559722900391,a_001;a_002;a_003;a_004;a_007;a_1a;a_2a;a_2b;a_4a;a_4b
93,a_012,1,2,5e-05,1,20000,6.238559722900391,a_001;a_002;a_003;a_004;a_007;a_1a;a_2a;a_2b;a_4a;a_4b
93,a_3a,0,2,0.00055,11,20000,6.238559722900391,a_001;a_002;a_003;a_004;a_007;a_1a;a_2a;a_2b;a_4a;a_4b
93,a_5a,1,2,0.0094,188,20000,6.238559722900391,a_001;a_002;a_003;a_004;a_007;a_1a;a_2a;a_2b;a_4a;a_4b
94,a_012,1,2,0.00135,27,20000,6.1340179443359375,a_001;a_002;a_003;a_004;a_005;a_006;a_007;a_009;a_3a
94,a_1a,0,2,0.00025,5,20000,6.1340179443359375,a_001;a_002;a_003;a_004;a_005;a_006;a_007;a_009;a_3a
94,a_2a,0,2,5e-05,1,20000,6.1340179443359375,a_001;a_002;a_003;a_004;a_005;a_006;a_007;a_009;a_3a
94,a_2b,0,2,0.0002,4,20000,6.1340179443359375,a_001;a_002;a_003;a_004;a_005;a_006;a_007;a_009;a_3a
94,a_3b,0,2,5e-05,1,20000,6.1340179443359375,a_001;a_002;a_003;a_004;a_005;a_006;a_007;a_009;a_3a
94,a_5a,1,2,0.00815,163,20000,6.1340179443359375,a_001;a_002;a_003;a_004;a_005;a_006;a_007;a_009;a_3a
95,a_004,0,2,0.00015,3,20000,34.40460968017578,a_002;a_003;a_006;a_007;a_010;a_012;a_3a;a_3b;a_4b
95,a_009,0,2,0.0,0,20000,34.40460968017578,a_002;a_003;a_006;a_007;a_010;a_012;a_3a;a_3b;a_4b
95,a_1a,0,2,0.001,20,20000,34.40460968017578,a_002;a_003;a_006;a_007;a_010;a_012;a_3a;a_3b;a_4b
95,a_2a,0,2,0.0004,8,20000,34.40460968017578,a_002;a_003;a_006;a_007;a_010;a_012;a_3a;a_3b;a_4b
95,a_4a,1,2,0.0058,116,20000,34.40460968017578,a_002;a_003;a_006;a_007;a_010;a_012;a_3a;a_3b;a_4b
95,a_5a,1,2,0.0112,224,20000,34.40460968017578,a_002;a_003;a_006;a_007;a_010;a_012;a_3a;a_3b;a_4b
96,a_004,0,1,0.0002,4,20000,22.789485931396484,a_001;a_002;a_003;a_009;a_1a;a_2b;a_4a;a_4b;a_5b
96,a_007,1,1,0.00015,3,20000,22.789485931396484,a_001;a_002;a_003;a_009;a_1a;a_2b;a_4a;a_4b;a_5b
96,a_010,0,1,5e-05,1,20000,22.789485931396484,a_001;a_002;a_003;a_009;a_1a;a_2b;a_4a;a_4b;a_5b
96,a_012,1,1,0.0005,10,20000,22.789485931396484,a_001;a_002;a_003;a_009;a_1a;a_2b;a_4a;a_4b;a_5b
96,a_2a,0,1,0.0006,12,20000,22.789485931396484,a_001;a_002;a_003;a_009;a_1a;a_2b;a_4a;a_4b;a_5b
96,a_3a,0,1,0.00015,3,20000,22.789485931396484,a_001;a_002;a_003;a_009;a_1a;a_2b;a_4a;a_4b;a_5b
97,a_001,1,1,0.0,0,20000,22.32509422302246,a_005;a_010;a_012;a_1a;a_2a;a_2b;a_4a;a_4b;a_5a
97,a_003,0,1,0.0006,12,20000,22.32509422302246,a_005;a_010;a_012;a_1a;a_2a;a_2b;a_4a;a_4b;a_5a
97,a_006,0,1,5e-05,1,20000,22.32509422302246,a_005;a_010;a_012;a_1a;a_2a;a_2b;a_4a;a_4b;a_5a
97,a_009,0,1,0.0,0,20000,22.32509422302246,a_005;a_010;a_012;a_1a;a_2a;a_2b;a_4a;a_4b;a_5a
97,a_3b,0,1,0.0,0,20000,22.32509422302246,a_005;a_010;a_012;a_1a;a_2a;a_2b;a_4a;a_4b;a_5a
97,a_5b,1,1,0.00325,65,20000,22.32509422302246,a_005;a_010;a_012;a_1a;a_2a;a_2b;a_4a;a_4b;a_5a
98,a_006,0,1,0.0,0,20000,15.528599739074707,a_001;a_002;a_003;a_004;a_009;a_2b;a_3a;a_4b;a_5b
98,a_011,0,1,0.0001,2,20000,15.528599739074707,a_001;a_002;a_003;a_004;a_009;a_2b;a_3a;a_4b;a_5b
98,a_1a,0,1,0.0009,18,20000,15.528599739074707,a_001;a_002;a_003;a_004;a_009;a_2b;a_3a;a_4b;a_5b
98,a_2a,0,1,0.0003,6,20000,15.528599739074707,a_001;a_002;a_003;a_004;a_009;a_2b;a_3a;a_4b;a_5b
98,a_4a,1,1,0.00635,127,20000,15.528599739074707,a_001;a_002;a_003;a_004;a_009;a_2b;a_3a;a_4b;a_5b
98,a_5a,1,1,0.0111,222,20000,15.528599739074707,a_001;a_002;a_003;a_004;a_009;a_2b;a_3a;a_4b;a_5b
99,a_003,0,3,0.00085,17,20000,13.29135799407959,a_001;a_002;a_005;a_009;a_010;a_011;a_012;a_2a;a_3a;a_4a
99,a_006,0,3,5e-05,1,20000,13.29135799407959,a_001;a_002;a_005;a_009;a_010;a_011;a_012;a_2a;a_3a;a_4a
99,a_007,1,3,0.0005,10,20000,13.29135799407959,a_001;a_002;a_005;a_009;a_010;a_011;a_012;a_2a;a_3a;a_4a
99,a_2b,0,3,0.00065,13,20000,13.29135799407959,a_001;a_002;a_005;a_009;a_010;a_011;a_012;a_2a;a_3a;a_4a
99,a_3b,0,3,0.00015,3,20000,13.29135799407959,a_001;a_002;a_005;a_009;a_010;a_011;a_012;a_2a;a_3a;a_4a
99,a_5b,1,3,0.01865,373,20000,13.29135799407959,a_001;a_002;a_005;a_009;a_010;a_011;a_012;a_2a;a_3a;a_4a
